time,actual_6h_rainfall,predicted_6h_rainfall
2024-10-19 14:00:00,0.0,0.05656572193360909
2024-10-19 15:00:00,0.0,0.02462839106582451
2024-10-19 16:00:00,0.0,0.0023884512525806003
2024-10-19 17:00:00,0.0,0.0006364783263370487
2024-10-19 18:00:00,0.0,0.001114073369016985
2024-10-19 19:00:00,0.0,0.003413812946341215
2024-10-19 20:00:00,0.0,0.005610992081988525
2024-10-19 21:00:00,0.0,0.0004910025119117059
2024-10-19 22:00:00,0.0,0.0013824143440539338
2024-10-19 23:00:00,0.0,0.0005057777485646627
2024-10-20 00:00:00,0.0,0.0005872145014437538
2024-10-20 01:00:00,0.0,0.005816211606499105
2024-10-20 02:00:00,0.0,0.0015524390713441611
2024-10-20 03:00:00,0.0,0.0006957709877917143
2024-10-20 04:00:00,0.0,0.004813048856889212
2024-10-20 05:00:00,0.0,0.00906560663711716
2024-10-20 06:00:00,0.0,0.001967321167767302
2024-10-20 07:00:00,0.0,0.0005332176432381634
2024-10-20 08:00:00,0.0,0.001060993201355578
2024-10-20 09:00:00,0.0,0.009216994988676655
2024-10-20 10:00:00,0.0,0.005963931033050882
2024-10-20 11:00:00,0.0,0.0004552290013041229
2024-10-20 12:00:00,0.0,0.004154425263524906
2024-10-20 13:00:00,0.0,0.03146886513051294
2024-10-20 14:00:00,0.0,0.028295550746170708
2024-10-20 15:00:00,0.0,0.03161359533780666
2024-10-20 16:00:00,0.0,0.11318524341774654
2024-10-20 17:00:00,0.0,0.004192670795431412
2024-10-20 18:00:00,0.0,0.002753221555265764
2024-10-20 19:00:00,0.0,0.0005019864345040979
2024-10-20 20:00:00,0.0,0.0004864676497457331
2024-10-20 21:00:00,0.0,0.0003458292497948899
2024-10-20 22:00:00,0.0,7.442638627622048e-05
2024-10-20 23:00:00,0.0,7.352545003121767e-05
2024-10-21 00:00:00,0.0,5.977602087692199e-05
2024-10-21 01:00:00,0.0,0.00039297249619787685
2024-10-21 02:00:00,0.0,0.0199376257646251
2024-10-21 03:00:00,0.0,0.0002606628256786322
2024-10-21 04:00:00,0.0,0.00024356740435012392
2024-10-21 05:00:00,0.0,0.00023816249223000132
2024-10-21 06:00:00,0.0,0.0019693318248809382
2024-10-21 07:00:00,0.0,9.019883580595723e-05
2024-10-21 08:00:00,0.0,0.004694371560396687
2024-10-21 09:00:00,0.0,0.003299295388764874
2024-10-21 10:00:00,0.0,0.006219001369766598
2024-10-21 11:00:00,0.0,0.0010339659128691975
2024-10-21 12:00:00,0.0,0.0021198895495193213
2024-10-21 13:00:00,0.0,0.009923195583419298
2024-10-21 14:00:00,0.0,0.004191616187155722
2024-10-21 15:00:00,0.0,0.0170284530554305
2024-10-21 16:00:00,0.0,0.0004914562380158514
2024-10-21 17:00:00,0.0,0.0029325411508442155
2024-10-21 18:00:00,0.0,0.007306481121724843
2024-10-21 19:00:00,0.0,0.006592747242773047
2024-10-21 20:00:00,0.0,0.00013258171748799545
2024-10-21 21:00:00,0.0,0.0004233750074481239
2024-10-21 22:00:00,0.0,0.0004181933171529253
2024-10-21 23:00:00,0.0,0.00029421848224213713
2024-10-22 00:00:00,0.0,0.0021008806285944936
2024-10-22 01:00:00,0.0,0.0003853236490099074
2024-10-22 02:00:00,0.0,0.0022222017862413147
2024-10-22 03:00:00,0.0,0.00027830915040660657
2024-10-22 04:00:00,0.0,0.0002729539218095586
2024-10-22 05:00:00,0.0,0.00027830915040660657
2024-10-22 06:00:00,0.0,0.0007834064732098753
2024-10-22 07:00:00,0.0,7.90736658614838e-05
2024-10-22 08:00:00,0.0,0.003909848073794352
2024-10-22 09:00:00,0.0,0.01130834707032218
2024-10-22 10:00:00,0.0,0.0008447732540489756
2024-10-22 11:00:00,0.0,0.0007325506207079331
2024-10-22 12:00:00,0.0,0.0023987683307918886
2024-10-22 13:00:00,0.0,0.0016787576860685675
2024-10-22 14:00:00,0.0,0.008092976168836979
2024-10-22 15:00:00,0.0,0.0017593564162605177
2024-10-22 16:00:00,0.0,0.003737395418515002
2024-10-22 17:00:00,0.0,0.008572995273491573
2024-10-22 18:00:00,0.0,0.0025804136734923714
2024-10-22 19:00:00,0.0,0.00033997832351566153
2024-10-22 20:00:00,0.0,0.00012361484347936768
2024-10-22 21:00:00,0.0,7.985670598543151e-05
2024-10-22 22:00:00,0.0,7.508142407666221e-05
2024-10-22 23:00:00,0.0,0.010030264908126854
2024-10-23 00:00:00,0.0,4.788920611721182e-05
2024-10-23 01:00:00,0.0,0.0007551980376191771
2024-10-23 02:00:00,0.0,0.0032158972844669787
2024-10-23 03:00:00,0.0,0.0032158972844669787
2024-10-23 04:00:00,0.0,0.00032991672099413357
2024-10-23 05:00:00,0.0,0.0021382298334612516
2024-10-23 06:00:00,0.0,0.02204346912013761
2024-10-23 07:00:00,0.0,9.838905421367295e-05
2024-10-23 08:00:00,0.0,0.0010880996442103753
2024-10-23 09:00:00,0.0,0.005934776334839873
2024-10-23 10:00:00,0.0,0.002093326795649236
2024-10-23 11:00:00,0.0,0.0022843104688073327
2024-10-23 12:00:00,0.0,0.004028194980124766
2024-10-23 13:00:00,0.0,0.003933137946901494
2024-10-23 14:00:00,0.0,0.0038176985624533105
2024-10-23 15:00:00,0.0,0.007784474253041047
2024-10-23 16:00:00,0.0,0.0024710497493850656
2024-10-23 17:00:00,0.0,0.001662202704851199
2024-10-23 18:00:00,0.0,0.0023202678637900182
2024-10-23 19:00:00,0.0,0.019419530099198067
2024-10-23 20:00:00,0.0,0.0002223334212701233
2024-10-23 21:00:00,0.0,0.0003160484777257562
2024-10-23 22:00:00,0.0,0.0001084094869149695
2024-10-23 23:00:00,0.0,9.580012966989289e-05
2024-10-24 00:00:00,0.0,8.247889001514378e-05
2024-10-24 01:00:00,0.0,0.00030708313483819246
2024-10-24 02:00:00,0.0,0.00020962325516774187
2024-10-24 03:00:00,0.0,0.0001991677628229156
2024-10-24 04:00:00,0.0,0.0001991677628229156
2024-10-24 05:00:00,0.0,0.0001991677628229156
2024-10-24 06:00:00,0.0,6.968059051532952e-05
2024-10-24 07:00:00,0.0,7.695916343458593e-05
2024-10-24 08:00:00,0.0,0.0002951464994827339
2024-10-24 09:00:00,0.0,0.0020403013812474867
2024-10-24 10:00:00,0.0,0.004073653891576121
2024-10-24 11:00:00,0.0,0.0004858671961130339
2024-10-24 12:00:00,0.0,0.004137236413638019
2024-10-24 13:00:00,0.0,0.015134704289076931
2024-10-24 14:00:00,0.0,0.012582338679698912
2024-10-24 15:00:00,0.0,0.012789348719893304
2024-10-24 16:00:00,0.0,0.0005954258632691695
2024-10-24 17:00:00,0.0,0.001147568677326625
2024-10-24 18:00:00,0.0,0.00046724887436473846
2024-10-24 19:00:00,0.0,0.00253885077861265
2024-10-24 20:00:00,0.0,0.00039661009883842425
2024-10-24 21:00:00,0.0,0.0002644194502372651
2024-10-24 22:00:00,0.0,0.00019642339957318038
2024-10-24 23:00:00,0.0,0.00018266731545951167
2024-10-25 00:00:00,0.0,0.0001742474258549964
2024-10-25 01:00:00,0.0,0.00021633699792024483
2024-10-25 02:00:00,0.0,0.0002307166318504164
2024-10-25 03:00:00,0.0,0.00018620500459490713
2024-10-25 04:00:00,0.0,0.00026604215820204004
2024-10-25 05:00:00,0.0,0.00033018455027691905
2024-10-25 06:00:00,0.0,0.0003437786049830775
2024-10-25 07:00:00,0.0,0.000474692143292906
2024-10-25 08:00:00,0.0,0.0008076855406442818
2024-10-25 09:00:00,0.0,0.0017630221903427899
2024-10-25 10:00:00,0.0,0.0021876426549942646
2024-10-25 11:00:00,0.0,0.000393993115652165
2024-10-25 12:00:00,0.0,0.00047548002346429975
2024-10-25 13:00:00,0.0,0.002248699976632617
2024-10-25 14:00:00,0.0,0.0005118359763097372
2024-10-25 15:00:00,0.0,0.00047737443784819913
2024-10-25 16:00:00,0.0,0.00043942779226939277
2024-10-25 17:00:00,0.0,0.0005170230559261033
2024-10-25 18:00:00,0.0,0.0005828053318360051
2024-10-25 19:00:00,0.0,0.001693597461164583
2024-10-25 20:00:00,0.0,0.0027477432085199834
2024-10-25 21:00:00,0.0,0.00020307768612261946
2024-10-25 22:00:00,0.0,0.00020307768612261946
2024-10-25 23:00:00,0.0,0.0001873722156946325
2024-10-26 00:00:00,0.0,0.00034119519630757233
2024-10-26 01:00:00,0.0,0.0003526819936283535
2024-10-26 02:00:00,0.0,0.0003146703389835554
2024-10-26 03:00:00,0.0,0.0002713087530470381
2024-10-26 04:00:00,0.0,0.0002687728387323238
2024-10-26 05:00:00,0.0,0.0002175369253581437
2024-10-26 06:00:00,0.0,0.0019408998616339541
2024-10-26 07:00:00,0.0,0.000762362626569192
2024-10-26 08:00:00,0.0,0.21261104389590857
2024-10-26 09:00:00,0.0,0.22630558543581797
2024-10-26 10:00:00,0.0,0.18134452080272503
2024-10-26 11:00:00,0.0,0.0057021457749069065
2024-10-26 12:00:00,0.0,0.008700559623872409
2024-10-26 13:00:00,0.0,0.003967585064380247
2024-10-26 14:00:00,0.0,0.008856048490417974
2024-10-26 15:00:00,0.0,0.001738187797237261
2024-10-26 16:00:00,0.0,0.0014050945924100721
2024-10-26 17:00:00,0.0,0.0006926877804984382
2024-10-26 18:00:00,0.0,0.008960684212277466
2024-10-26 19:00:00,0.0,0.0004987412623584041
2024-10-26 20:00:00,0.0,0.002914152206057067
2024-10-26 21:00:00,0.0,0.0006023620618494368
2024-10-26 22:00:00,0.0,0.0022363257321323503
2024-10-26 23:00:00,0.0,0.0019074719134028909
2024-10-27 00:00:00,0.0,0.016153954691875288
2024-10-27 01:00:00,0.0,0.0004971028007210826
2024-10-27 02:00:00,0.0,0.016144681007787303
2024-10-27 03:00:00,0.0,0.0009605332502313214
2024-10-27 04:00:00,0.0,0.835333448273952
2024-10-27 05:00:00,0.0,0.9163784055123849
2024-10-27 06:00:00,0.0,0.0007677847602575248
2024-10-27 07:00:00,0.0,0.0006313766544901268
2024-10-27 08:00:00,0.0,0.007487403103139422
2024-10-27 09:00:00,0.0,0.007731683556813323
2024-10-27 10:00:00,0.0,0.003211367071506742
2024-10-27 11:00:00,0.0,0.0175155696595748
2024-10-27 12:00:00,0.0,0.025857118773145005
2024-10-27 13:00:00,0.0,0.010542030836319658
2024-10-27 14:00:00,0.0,0.014474475029133427
2024-10-27 15:00:00,0.0,0.006033287831820092
2024-10-27 16:00:00,0.0,0.024155530272151653
2024-10-27 17:00:00,0.0,0.053889473424416655
2024-10-27 18:00:00,0.0,0.20338075757336044
2024-10-27 19:00:00,0.0,0.030923407969355287
2024-10-27 20:00:00,0.0,0.006287610455610211
2024-10-27 21:00:00,0.0,0.004523474044876518
2024-10-27 22:00:00,0.0,0.007427214768003162
2024-10-27 23:00:00,0.0,0.0008524894609221086
2024-10-28 00:00:00,0.0,0.0005650640540337186
2024-10-28 01:00:00,0.0,0.0020823460816406596
2024-10-28 02:00:00,0.0,0.002972682885571788
2024-10-28 03:00:00,0.0,0.00311687152498977
2024-10-28 04:00:00,0.0,0.003426323432701438
2024-10-28 05:00:00,0.0,0.012393608251483345
2024-10-28 06:00:00,0.0,0.04500905993521742
2024-10-28 07:00:00,0.0,0.0008525212233408882
2024-10-28 08:00:00,0.0,0.04081754967679821
2024-10-28 09:00:00,0.0,0.13694477200320018
2024-10-28 10:00:00,0.0,0.0032420414565978704
2024-10-28 11:00:00,0.0,0.002368684788842747
2024-10-28 12:00:00,0.0,0.0009978156419131144
2024-10-28 13:00:00,0.0,0.0010272189072710986
2024-10-28 14:00:00,0.0,0.032301084329075
2024-10-28 15:00:00,0.0,0.0004994509378715928
2024-10-28 16:00:00,0.0,0.000597551301818778
2024-10-28 17:00:00,0.0,0.0029431969590210136
2024-10-28 18:00:00,0.0,0.010862616924892137
2024-10-28 19:00:00,0.0,0.01105904444932154
2024-10-28 20:00:00,0.0,0.036899521139724244
2024-10-28 21:00:00,0.0,0.01677627696881088
2024-10-28 22:00:00,0.0,0.02175986414835731
2024-10-28 23:00:00,0.0,0.0018860120986351266
2024-10-29 00:00:00,0.0,0.004116162057180026
2024-10-29 01:00:00,0.0,0.0021449496520076355
2024-10-29 02:00:00,0.0,0.0028809311344689783
2024-10-29 03:00:00,0.0,0.004201886737005811
2024-10-29 04:00:00,0.0,0.4074631674988153
2024-10-29 05:00:00,0.0,0.0011305195468444753
2024-10-29 06:00:00,0.0,0.0007945185026176916
2024-10-29 07:00:00,0.0,0.0009783672820721596
2024-10-29 08:00:00,0.0,0.0009874114764001215
2024-10-29 09:00:00,0.0,0.0013377973255168814
2024-10-29 10:00:00,0.0,0.001819190390947376
2024-10-29 11:00:00,0.0,0.005399191889623127
2024-10-29 12:00:00,0.0,0.01909024170140072
2024-10-29 13:00:00,0.0,0.0046051080884229175
2024-10-29 14:00:00,0.0,0.01291478601195459
2024-10-29 15:00:00,0.0,0.007113195100411227
2024-10-29 16:00:00,0.0,0.004628779545554308
2024-10-29 17:00:00,0.0,0.0013214107111833929
2024-10-29 18:00:00,0.0,0.0015767689044973111
2024-10-29 19:00:00,0.0,0.0007264287265253097
2024-10-29 20:00:00,0.0,0.00455529160377511
2024-10-29 21:00:00,0.0,0.0008094022764094255
2024-10-29 22:00:00,0.0,0.04482620347518857
2024-10-29 23:00:00,0.0,0.0033351476786195
2024-10-30 00:00:00,0.0,0.0004645134552072635
2024-10-30 01:00:00,0.0,0.6131166694423739
2024-10-30 02:00:00,0.0,0.005163322640270954
2024-10-30 03:00:00,0.0,0.008516534354229045
2024-10-30 04:00:00,0.0,0.01023150893056274
2024-10-30 05:00:00,0.0,0.02861481719026264
2024-10-30 06:00:00,0.0,0.0011745977896329475
2024-10-30 07:00:00,0.0,0.001324041606463377
2024-10-30 08:00:00,0.0,0.0009889374281229128
2024-10-30 09:00:00,0.0,0.001838924072331284
2024-10-30 10:00:00,0.0,0.011115245206998373
2024-10-30 11:00:00,0.0,0.0029317633536253096
2024-10-30 12:00:00,0.0,0.18116128941893347
2024-10-30 13:00:00,0.0,0.050757669985954657
2024-10-30 14:00:00,0.0,0.0031712259267418
2024-10-30 15:00:00,0.0,0.0031265417084800607
2024-10-30 16:00:00,0.0,0.0004978297640506706
2024-10-30 17:00:00,0.0,0.0008493933388517458
2024-10-30 18:00:00,0.0,0.017002013788956386
2024-10-30 19:00:00,0.0,0.004782346326939561
2024-10-30 20:00:00,0.0,0.000485826704075323
2024-10-30 21:00:00,0.0,0.00664897033827883
2024-10-30 22:00:00,0.0,0.00045505109112972566
2024-10-30 23:00:00,0.0,0.00011131839811980615
2024-10-31 00:00:00,0.0,0.0010188682077717304
2024-10-31 01:00:00,0.0,0.000312881938482076
2024-10-31 02:00:00,0.0,0.0003334241755205179
2024-10-31 03:00:00,0.0,0.0004874049688513225
2024-10-31 04:00:00,0.0,0.0002726884882086849
2024-10-31 05:00:00,0.0,0.0002449367673710675
2024-10-31 06:00:00,0.0,7.819861119545538e-05
2024-10-31 07:00:00,0.0,7.80215804332579e-05
2024-10-31 08:00:00,0.0,0.0002951464994827339
2024-10-31 09:00:00,0.0,0.0011592558891288323
2024-10-31 10:00:00,0.0,0.0028689274428031534
2024-10-31 11:00:00,0.0,0.0012279307597314788
2024-10-31 12:00:00,0.0,0.0014767558547118
2024-10-31 13:00:00,0.0,0.009964458004393046
2024-10-31 14:00:00,0.0,0.009486172910325347
2024-10-31 15:00:00,0.0,0.009648415004127407
2024-10-31 16:00:00,0.0,0.00041877117360840496
2024-10-31 17:00:00,0.0,0.0004225149152501595
2024-10-31 18:00:00,0.0,0.00040593708086253595
2024-10-31 19:00:00,0.0,0.0018484174478404587
2024-10-31 20:00:00,0.0,0.00029792929449031354
2024-10-31 21:00:00,0.0,0.0002970578956522876
2024-10-31 22:00:00,0.0,0.0002994934446777524
2024-10-31 23:00:00,0.0,0.00039445830980127804
2024-11-01 00:00:00,0.0,0.00025986688364668586
2024-11-01 01:00:00,0.0,0.0002346383834431941
2024-11-01 02:00:00,0.0,0.0002144318026708898
2024-11-01 03:00:00,0.0,0.00021149786425204477
2024-11-01 04:00:00,0.0,0.00020141014495379927
2024-11-01 05:00:00,0.0,0.00021696240563458225
2024-11-01 06:00:00,0.0,0.0002439597633403356
2024-11-01 07:00:00,0.0,6.793386113501245e-05
2024-11-01 08:00:00,0.0,9.970227885347569e-05
2024-11-01 09:00:00,0.0,0.0005540653216007955
2024-11-01 10:00:00,0.0,0.0016929623874583119
2024-11-01 11:00:00,0.0,0.0011743721847170634
2024-11-01 12:00:00,0.0,0.0016802198358258852
2024-11-01 13:00:00,0.0,0.00023875579435663584
2024-11-01 14:00:00,0.0,0.00023735228558470603
2024-11-01 15:00:00,0.0,0.0005536511849108358
2024-11-01 16:00:00,0.0,0.0005236826700481845
2024-11-01 17:00:00,0.0,0.0002162376318830812
2024-11-01 18:00:00,0.0,0.00017753942613173916
2024-11-01 19:00:00,0.0,0.00029010431093008264
2024-11-01 20:00:00,0.0,9.351939511352738e-05
2024-11-01 21:00:00,0.0,6.584547466915343e-05
2024-11-01 22:00:00,0.0,5.761432300615686e-05
2024-11-01 23:00:00,0.0,6.091702643191849e-05
2024-11-02 00:00:00,0.0,4.2422799101019637e-05
2024-11-02 01:00:00,0.0,0.0012650737253624461
2024-11-02 02:00:00,0.0,6.507372536245705e-05
2024-11-02 03:00:00,0.0,8.818737558525905e-05
2024-11-02 04:00:00,0.0,8.157959490100354e-05
2024-11-02 05:00:00,0.0,0.03279523742983097
2024-11-02 06:00:00,0.0,0.023009771079405557
2024-11-02 07:00:00,0.0,0.034561056252847014
2024-11-02 08:00:00,0.0,0.06101250831497416
2024-11-02 09:00:00,0.0,0.07495695199998588
2024-11-02 10:00:00,0.0,0.07770087827216997
2024-11-02 11:00:00,0.0,0.0650476472491029
2024-11-02 12:00:00,0.0,0.039907918998946953
2024-11-02 13:00:00,0.0,0.0030575315938676565
2024-11-02 14:00:00,0.0,0.00028837772517304697
2024-11-02 15:00:00,0.0,0.00028837772517304697
2024-11-02 16:00:00,0.0,0.015438895371089868
2024-11-02 17:00:00,0.0,0.005579260073200906
2024-11-02 18:00:00,0.0,0.00044075884931740717
2024-11-02 19:00:00,0.0,6.326069997077472e-05
2024-11-02 20:00:00,0.0,6.362847301735549e-05
2024-11-02 21:00:00,0.0,6.326069997077472e-05
2024-11-02 22:00:00,0.0,6.333786841013244e-05
2024-11-02 23:00:00,0.0,6.040056419821934e-05
2024-11-03 00:00:00,0.0,4.4502914557005575e-05
2024-11-03 01:00:00,0.0,0.00144891477539873
2024-11-03 02:00:00,0.0,0.0014329549212510648
2024-11-03 03:00:00,0.0,0.0007300240829655732
2024-11-03 04:00:00,0.0,0.0007300240829655732
2024-11-03 05:00:00,0.0,0.0007300240829655732
2024-11-03 06:00:00,0.0,0.0009733523647923154
2024-11-03 07:00:00,0.0,0.006011317646656402
2024-11-03 08:00:00,0.0,0.0050982743930649355
2024-11-03 09:00:00,0.0,0.004425842599087615
2024-11-03 10:00:00,0.0,0.0161309155649847
2024-11-03 11:00:00,0.0,0.0019892450647734554
2024-11-03 12:00:00,0.0,0.001595375368641334
2024-11-03 13:00:00,0.0,0.003169718589983324
2024-11-03 14:00:00,0.0,0.006747380588681366
2024-11-03 15:00:00,0.0,0.00023065081239292428
2024-11-03 16:00:00,0.0,0.004078369431559582
2024-11-03 17:00:00,0.0,0.00018442429624071827
2024-11-03 18:00:00,0.0,9.428545350225038e-05
2024-11-03 19:00:00,0.0,6.326069997077472e-05
2024-11-03 20:00:00,0.0,6.693117644311712e-05
2024-11-03 21:00:00,0.0,0.0026022792597899893
2024-11-03 22:00:00,0.0,0.0010037560378661897
2024-11-03 23:00:00,0.0,0.0007794439685458868
2024-11-04 00:00:00,0.0,0.0013491491559180747
2024-11-04 01:00:00,0.0,0.00016726072153262943
2024-11-04 02:00:00,0.0,0.00016726072153262943
2024-11-04 03:00:00,0.0,0.0007534665562042057
2024-11-04 04:00:00,0.0,0.016037193137977124
2024-11-04 05:00:00,0.0,0.0013681046033891596
2024-11-04 06:00:00,0.0,0.0012720278401929911
2024-11-04 07:00:00,0.0,0.001255993523276334
2024-11-04 08:00:00,0.0,0.006512106786815365
2024-11-04 09:00:00,0.0,0.013941140950996623
2024-11-04 10:00:00,0.0,0.014809467747270124
2024-11-04 11:00:00,0.0,0.0094517921209556
2024-11-04 12:00:00,0.0,0.0004389163495909931
2024-11-04 13:00:00,0.0,0.0017445770749919805
2024-11-04 14:00:00,0.0,0.0003945874246265282
2024-11-04 15:00:00,0.0,0.0004956263436481301
2024-11-04 16:00:00,0.0,0.0014698855871557916
2024-11-04 17:00:00,0.0,0.0004534556459803413
2024-11-04 18:00:00,0.0,0.00010695194277724944
2024-11-04 19:00:00,0.0,7.267965689590337e-05
2024-11-04 20:00:00,0.0,0.0006238195685969273
2024-11-04 21:00:00,0.0,0.003437843482945571
2024-11-04 22:00:00,0.0,0.014676409117775418
2024-11-04 23:00:00,0.0,0.5042449879670813
2024-11-05 00:00:00,0.0,0.0007266221021983219
2024-11-05 01:00:00,0.0,7.42073820460783e-05
2024-11-05 02:00:00,0.0,0.05582983166785228
2024-11-05 03:00:00,0.0,0.055831985822724896
2024-11-05 04:00:00,0.0,0.05647708401349316
2024-11-05 05:00:00,0.0,0.05591013360950127
2024-11-05 06:00:00,0.0,1.3788194130118083
2024-11-05 07:00:00,0.0,1.3153073275748168
2024-11-05 08:00:00,0.0,0.6498717724628841
2024-11-05 09:00:00,0.0,0.014240108276283532
2024-11-05 10:00:00,0.0,0.0016117730323022051
2024-11-05 11:00:00,0.0,0.008952052290641685
2024-11-05 12:00:00,0.0,0.015201298219641552
2024-11-05 13:00:00,0.0,0.020891063092678835
2024-11-05 14:00:00,0.0,0.0004040616835645622
2024-11-05 15:00:00,0.0,0.026778067737647664
2024-11-05 16:00:00,0.0,0.00014438797782179315
2024-11-05 17:00:00,0.0,0.007746305777624417
2024-11-05 18:00:00,0.0,0.0004095067465077954
2024-11-05 19:00:00,0.0,0.02169925019234919
2024-11-05 20:00:00,0.0,0.0007450954794715422
2024-11-05 21:00:00,0.0,0.10607770424299727
2024-11-05 22:00:00,0.0,0.0902292871968329
2024-11-05 23:00:00,0.0,0.003930093915150662
2024-11-06 00:00:00,0.0,0.020474241172177485
2024-11-06 01:00:00,0.0,0.0010822054134671693
2024-11-06 02:00:00,0.0,0.000727350319137716
2024-11-06 03:00:00,0.0,0.0056637504527909405
2024-11-06 04:00:00,0.0,0.004960965849387777
2024-11-06 05:00:00,0.0,0.03162769642150078
2024-11-06 06:00:00,0.0,0.09058015448171758
2024-11-06 07:00:00,0.0,2.1789545288669165
2024-11-06 08:00:00,0.0,0.004972180163684234
2024-11-06 09:00:00,0.0,0.012935064058612477
2024-11-06 10:00:00,0.0,0.004141386737572083
2024-11-06 11:00:00,0.0,0.003578577845706881
2024-11-06 12:00:00,0.0,0.12725101012253498
2024-11-06 13:00:00,0.0,0.03975117532865765
2024-11-06 14:00:00,0.0,0.0364388164483085
2024-11-06 15:00:00,0.0,0.016791242724818908
2024-11-06 16:00:00,0.0,0.029543110826455707
2024-11-06 17:00:00,0.0,0.012578621150595772
2024-11-06 18:00:00,0.0,0.07398711328724328
2024-11-06 19:00:00,0.0,0.027862553482543254
2024-11-06 20:00:00,0.0,0.0023858480555259596
2024-11-06 21:00:00,0.0,0.0023858480555259596
2024-11-06 22:00:00,0.0,0.0025096801484375845
2024-11-06 23:00:00,0.0,0.007445633232524421
2024-11-07 00:00:00,0.0,0.006173649500812699
2024-11-07 01:00:00,0.0,0.008920454966743053
2024-11-07 02:00:00,0.0,0.006535111960322351
2024-11-07 03:00:00,0.0,0.000727350319137716
2024-11-07 04:00:00,0.0,0.7448567448480781
2024-11-07 05:00:00,0.0,0.09883125921224177
2024-11-07 06:00:00,0.0,0.8501541823977469
2024-11-07 07:00:00,0.0,0.7500141957718842
2024-11-07 08:00:00,0.0,0.005428755758514863
2024-11-07 09:00:00,0.0,0.0022726935642420755
2024-11-07 10:00:00,0.0,0.0056268565515558006
2024-11-07 11:00:00,0.0,0.04875589639173169
2024-11-07 12:00:00,0.0,0.06098530514138348
2024-11-07 13:00:00,0.0,0.07964705839441995
2024-11-07 14:00:00,0.0,0.050830215406686405
2024-11-07 15:00:00,0.0,0.0946327635857563
2024-11-07 16:00:00,0.0,0.02111240964928011
2024-11-07 17:00:00,0.0,0.0028085962578047116
2024-11-07 18:00:00,0.0,0.00014192959113805428
2024-11-07 19:00:00,0.0,0.00693598681018246
2024-11-07 20:00:00,0.0,0.0010243650204796934
2024-11-07 21:00:00,0.0,0.005334170716292136
2024-11-07 22:00:00,0.0,0.02087243653477294
2024-11-07 23:00:00,0.0,7.566358867047007e-05
2024-11-08 00:00:00,0.0,0.0030519575438716297
2024-11-08 01:00:00,0.0,0.21654165267771444
2024-11-08 02:00:00,0.0,0.2710964983345189
2024-11-08 03:00:00,0.0,0.8302797967296974
2024-11-08 04:00:00,0.0,0.8788567448480783
2024-11-08 05:00:00,0.0,0.2710964983345189
2024-11-08 06:00:00,0.0,0.9987166677281656
2024-11-08 07:00:00,0.0,1.0441123313411254
2024-11-08 08:00:00,0.0,0.006038846830350887
2024-11-08 09:00:00,0.0,0.0035132641742053306
2024-11-08 10:00:00,0.0,0.002808549505660545
2024-11-08 11:00:00,0.0,0.02069893723056692
2024-11-08 12:00:00,0.0,0.19149400735846137
2024-11-08 13:00:00,0.0,0.05876535013878811
2024-11-08 14:00:00,0.0,0.03581503952626619
2024-11-08 15:00:00,0.0,0.06617414997185976
2024-11-08 16:00:00,0.0,0.28784342668399643
2024-11-08 17:00:00,0.0,0.08207222950311803
2024-11-08 18:00:00,0.0,0.1255736718656847
2024-11-08 19:00:00,0.0,0.0006238195685969273
2024-11-08 20:00:00,0.0,0.01548487030863787
2024-11-08 21:00:00,0.0,0.013941675961562287
2024-11-08 22:00:00,0.0,7.566358867047007e-05
2024-11-08 23:00:00,0.0,0.0014627071576531377
2024-11-09 00:00:00,0.0,0.21650890037402282
2024-11-09 01:00:00,0.0,1.1186377714132414
2024-11-09 02:00:00,0.0,0.2614313819171634
2024-11-09 03:00:00,0.0,0.2710962764831305
2024-11-09 04:00:00,0.0,0.2711789384148071
2024-11-09 05:00:00,0.0,0.3267948405136965
2024-11-09 06:00:00,0.0,0.2735693508565069
2024-11-09 07:00:00,0.0,0.003482597487815481
2024-11-09 08:00:00,0.0,0.04066998929549331
2024-11-09 09:00:00,0.0,0.003545661168225477
2024-11-09 10:00:00,0.0,0.00419563766053411
2024-11-09 11:00:00,0.0,0.013757026987511956
2024-11-09 12:00:00,0.0,0.03926541378554212
2024-11-09 13:00:00,0.0,0.04383745381717628
2024-11-09 14:00:00,0.0,0.05978377828619401
2024-11-09 15:00:00,0.0,0.010740516734840442
2024-11-09 16:00:00,0.0,0.3223801928815081
2024-11-09 17:00:00,0.0,0.01078668842776742
2024-11-09 18:00:00,0.0,0.018428251100890525
2024-11-09 19:00:00,0.0,0.003132140693085069
2024-11-09 20:00:00,0.0,0.000293061921215398
2024-11-09 21:00:00,0.0,0.0007857488042993501
2024-11-09 22:00:00,0.0,0.0006835486015846581
2024-11-09 23:00:00,0.0,0.11694014578934055
2024-11-10 00:00:00,0.0,0.2617201699560741
2024-11-10 01:00:00,0.0,1.1580309994579578
2024-11-10 02:00:00,0.0,1.1579772385427687
2024-11-10 03:00:00,0.0,1.2656963687314053
2024-11-10 04:00:00,0.0,2.771933371085157
2024-11-10 05:00:00,0.0,2.910994180219504
2024-11-10 06:00:00,0.0,2.7118194790334633
2024-11-10 07:00:00,0.0,7.85998556517237e-05
2024-11-10 08:00:00,0.0,0.04086338321593474
2024-11-10 09:00:00,0.0,0.016249958844224536
2024-11-10 10:00:00,0.0,0.0034636109342784395
2024-11-10 11:00:00,0.0,0.007668705777581249
2024-11-10 12:00:00,0.0,0.002905717525410552
2024-11-10 13:00:00,0.0,0.061429697984179236
2024-11-10 14:00:00,0.0,0.056876250150381114
2024-11-10 15:00:00,0.0,0.09989115700511418
2024-11-10 16:00:00,0.0,0.0015202880822036257
2024-11-10 17:00:00,0.0,0.00271109467958213
2024-11-10 18:00:00,0.0,0.14102976032583525
2024-11-10 19:00:00,0.0,0.07846825354731439
2024-11-10 20:00:00,0.0,0.007764107063330663
2024-11-10 21:00:00,0.0,0.009520430683957333
2024-11-10 22:00:00,0.0,0.03777837282995841
2024-11-10 23:00:00,0.0,0.026462218181565668
2024-11-11 00:00:00,0.0,0.0030928263834322485
2024-11-11 01:00:00,0.0,1.1196227956548055
2024-11-11 02:00:00,0.0,1.2395199472414713
2024-11-11 03:00:00,0.0,0.2710986524893915
2024-11-11 04:00:00,0.0,0.2767321663102831
2024-11-11 05:00:00,0.0,0.46861899262248785
2024-11-11 06:00:00,0.0,0.2735619254988093
2024-11-11 07:00:00,0.0,0.051578664226062935
2024-11-11 08:00:00,0.0,0.03064434352277013
2024-11-11 09:00:00,0.0,0.00988752849945269
2024-11-11 10:00:00,0.0,0.0032191877834014558
2024-11-11 11:00:00,0.0,0.11964061816177647
2024-11-11 12:00:00,0.0,0.015290229101303692
2024-11-11 13:00:00,0.0,0.3052241798178104
2024-11-11 14:00:00,0.0,0.04937627580480089
2024-11-11 15:00:00,0.0,0.00017875010596649787
2024-11-11 16:00:00,0.0,0.0014708115130817173
2024-11-11 17:00:00,0.0,0.00023898854215406636
2024-11-11 18:00:00,0.0,0.0007153149601718733
2024-11-11 19:00:00,0.0,0.000293061921215398
2024-11-11 20:00:00,0.0,0.007159401830799763
2024-11-11 21:00:00,0.0,0.0007594018307997774
2024-11-11 22:00:00,0.0,0.2310586562174992
2024-11-11 23:00:00,0.0,6.617480557076855e-05
2024-11-12 00:00:00,0.0,4.3857511979053876e-05
2024-11-12 01:00:00,0.0,7.42073820460783e-05
2024-11-12 02:00:00,0.0,0.2614545085120908
2024-11-12 03:00:00,0.0,0.0026564774808646484
2024-11-12 04:00:00,0.0,0.02550095888155595
2024-11-12 05:00:00,0.0,1.1580791123555925
2024-11-12 06:00:00,0.0,1.1950396841720086
2024-11-12 07:00:00,0.0,0.08189532394344083
2024-11-12 08:00:00,0.0,0.00013800962770570927
2024-11-12 09:00:00,0.0,0.009211166314412912
2024-11-12 10:00:00,0.0,0.00699321768461363
2024-11-12 11:00:00,0.0,0.009541251896588509
2024-11-12 12:00:00,0.0,0.0076048558580124655
2024-11-12 13:00:00,0.0,0.0003025285680360818
2024-11-12 14:00:00,0.0,0.00028530781006910814
2024-11-12 15:00:00,0.0,0.0002218420480701199
2024-11-12 16:00:00,0.0,0.0015099674792701326
2024-11-12 17:00:00,0.0,0.0010053426360846294
2024-11-12 18:00:00,0.0,0.009537860973286778
2024-11-12 19:00:00,0.0,0.033852016987049025
2024-11-12 20:00:00,0.0,7.185962468035206e-05
2024-11-12 21:00:00,0.0,6.362847301735549e-05
2024-11-12 22:00:00,0.0,6.280844080180418e-05
2024-11-12 23:00:00,0.0,6.537520239767259e-05
2024-11-13 00:00:00,0.0,4.3117443053110815e-05
2024-11-13 01:00:00,0.0,6.140324889011464e-05
2024-11-13 02:00:00,0.0,8.157959490100354e-05
2024-11-13 03:00:00,0.0,8.157959490100354e-05
2024-11-13 04:00:00,0.0,8.157959490100354e-05
2024-11-13 05:00:00,0.0,0.00010430994756784895
2024-11-13 06:00:00,0.0,0.2165395145390752
2024-11-13 07:00:00,0.0,0.2165395145390752
2024-11-13 08:00:00,0.0,0.030593839865789438
2024-11-13 09:00:00,0.0,0.014142677568885608
2024-11-13 10:00:00,0.0,0.010751920183441689
2024-11-13 11:00:00,0.0,0.0002767293033603692
2024-11-13 12:00:00,0.0,0.00021955762932630016
2024-11-13 13:00:00,0.0,0.00023086475326018448
2024-11-13 14:00:00,0.0,0.0002966914288820679
2024-11-13 15:00:00,0.0,0.0004100058535655577
2024-11-13 16:00:00,0.0,0.0004206463006188375
2024-11-13 17:00:00,0.0,0.0005006223474099967
2024-11-13 18:00:00,0.0,0.0009266777159094903
2024-11-13 19:00:00,0.0,0.001467045829223393
2024-11-13 20:00:00,0.0,0.0014263076640957724
2024-11-13 21:00:00,0.0,0.020150452299147012
2024-11-13 22:00:00,0.0,0.0009488717721895061
2024-11-13 23:00:00,0.0,0.0009032692396969398
2024-11-14 00:00:00,0.0,4.146397438026361e-05
2024-11-14 01:00:00,0.0,6.459347295759295e-05
2024-11-14 02:00:00,0.0,7.274372059113802e-05
2024-11-14 03:00:00,0.0,0.06687794601211394
2024-11-14 04:00:00,0.0,0.06643221475150239
2024-11-14 05:00:00,0.0,0.09778801113690314
2024-11-14 06:00:00,0.0,0.24576389504235335
2024-11-14 07:00:00,0.0,0.9709521399068274
2024-11-14 08:00:00,0.0,2.562630815241118
2024-11-14 09:00:00,0.0,0.027097725609917446
2024-11-14 10:00:00,0.0,0.0034973386639213636
2024-11-14 11:00:00,0.0,0.0007769435910634389
2024-11-14 12:00:00,0.0,0.0014358090247145446
2024-11-14 13:00:00,0.0,0.0002228363178508901
2024-11-14 14:00:00,0.0,0.00020646683686056564
2024-11-14 15:00:00,0.0,0.00020318814833597567
2024-11-14 16:00:00,0.0,0.005723345490176649
2024-11-14 17:00:00,0.0,0.000164447517999008
2024-11-14 18:00:00,0.0,0.0019943292762304482
2024-11-14 19:00:00,0.0,0.0022717760847410845
2024-11-14 20:00:00,0.0,0.0014808398733295583
2024-11-14 21:00:00,0.0,0.014600380033502088
2024-11-14 22:00:00,0.0,0.02477365336171867
2024-11-14 23:00:00,0.0,0.03055929620654838
2024-11-15 00:00:00,0.0,0.003237685357199328
2024-11-15 01:00:00,0.0,7.274372059113802e-05
2024-11-15 02:00:00,0.0,0.00024609721755036886
2024-11-15 03:00:00,0.0,0.06642028707952129
2024-11-15 04:00:00,0.0,0.33828189014915105
2024-11-15 05:00:00,0.0,0.0001918707767681531
2024-11-15 06:00:00,0.0,6.9609816463985e-05
2024-11-15 07:00:00,0.0,7.206924340682587e-05
2024-11-15 08:00:00,0.0,0.001418407319800918
2024-11-15 09:00:00,0.0,0.0015311064250603588
2024-11-15 10:00:00,0.0,0.00026385050360493417
2024-11-15 11:00:00,0.0,0.0002022040697750351
2024-11-15 12:00:00,0.0,0.00020419648196650888
2024-11-15 13:00:00,0.0,0.00021379915445117524
2024-11-15 14:00:00,0.0,0.0026418116819627514
2024-11-15 15:00:00,0.0,0.00018782700097618441
2024-11-15 16:00:00,0.0,0.00018350357754257828
2024-11-15 17:00:00,0.0,0.00016521047525212137
2024-11-15 18:00:00,0.0,0.00013370166662521826
2024-11-15 19:00:00,0.0,6.326069997077472e-05
2024-11-15 20:00:00,0.0,6.326069997077472e-05
2024-11-15 21:00:00,0.0,6.326069997077472e-05
2024-11-15 22:00:00,0.0,5.673008772587693e-05
2024-11-15 23:00:00,0.0,5.673008772587693e-05
2024-11-16 00:00:00,0.0,4.205502605443885e-05
2024-11-16 01:00:00,0.0,6.034083189144268e-05
2024-11-16 02:00:00,0.0,6.314997827043172e-05
2024-11-16 03:00:00,0.0,6.868894895988926e-05
2024-11-16 04:00:00,0.0,7.274372059113802e-05
2024-11-16 05:00:00,0.0,6.978554973633432e-05
2024-11-16 06:00:00,0.0,7.198582272498084e-05
2024-11-16 07:00:00,0.0,7.254535221678517e-05
2024-11-16 08:00:00,0.0,6.163530210278922e-05
2024-11-16 09:00:00,0.0,6.687144413634047e-05
2024-11-16 10:00:00,0.0,0.000693555853992385
2024-11-16 11:00:00,0.0,0.00018263760855133598
2024-11-16 12:00:00,0.0,0.0011579303603483145
2024-11-16 13:00:00,0.0,0.00021130794193511158
2024-11-16 14:00:00,0.0,0.010750158168462668
2024-11-16 15:00:00,0.0,0.01045416057607292
2024-11-16 16:00:00,0.0,0.007037819268539168
2024-11-16 17:00:00,0.0,0.011067856174347813
2024-11-16 18:00:00,0.0,0.14172768968771574
2024-11-16 19:00:00,0.0,6.629773383812395e-05
2024-11-16 20:00:00,0.0,9.79180745583855e-05
2024-11-16 21:00:00,0.0,6.326069997077472e-05
2024-11-16 22:00:00,0.0,5.673008772587693e-05
2024-11-16 23:00:00,0.0,5.673008772587693e-05
2024-11-17 00:00:00,0.0,4.2422799101019637e-05
2024-11-17 01:00:00,0.0,5.988857272247214e-05
2024-11-17 02:00:00,0.0,6.459347295759295e-05
2024-11-17 03:00:00,0.0,0.00025109252070931997
2024-11-17 04:00:00,0.0,0.00017183061542899752
2024-11-17 05:00:00,0.0,7.216155599733017e-05
2024-11-17 06:00:00,0.0,7.041383244616498e-05
2024-11-17 07:00:00,0.0,7.170147036024511e-05
2024-11-17 08:00:00,0.0,6.459347295759295e-05
2024-11-17 09:00:00,0.0,0.008095731448545385
2024-11-17 10:00:00,0.0,0.00023409384060406134
2024-11-17 11:00:00,0.0,0.00018263760855133598
2024-11-17 12:00:00,0.0,0.00019112570691139476
2024-11-17 13:00:00,0.0,0.10977905056901174
2024-11-17 14:00:00,0.0,0.03308023368433495
2024-11-17 15:00:00,0.0,0.0008588609843592463
2024-11-17 16:00:00,0.0,0.000236696679456289
2024-11-17 17:00:00,0.0,0.022450983753776473
2024-11-17 18:00:00,0.0,0.10364385415441045
2024-11-17 19:00:00,0.0,6.362847301735549e-05
2024-11-17 20:00:00,0.0,5.673008772587693e-05
2024-11-17 21:00:00,0.0,5.673008772587693e-05
2024-11-17 22:00:00,0.0,5.673008772587693e-05
2024-11-17 23:00:00,0.0,5.673008772587693e-05
2024-11-18 00:00:00,0.0,4.205502605443885e-05
2024-11-18 01:00:00,0.0,6.034083189144268e-05
2024-11-18 02:00:00,0.0,6.034083189144268e-05
2024-11-18 03:00:00,0.0,6.245533431834055e-05
2024-11-18 04:00:00,0.0,6.84465641767686e-05
2024-11-18 05:00:00,0.0,6.978554973633432e-05
2024-11-18 06:00:00,0.0,0.00015227174814060656
2024-11-18 07:00:00,0.0,0.027397415695916402
2024-11-18 08:00:00,0.0,2.1702123707550207
2024-11-18 09:00:00,0.0,0.3794108760083658
2024-11-18 10:00:00,0.0,0.010172675507029657
2024-11-18 11:00:00,0.0,0.0018786280744865554
2024-11-18 12:00:00,0.0,0.00018741395817999866
2024-11-18 13:00:00,0.0,0.00018896799756031035
2024-11-18 14:00:00,0.0,0.00017668814915508993
2024-11-18 15:00:00,0.0,0.00016451583130003023
2024-11-18 16:00:00,0.0,0.00011613830307058735
2024-11-18 17:00:00,0.0,0.0006338376074553896
2024-11-18 18:00:00,0.0,0.0005358156851289636
2024-11-18 19:00:00,0.0,0.0017800181566195422
2024-11-18 20:00:00,0.0,0.002797155200065093
2024-11-18 21:00:00,0.0,0.00035446904903792004
2024-11-18 22:00:00,0.0,0.0003462131763794126
2024-11-18 23:00:00,0.0,0.000168601026304869
2024-11-19 00:00:00,0.0,4.160276688546832e-05
2024-11-19 01:00:00,0.0,6.245533431834055e-05
2024-11-19 02:00:00,0.0,6.245533431834055e-05
2024-11-19 03:00:00,0.0,7.0584702816021e-05
2024-11-19 04:00:00,0.0,0.00012165523361860146
2024-11-19 05:00:00,0.0,0.00020916727631825152
2024-11-19 06:00:00,0.0,0.00034723413717115397
2024-11-19 07:00:00,0.0,0.0003269712488219548
2024-11-19 08:00:00,0.0,0.0005976112035033578
2024-11-19 09:00:00,0.0,0.004857658644757892
2024-11-19 10:00:00,0.0,0.0049581050225004355
2024-11-19 11:00:00,0.0,0.002213833714558259
2024-11-19 12:00:00,0.0,0.0002936552231196447
2024-11-19 13:00:00,0.0,0.00016414805825344943
2024-11-19 14:00:00,0.0,0.00016414805825344943
2024-11-19 15:00:00,0.0,0.0001407936803542317
2024-11-19 16:00:00,0.0,7.055037490427422e-05
2024-11-19 17:00:00,0.0,0.0012209359121743801
2024-11-19 18:00:00,0.0,0.0005070467887643458
2024-11-19 19:00:00,0.0,0.00025149844231355043
2024-11-19 20:00:00,0.0,0.000384805154346687
2024-11-19 21:00:00,0.0,6.098272879202721e-05
2024-11-19 22:00:00,0.0,0.015399714132203084
2024-11-19 23:00:00,0.0,0.019573421541236653
2024-11-20 00:00:00,0.0,4.160276688546832e-05
2024-11-20 01:00:00,0.0,5.988857272247214e-05
2024-11-20 02:00:00,0.0,6.070860493802346e-05
2024-11-20 03:00:00,0.0,6.070860493802346e-05
2024-11-20 04:00:00,0.0,6.070860493802346e-05
2024-11-20 05:00:00,0.0,6.034083189144268e-05
2024-11-20 06:00:00,0.0,7.060558195188561e-05
2024-11-20 07:00:00,0.0,6.245533431834055e-05
2024-11-20 08:00:00,0.0,0.0014006356556313104
2024-11-20 09:00:00,0.0,0.0002406757393973708
2024-11-20 10:00:00,0.0,0.0008556568884714347
2024-11-20 11:00:00,0.0,0.002225633646770777
2024-11-20 12:00:00,0.0,0.0001865626812033495
2024-11-20 13:00:00,0.0,0.00018774894753708035
2024-11-20 14:00:00,0.0,0.00018774894753708035
2024-11-20 15:00:00,0.0,0.00027531118107084547
2024-11-20 16:00:00,0.0,0.004161033577353286
2024-11-20 17:00:00,0.0,0.0002236701475061151
2024-11-20 18:00:00,0.0,0.000957390950995168
2024-11-20 19:00:00,0.0,0.000362380346258684
2024-11-20 20:00:00,0.0,0.00016087169064174254
2024-11-20 21:00:00,0.0,0.0021703376803465235
2024-11-20 22:00:00,0.0,0.002008169649051006
2024-11-20 23:00:00,0.0,0.003671412235518422
2024-11-21 00:00:00,0.0,4.416952848133672e-05
2024-11-21 01:00:00,0.0,6.459347295759295e-05
2024-11-21 02:00:00,0.0,5.988857272247214e-05
2024-11-21 03:00:00,0.0,6.459347295759295e-05
2024-11-21 04:00:00,0.0,6.163530210278922e-05
2024-11-21 05:00:00,0.0,6.163530210278922e-05
2024-11-21 06:00:00,0.0,7.124921119127457e-05
2024-11-21 07:00:00,0.0,7.274372059113802e-05
2024-11-21 08:00:00,0.0,0.001845698260708367
2024-11-21 09:00:00,0.0,0.0006305111458214379
2024-11-21 10:00:00,0.0,0.0008688119120028909
2024-11-21 11:00:00,0.0,6.945621883471918e-05
2024-11-21 12:00:00,0.0,0.0001407936803542317
2024-11-21 13:00:00,0.0,0.00016414805825344943
2024-11-21 14:00:00,0.0,0.00016414805825344943
2024-11-21 15:00:00,0.0,0.0001865626812033495
2024-11-21 16:00:00,0.0,0.009602380728786082
2024-11-21 17:00:00,0.0,0.0005374003253722695
2024-11-21 18:00:00,0.0,0.0004132049477406903
2024-11-21 19:00:00,0.0,0.0004557871644718888
2024-11-21 20:00:00,0.0,0.0037247150001107443
2024-11-21 21:00:00,0.0,0.0015177651376869154
2024-11-21 22:00:00,0.0,0.020592086134690768
2024-11-21 23:00:00,0.0,0.0007560971075605206
2024-11-22 00:00:00,0.0,0.00010243563861958036
2024-11-22 01:00:00,0.0,6.459347295759295e-05
2024-11-22 02:00:00,0.0,5.988857272247214e-05
2024-11-22 03:00:00,0.0,6.694861257569818e-05
2024-11-22 04:00:00,0.0,0.0001976980802568427
2024-11-22 05:00:00,0.0,0.0006267911766553121
2024-11-22 06:00:00,0.0,0.00023210608826924092
2024-11-22 07:00:00,0.0,0.0009300233204516271
2024-11-22 08:00:00,0.0,0.0006481589509090584
2024-11-22 09:00:00,0.0,0.0002406757393973708
2024-11-22 10:00:00,0.0,0.0013213300367024205
2024-11-22 11:00:00,0.0,0.0007471127542634041
2024-11-22 12:00:00,0.0,0.0002042802190859645
2024-11-22 13:00:00,0.0,0.00016414805825344943
2024-11-22 14:00:00,0.0,0.00018774894753708035
2024-11-22 15:00:00,0.0,0.00016414805825344943
2024-11-22 16:00:00,0.0,8.552231380844791e-05
2024-11-22 17:00:00,0.0,0.00025840709054008183
2024-11-22 18:00:00,0.0,0.012282676295022537
2024-11-22 19:00:00,0.0,0.00020042824429592095
2024-11-22 20:00:00,0.0,0.031033297132445715
2024-11-22 21:00:00,0.0,0.0015298173271091494
2024-11-22 22:00:00,0.0,0.023611263444525257
2024-11-22 23:00:00,0.0,0.04405888624480914
2024-11-23 00:00:00,0.0,0.0029200545253565977
2024-11-23 01:00:00,0.0,0.0031451759082016103
2024-11-23 02:00:00,0.0,0.0006267911766553121
2024-11-23 03:00:00,0.0,0.0006267911766553121
2024-11-23 04:00:00,0.0,0.0004273711591714243
2024-11-23 05:00:00,0.0,0.014098920417152562
2024-11-23 06:00:00,0.0,0.09227909407063853
2024-11-23 07:00:00,0.0,7.124921119127457e-05
2024-11-23 08:00:00,0.0,0.0009132633328517819
2024-11-23 09:00:00,0.0,0.0002583227982208999
2024-11-23 10:00:00,0.0,0.0010139550416771474
2024-11-23 11:00:00,0.0,0.0006449100422772997
2024-11-23 12:00:00,0.0,0.0003427683254672096
2024-11-23 13:00:00,0.0,0.0002311550188502542
2024-11-23 14:00:00,0.0,0.00024359304123302774
2024-11-23 15:00:00,0.0,0.00029975771851337125
2024-11-23 16:00:00,0.0,0.00020409649934073303
2024-11-23 17:00:00,0.0,0.00813576962928584
2024-11-23 18:00:00,0.0,0.00034278148599750657
2024-11-23 19:00:00,0.0,0.00048431620346420825
2024-11-23 20:00:00,0.0,0.0024550813049131035
2024-11-23 21:00:00,0.0,0.02331729752246116
2024-11-23 22:00:00,0.0,0.026402558602622674
2024-11-23 23:00:00,0.0,0.024358695728989316
2024-11-24 00:00:00,0.0,0.0004954351984070422
2024-11-24 01:00:00,0.0,0.026291195211789558
2024-11-24 02:00:00,0.0,0.1153418647130029
2024-11-24 03:00:00,0.0,0.007673102419782908
2024-11-24 04:00:00,0.0,0.0001976980802568427
2024-11-24 05:00:00,0.0,0.004015443487190297
2024-11-24 06:00:00,0.0,0.0018434245061661177
2024-11-24 07:00:00,0.0,0.0002945568367178393
2024-11-24 08:00:00,0.0,0.0004170414565838793
2024-11-24 09:00:00,0.0,0.00032161194539731124
2024-11-24 10:00:00,0.0,0.0005163347188563745
2024-11-24 11:00:00,0.0,0.007394605600896278
2024-11-24 12:00:00,0.0,0.0003866511841560762
2024-11-24 13:00:00,0.0,0.001153988050886355
2024-11-24 14:00:00,0.0,0.014519643166573535
2024-11-24 15:00:00,0.0,0.016377889522480808
2024-11-24 16:00:00,0.0,0.0007189147533107857
2024-11-24 17:00:00,0.0,0.0019057014508512054
2024-11-24 18:00:00,0.0,5.679429079060554e-05
2024-11-24 19:00:00,0.0,5.7246549959576076e-05
2024-11-24 20:00:00,0.0,5.7246549959576076e-05
2024-11-24 21:00:00,0.0,5.673008772587693e-05
2024-11-24 22:00:00,0.0,5.673008772587693e-05
2024-11-24 23:00:00,0.0,5.673008772587693e-05
2024-11-25 00:00:00,0.0,4.205502605443885e-05
2024-11-25 01:00:00,0.0,5.988857272247214e-05
2024-11-25 02:00:00,0.0,6.459347295759295e-05
2024-11-25 03:00:00,0.0,5.988857272247214e-05
2024-11-25 04:00:00,0.0,6.84465641767686e-05
2024-11-25 05:00:00,0.0,7.060558195188561e-05
2024-11-25 06:00:00,0.0,7.124921119127457e-05
2024-11-25 07:00:00,0.0,7.206924340682587e-05
2024-11-25 08:00:00,0.0,0.0004389930085474851
2024-11-25 09:00:00,0.0,0.0003415259220525778
2024-11-25 10:00:00,0.0,0.002889296748518642
2024-11-25 11:00:00,0.0,0.002840547327802716
2024-11-25 12:00:00,0.0,0.0001420127303774617
2024-11-25 13:00:00,0.0,0.00016414805825344943
2024-11-25 14:00:00,0.0,0.00018774894753708035
2024-11-25 15:00:00,0.0,0.00016414805825344943
2024-11-25 16:00:00,0.0,0.00012559774649300914
2024-11-25 17:00:00,0.0,5.7246549959576076e-05
2024-11-25 18:00:00,0.0,6.326069997077472e-05
2024-11-25 19:00:00,0.0,5.673008772587693e-05
2024-11-25 20:00:00,0.0,5.673008772587693e-05
2024-11-25 21:00:00,0.0,5.673008772587693e-05
2024-11-25 22:00:00,0.0,5.673008772587693e-05
2024-11-25 23:00:00,0.0,5.673008772587693e-05
2024-11-26 00:00:00,0.0,4.205502605443885e-05
2024-11-26 01:00:00,0.0,6.034083189144268e-05
2024-11-26 02:00:00,0.0,0.0001858723099851804
2024-11-26 03:00:00,0.0,0.0001858723099851804
2024-11-26 04:00:00,0.0,6.163530210278922e-05
2024-11-26 05:00:00,0.0,6.84465641767686e-05
2024-11-26 06:00:00,0.0,7.060558195188561e-05
2024-11-26 07:00:00,0.0,6.978554973633432e-05
2024-11-26 08:00:00,0.0,0.0003501310458412445
2024-11-26 09:00:00,0.0,0.0003819111696799618
2024-11-26 10:00:00,0.0,0.0006864812170070002
2024-11-26 11:00:00,0.0,0.0006568043631085545
2024-11-26 12:00:00,0.0,8.634234602399922e-05
2024-11-26 13:00:00,0.0,0.00027886209326040754
2024-11-26 14:00:00,0.0,0.0001407936803542317
2024-11-26 15:00:00,0.0,9.410374578155724e-05
2024-11-26 16:00:00,0.0,0.00013743132001595786
2024-11-26 17:00:00,0.0,5.7246549959576076e-05
2024-11-26 18:00:00,0.0,5.673008772587693e-05
2024-11-26 19:00:00,0.0,5.673008772587693e-05
2024-11-26 20:00:00,0.0,5.673008772587693e-05
2024-11-26 21:00:00,0.0,5.673008772587693e-05
2024-11-26 22:00:00,0.0,5.673008772587693e-05
2024-11-26 23:00:00,0.0,5.673008772587693e-05
2024-11-27 00:00:00,0.0,4.205502605443885e-05
2024-11-27 01:00:00,0.0,6.070860493802346e-05
2024-11-27 02:00:00,0.0,0.00021339847392417216
2024-11-27 03:00:00,0.0,0.00020543982125792521
2024-11-27 04:00:00,0.0,0.002017261774754233
2024-11-27 05:00:00,0.0,0.001483928441420903
2024-11-27 06:00:00,0.0,0.0004086286331205697
2024-11-27 07:00:00,0.0,0.00752778383514749
2024-11-27 08:00:00,0.0,0.00028335467387082463
2024-11-27 09:00:00,0.0,0.0002406757393973708
2024-11-27 10:00:00,0.0,0.0005959237765299487
2024-11-27 11:00:00,0.0,0.0006201669365342751
2024-11-27 12:00:00,0.0,0.0005482970384748011
2024-11-27 13:00:00,0.0,9.547680379688751e-05
2024-11-27 14:00:00,0.0,0.00027886209326040754
2024-11-27 15:00:00,0.0,0.00012559774649300914
2024-11-27 16:00:00,0.0,5.679429079060554e-05
2024-11-27 17:00:00,0.0,0.0009920837544031306
2024-11-27 18:00:00,0.0,5.673008772587693e-05
2024-11-27 19:00:00,0.0,5.709786077245771e-05
2024-11-27 20:00:00,0.0,6.040056419821934e-05
2024-11-27 21:00:00,0.0,0.0003352601790215769
2024-11-27 22:00:00,0.0,0.002488895975756367
2024-11-27 23:00:00,0.0,0.00022999882717141792
2024-11-28 00:00:00,0.0,0.0034604059719706977
2024-11-28 01:00:00,0.0,0.005688088173453118
2024-11-28 02:00:00,0.0,0.0005671272243196695
2024-11-28 03:00:00,0.0,0.004104786156912281
2024-11-28 04:00:00,0.0,0.0002990548963007662
2024-11-28 05:00:00,0.0,0.0003466224638683334
2024-11-28 06:00:00,0.0,0.016192283661951377
2024-11-28 07:00:00,0.0,0.008976929810771974
2024-11-28 08:00:00,0.0,0.05648125669732384
2024-11-28 09:00:00,0.0,0.05097335804088905
2024-11-28 10:00:00,0.0,0.0008088671637376372
2024-11-28 11:00:00,0.0,0.0001101295719484281
2024-11-28 12:00:00,0.0,0.0003427683254672096
2024-11-28 13:00:00,0.0,0.0003024925894011215
2024-11-28 14:00:00,0.0,0.00029010431093008264
2024-11-28 15:00:00,0.0,9.447151882813801e-05
2024-11-28 16:00:00,0.0,7.416360899434675e-05
2024-11-28 17:00:00,0.0,0.0005150503790261857
2024-11-28 18:00:00,0.0,0.00020452408825739283
2024-11-28 19:00:00,0.0,0.0003744090481872488
2024-11-28 20:00:00,0.0,0.00034365947103411244
2024-11-28 21:00:00,0.0,6.040056419821934e-05
2024-11-28 22:00:00,0.0,0.0003057528527191014
2024-11-28 23:00:00,0.0,0.0008286323552403911
2024-11-29 00:00:00,0.0,0.018003690599040625
2024-11-29 01:00:00,0.0,0.055216135645775925
2024-11-29 02:00:00,0.0,1.0934758682284136
2024-11-29 03:00:00,0.0,0.6843425348950811
2024-11-29 04:00:00,0.0,0.004740849788266068
2024-11-29 05:00:00,0.0,0.06147418312159941
2024-11-29 06:00:00,0.0,0.00023710320682070372
2024-11-29 07:00:00,0.0,0.0006341712412577434
2024-11-29 08:00:00,0.0,0.004236478818456974
2024-11-29 09:00:00,0.0,0.00033726185074930406
2024-11-29 10:00:00,0.0,0.0005047947613432202
2024-11-29 11:00:00,0.0,0.0016424164484307054
2024-11-29 12:00:00,0.0,0.00018262935231691616
2024-11-29 13:00:00,0.0,8.080744156294562e-05
2024-11-29 14:00:00,0.0,8.080744156294562e-05
2024-11-29 15:00:00,0.0,0.0032474741082295965
2024-11-29 16:00:00,0.0,8.918502175851417e-05
2024-11-29 17:00:00,0.0,0.00021696211064016637
2024-11-29 18:00:00,0.0,0.00030394241192033977
2024-11-29 19:00:00,0.0,0.00036737144557682925
2024-11-29 20:00:00,0.0,0.00036737144557682925
2024-11-29 21:00:00,0.0,0.0006868720371821883
2024-11-29 22:00:00,0.0,0.0006115930885087447
2024-11-29 23:00:00,0.0,0.025641989703760047
2024-11-30 00:00:00,0.0,0.0013941888740055248
2024-11-30 01:00:00,0.0,0.01263454940511239
2024-11-30 02:00:00,0.0,0.011152353724479787
2024-11-30 03:00:00,0.0,0.0002693818173861835
2024-11-30 04:00:00,0.0,0.004817439546688226
2024-11-30 05:00:00,0.0,0.0018122217273334126
2024-11-30 06:00:00,0.0,0.003818435182257594
2024-11-30 07:00:00,0.0,0.00024316597307026222
2024-11-30 08:00:00,0.0,0.015105055779199628
2024-11-30 09:00:00,0.0,0.0002406757393973708
2024-11-30 10:00:00,0.0,0.00030198677145255767
2024-11-30 11:00:00,0.0,0.0006421181560464698
2024-11-30 12:00:00,0.0,0.0002870764533008565
2024-11-30 13:00:00,0.0,0.00033217606967065943
2024-11-30 14:00:00,0.0,0.008358979420234428
2024-11-30 15:00:00,0.0,0.01392501591380052
2024-11-30 16:00:00,0.0,6.149919102572635e-05
2024-11-30 17:00:00,0.0,5.761432300615686e-05
2024-11-30 18:00:00,0.0,5.673008772587693e-05
2024-11-30 19:00:00,0.0,6.098272879202721e-05
2024-11-30 20:00:00,0.0,6.098272879202721e-05
2024-11-30 21:00:00,0.0,5.673008772587693e-05
2024-11-30 22:00:00,0.0,5.673008772587693e-05
2024-11-30 23:00:00,0.0,5.673008772587693e-05
2024-12-01 00:00:00,0.0,4.380175543475594e-05
2024-12-01 01:00:00,0.0,6.208756127175977e-05
2024-12-01 02:00:00,0.0,6.245533431834055e-05
2024-12-01 03:00:00,0.0,6.459347295759295e-05
2024-12-01 04:00:00,0.0,6.459347295759295e-05
2024-12-01 05:00:00,0.0,7.216155599733017e-05
2024-12-01 06:00:00,0.0,7.206924340682587e-05
2024-12-01 07:00:00,0.0,7.362521745227044e-05
2024-12-01 08:00:00,0.0,0.0030842218185663794
2024-12-01 09:00:00,0.0,0.0019058337504470836
2024-12-01 10:00:00,0.0,0.000320321256433464
2024-12-01 11:00:00,0.0,0.0004777906347899249
2024-12-01 12:00:00,0.0,0.004750223780925273
2024-12-01 13:00:00,0.0,0.00012596551953958994
2024-12-01 14:00:00,0.0,9.699147996452999e-05
2024-12-01 15:00:00,0.0,0.007239439812113637
2024-12-01 16:00:00,0.0,0.007210711789095795
2024-12-01 17:00:00,0.0,0.007701971760934056
2024-12-01 18:00:00,0.0,0.004807460570085314
2024-12-01 19:00:00,0.0,5.779250472454889e-05
2024-12-01 20:00:00,0.0,5.779250472454889e-05
2024-12-01 21:00:00,0.0,5.779250472454889e-05
2024-12-01 22:00:00,0.0,5.779250472454889e-05
2024-12-01 23:00:00,0.0,5.8160277771129664e-05
2024-12-02 00:00:00,0.0,4.3117443053110815e-05
2024-12-02 01:00:00,0.0,0.0002348339163526857
2024-12-02 02:00:00,0.0,0.004773910541821282
2024-12-02 03:00:00,0.0,0.007731454213468855
2024-12-02 04:00:00,0.0,0.0059333244317675195
2024-12-02 05:00:00,0.0,0.00024298416398623078
2024-12-02 06:00:00,0.0,7.023780890530484e-05
2024-12-02 07:00:00,0.0,7.060558195188561e-05
2024-12-02 08:00:00,0.0,6.459347295759295e-05
2024-12-02 09:00:00,0.0,0.0013062193628499733
2024-12-02 10:00:00,0.0,0.0024741034298101762
2024-12-02 11:00:00,0.0,0.014085272184512467
2024-12-02 12:00:00,0.0,0.020425882812143886
2024-12-02 13:00:00,0.0,0.03459257156681775
2024-12-02 14:00:00,0.0,0.01913057176695604
2024-12-02 15:00:00,0.0,0.0033398149556542528
2024-12-02 16:00:00,0.0,0.011149848262108252
2024-12-02 17:00:00,0.0,0.01761263973929749
2024-12-02 18:00:00,0.0,6.326069997077472e-05
2024-12-02 19:00:00,0.0,5.673008772587693e-05
2024-12-02 20:00:00,0.0,5.673008772587693e-05
2024-12-02 21:00:00,0.0,5.673008772587693e-05
2024-12-02 22:00:00,0.0,5.673008772587693e-05
2024-12-02 23:00:00,0.0,5.673008772587693e-05
2024-12-03 00:00:00,0.0,4.380175543475594e-05
2024-12-03 01:00:00,0.0,6.208756127175977e-05
2024-12-03 02:00:00,0.0,6.208756127175977e-05
2024-12-03 03:00:00,0.0,6.208756127175977e-05
2024-12-03 04:00:00,0.0,6.807879113018783e-05
2024-12-03 05:00:00,0.0,7.023780890530484e-05
2024-12-03 06:00:00,0.0,7.023780890530484e-05
2024-12-03 07:00:00,0.0,7.023780890530484e-05
2024-12-03 08:00:00,0.0,7.092212250947295e-05
2024-12-03 09:00:00,0.0,0.000234064169149437
2024-12-03 10:00:00,0.0,0.0007027789540469001
2024-12-03 11:00:00,0.0,0.00801309432255379
2024-12-03 12:00:00,0.0,0.013791477891193027
2024-12-03 13:00:00,0.0,0.0009272298550174851
2024-12-03 14:00:00,0.0,0.0009272298550174851
2024-12-03 15:00:00,0.0,0.0009150575371624254
2024-12-03 16:00:00,0.0,0.0003092348918576756
2024-12-03 17:00:00,0.0,5.7246549959576076e-05
2024-12-03 18:00:00,0.0,5.7246549959576076e-05
2024-12-03 19:00:00,0.0,5.673008772587693e-05
2024-12-03 20:00:00,0.0,5.673008772587693e-05
2024-12-03 21:00:00,0.0,5.673008772587693e-05
2024-12-03 22:00:00,0.0,5.673008772587693e-05
2024-12-03 23:00:00,0.0,5.673008772587693e-05
2024-12-04 00:00:00,0.0,4.205502605443885e-05
2024-12-04 01:00:00,0.0,6.034083189144268e-05
2024-12-04 02:00:00,0.0,6.034083189144268e-05
2024-12-04 03:00:00,0.0,6.034083189144268e-05
2024-12-04 04:00:00,0.0,6.034083189144268e-05
2024-12-04 05:00:00,0.0,6.034083189144268e-05
2024-12-04 06:00:00,0.0,6.034083189144268e-05
2024-12-04 07:00:00,0.0,6.034083189144268e-05
2024-12-04 08:00:00,0.0,6.034083189144268e-05
2024-12-04 09:00:00,0.0,6.034083189144268e-05
2024-12-04 10:00:00,0.0,6.085729412514183e-05
2024-12-04 11:00:00,0.0,6.591418413778395e-05
2024-12-04 12:00:00,0.0,0.001026627419943019
2024-12-04 13:00:00,0.0,0.000935221086583846
2024-12-04 14:00:00,0.0,0.0009345760853434591
2024-12-04 15:00:00,0.0,0.0009185576136422456
2024-12-04 16:00:00,0.0,6.230343997221821e-05
2024-12-04 17:00:00,0.0,5.7246549959576076e-05
2024-12-04 18:00:00,0.0,5.673008772587693e-05
2024-12-04 19:00:00,0.0,5.673008772587693e-05
2024-12-04 20:00:00,0.0,5.673008772587693e-05
2024-12-04 21:00:00,0.0,5.673008772587693e-05
2024-12-04 22:00:00,0.0,5.673008772587693e-05
2024-12-04 23:00:00,0.0,5.673008772587693e-05
2024-12-05 00:00:00,0.0,4.205502605443885e-05
2024-12-05 01:00:00,0.0,6.034083189144268e-05
2024-12-05 02:00:00,0.0,6.034083189144268e-05
2024-12-05 03:00:00,0.0,6.034083189144268e-05
2024-12-05 04:00:00,0.0,6.034083189144268e-05
2024-12-05 05:00:00,0.0,6.034083189144268e-05
2024-12-05 06:00:00,0.0,6.034083189144268e-05
2024-12-05 07:00:00,0.0,6.034083189144268e-05
2024-12-05 08:00:00,0.0,6.034083189144268e-05
2024-12-05 09:00:00,0.0,5.988857272247214e-05
2024-12-05 10:00:00,0.0,6.070860493802346e-05
2024-12-05 11:00:00,0.0,6.085729412514183e-05
2024-12-05 12:00:00,0.0,5.7246549959576076e-05
2024-12-05 13:00:00,0.0,6.230343997221821e-05
2024-12-05 14:00:00,0.0,6.230343997221821e-05
2024-12-05 15:00:00,0.0,5.7246549959576076e-05
2024-12-05 16:00:00,0.0,5.7246549959576076e-05
2024-12-05 17:00:00,0.0,5.673008772587693e-05
2024-12-05 18:00:00,0.0,5.673008772587693e-05
2024-12-05 19:00:00,0.0,5.673008772587693e-05
2024-12-05 20:00:00,0.0,5.673008772587693e-05
2024-12-05 21:00:00,0.0,5.673008772587693e-05
2024-12-05 22:00:00,0.0,5.673008772587693e-05
2024-12-05 23:00:00,0.0,5.673008772587693e-05
2024-12-06 00:00:00,0.0,4.205502605443885e-05
2024-12-06 01:00:00,0.0,6.034083189144268e-05
2024-12-06 02:00:00,0.0,6.140324889011464e-05
2024-12-06 03:00:00,0.0,6.140324889011464e-05
2024-12-06 04:00:00,0.0,6.140324889011464e-05
2024-12-06 05:00:00,0.0,0.05472958551818303
2024-12-06 06:00:00,0.0,6.034083189144268e-05
2024-12-06 07:00:00,0.0,6.034083189144268e-05
2024-12-06 08:00:00,0.0,6.034083189144268e-05
2024-12-06 09:00:00,0.0,5.988857272247214e-05
2024-12-06 10:00:00,0.0,5.988857272247214e-05
2024-12-06 11:00:00,0.0,6.034083189144268e-05
2024-12-06 12:00:00,0.0,5.7246549959576076e-05
2024-12-06 13:00:00,0.0,6.0957973580764536e-05
2024-12-06 14:00:00,0.0,6.0957973580764536e-05
2024-12-06 15:00:00,0.0,0.0004790576442541013
2024-12-06 16:00:00,0.0,0.00477643231687186
2024-12-06 17:00:00,0.0,0.00020849281952027457
2024-12-06 18:00:00,0.0,0.00022947644280680286
2024-12-06 19:00:00,0.0,5.779250472454889e-05
2024-12-06 20:00:00,0.0,5.779250472454889e-05
2024-12-06 21:00:00,0.0,5.673008772587693e-05
2024-12-06 22:00:00,0.0,5.673008772587693e-05
2024-12-06 23:00:00,0.0,5.779250472454889e-05
2024-12-07 00:00:00,0.0,0.0005925257798580673
2024-12-07 01:00:00,0.0,0.009442334542595951
2024-12-07 02:00:00,0.0,0.0014128976471713404
2024-12-07 03:00:00,0.0,0.0014780556582210638
2024-12-07 04:00:00,0.0,0.0014608306808474056
2024-12-07 05:00:00,0.0,0.018320155466575578
2024-12-07 06:00:00,0.0,0.0009390430967551763
2024-12-07 07:00:00,0.0,0.00020577804055289304
2024-12-07 08:00:00,0.0,0.0005084922419791142
2024-12-07 09:00:00,0.0,0.0021624854504712554
2024-12-07 10:00:00,0.0,0.0077006106481895
2024-12-07 11:00:00,0.0,0.0004737368200914075
2024-12-07 12:00:00,0.0,0.0022075264839232106
2024-12-07 13:00:00,0.0,5.742508386502207e-05
2024-12-07 14:00:00,0.0,0.00011678506841885187
2024-12-07 15:00:00,0.0,0.0013167850684188468
2024-12-07 16:00:00,0.0,0.001301041007065098
2024-12-07 17:00:00,0.0,0.001301041007065098
2024-12-07 18:00:00,0.0,0.09757404275510569
2024-12-07 19:00:00,0.0,0.0012604250570105433
2024-12-07 20:00:00,0.0,0.0010084036992683632
2024-12-07 21:00:00,0.0,0.014074107137282474
2024-12-07 22:00:00,0.0,0.00024854639226635036
2024-12-07 23:00:00,0.0,0.0001658232066529924
2024-12-08 00:00:00,0.0,0.0033766417145554054
2024-12-08 01:00:00,0.0,0.00021801888929808225
2024-12-08 02:00:00,0.0,6.070860493802346e-05
2024-12-08 03:00:00,0.0,6.034083189144268e-05
2024-12-08 04:00:00,0.0,6.140324889011464e-05
2024-12-08 05:00:00,0.0,6.034083189144268e-05
2024-12-08 06:00:00,0.0,6.208756127175977e-05
2024-12-08 07:00:00,0.0,6.208756127175977e-05
2024-12-08 08:00:00,0.0,6.034083189144268e-05
2024-12-08 09:00:00,0.0,6.459347295759295e-05
2024-12-08 10:00:00,0.0,6.070860493802346e-05
2024-12-08 11:00:00,0.0,6.034083189144268e-05
2024-12-08 12:00:00,0.0,5.673008772587693e-05
2024-12-08 13:00:00,0.09999999999999817,5.7246549959576076e-05
2024-12-08 14:00:00,0.09999999999999817,0.030758616007579596
2024-12-08 15:00:00,1.799999999999998,0.017091285016810547
2024-12-08 16:00:00,1.799999999999998,0.021522759729431695
2024-12-08 17:00:00,1.799999999999998,0.037057672177178196
2024-12-08 18:00:00,1.799999999999998,0.06645939218190805
2024-12-08 19:00:00,1.699999999999998,0.4790992947546532
2024-12-08 20:00:00,1.699999999999998,0.8629830189988651
2024-12-08 21:00:00,0.0,1.502704578315504
2024-12-08 22:00:00,0.0,2.6498716827175586
2024-12-08 23:00:00,0.0,1.8318355866471236
2024-12-09 00:00:00,0.0,1.3823315135088783
2024-12-09 01:00:00,0.0,0.9778602183147861
2024-12-09 02:00:00,0.0,0.26260802684262907
2024-12-09 03:00:00,0.0,0.28685383526071784
2024-12-09 04:00:00,0.0,0.15635954177692435
2024-12-09 05:00:00,0.0,0.12553689078314548
2024-12-09 06:00:00,0.0,0.45915276890936935
2024-12-09 07:00:00,0.0,0.649742472545209
2024-12-09 08:00:00,0.0,0.08960030901706535
2024-12-09 09:00:00,0.0,0.1596881348979345
2024-12-09 10:00:00,0.0,0.07412717757857447
2024-12-09 11:00:00,0.0,0.06398167099708957
2024-12-09 12:00:00,0.0,0.05920339752731343
2024-12-09 13:00:00,0.0,0.3660133128942193
2024-12-09 14:00:00,0.0,0.17777546462629862
2024-12-09 15:00:00,0.0,0.035338463404947736
2024-12-09 16:00:00,0.0,0.05821502946373839
2024-12-09 17:00:00,0.0,0.07917636390312882
2024-12-09 18:00:00,0.0,0.05367196310954815
2024-12-09 19:00:00,0.0,0.013148044502700067
2024-12-09 20:00:00,0.0,0.018398024789221295
2024-12-09 21:00:00,0.0,0.027223989305445954
2024-12-09 22:00:00,0.0,5.673008772587693e-05
2024-12-09 23:00:00,0.0,5.673008772587693e-05
2024-12-10 00:00:00,0.0,4.205502605443885e-05
2024-12-10 01:00:00,0.0,6.034083189144268e-05
2024-12-10 02:00:00,0.0,6.034083189144268e-05
2024-12-10 03:00:00,0.0,6.034083189144268e-05
2024-12-10 04:00:00,0.0,6.034083189144268e-05
2024-12-10 05:00:00,0.0,6.034083189144268e-05
2024-12-10 06:00:00,0.0,7.023780890530484e-05
2024-12-10 07:00:00,0.0,6.807879113018783e-05
2024-12-10 08:00:00,0.0,6.034083189144268e-05
2024-12-10 09:00:00,0.0,6.034083189144268e-05
2024-12-10 10:00:00,0.0,6.034083189144268e-05
2024-12-10 11:00:00,0.0,6.034083189144268e-05
2024-12-10 12:00:00,0.0,5.673008772587693e-05
2024-12-10 13:00:00,0.0,5.673008772587693e-05
2024-12-10 14:00:00,0.0,5.673008772587693e-05
2024-12-10 15:00:00,0.0,5.673008772587693e-05
2024-12-10 16:00:00,0.0,5.673008772587693e-05
2024-12-10 17:00:00,0.0,5.673008772587693e-05
2024-12-10 18:00:00,0.0,5.673008772587693e-05
2024-12-10 19:00:00,0.0,5.673008772587693e-05
2024-12-10 20:00:00,0.0,5.673008772587693e-05
2024-12-10 21:00:00,0.0,5.673008772587693e-05
2024-12-10 22:00:00,0.0,5.673008772587693e-05
2024-12-10 23:00:00,0.0,5.673008772587693e-05
2024-12-11 00:00:00,0.0,4.205502605443885e-05
2024-12-11 01:00:00,0.0,6.034083189144268e-05
2024-12-11 02:00:00,0.0,6.034083189144268e-05
2024-12-11 03:00:00,0.0,6.034083189144268e-05
2024-12-11 04:00:00,0.0,6.034083189144268e-05
2024-12-11 05:00:00,0.0,6.034083189144268e-05
2024-12-11 06:00:00,0.0,6.034083189144268e-05
2024-12-11 07:00:00,0.0,6.034083189144268e-05
2024-12-11 08:00:00,0.0,6.034083189144268e-05
2024-12-11 09:00:00,0.0,6.034083189144268e-05
2024-12-11 10:00:00,0.0,6.034083189144268e-05
2024-12-11 11:00:00,0.0,6.034083189144268e-05
2024-12-11 12:00:00,0.0,5.673008772587693e-05
2024-12-11 13:00:00,0.0,5.673008772587693e-05
2024-12-11 14:00:00,0.0,5.673008772587693e-05
2024-12-11 15:00:00,0.0,5.673008772587693e-05
2024-12-11 16:00:00,0.0,5.673008772587693e-05
2024-12-11 17:00:00,0.0,5.673008772587693e-05
2024-12-11 18:00:00,0.0,5.673008772587693e-05
2024-12-11 19:00:00,0.0,5.673008772587693e-05
2024-12-11 20:00:00,0.0,5.673008772587693e-05
2024-12-11 21:00:00,0.0,5.673008772587693e-05
2024-12-11 22:00:00,0.0,5.673008772587693e-05
2024-12-11 23:00:00,0.0,5.673008772587693e-05
2024-12-12 00:00:00,0.0,4.205502605443885e-05
2024-12-12 01:00:00,0.0,6.034083189144268e-05
2024-12-12 02:00:00,0.0,6.034083189144268e-05
2024-12-12 03:00:00,0.0,6.034083189144268e-05
2024-12-12 04:00:00,0.0,6.034083189144268e-05
2024-12-12 05:00:00,0.0,6.034083189144268e-05
2024-12-12 06:00:00,0.0,6.807879113018783e-05
2024-12-12 07:00:00,0.0,6.208756127175977e-05
2024-12-12 08:00:00,0.0,6.034083189144268e-05
2024-12-12 09:00:00,0.0,6.070860493802346e-05
2024-12-12 10:00:00,0.0,6.070860493802346e-05
2024-12-12 11:00:00,0.0,6.034083189144268e-05
2024-12-12 12:00:00,0.0,5.673008772587693e-05
2024-12-12 13:00:00,0.0,5.673008772587693e-05
2024-12-12 14:00:00,0.0,5.673008772587693e-05
2024-12-12 15:00:00,0.0,5.673008772587693e-05
2024-12-12 16:00:00,0.0,5.673008772587693e-05
2024-12-12 17:00:00,0.0,5.673008772587693e-05
2024-12-12 18:00:00,0.0,5.673008772587693e-05
2024-12-12 19:00:00,0.0,5.673008772587693e-05
2024-12-12 20:00:00,0.0,5.673008772587693e-05
2024-12-12 21:00:00,0.0,5.673008772587693e-05
2024-12-12 22:00:00,0.0,5.673008772587693e-05
2024-12-12 23:00:00,0.0,5.673008772587693e-05
2024-12-13 00:00:00,0.0,4.205502605443885e-05
2024-12-13 01:00:00,0.0,0.022008326580366763
2024-12-13 02:00:00,0.0,0.02024505497527953
2024-12-13 03:00:00,0.0,6.034083189144268e-05
2024-12-13 04:00:00,0.0,6.034083189144268e-05
2024-12-13 05:00:00,0.0,6.034083189144268e-05
2024-12-13 06:00:00,0.0,6.034083189144268e-05
2024-12-13 07:00:00,0.0,5.9695830651055694e-05
2024-12-13 08:00:00,0.0,5.9695830651055694e-05
2024-12-13 09:00:00,0.0,6.034083189144268e-05
2024-12-13 10:00:00,0.0,6.034083189144268e-05
2024-12-13 11:00:00,0.0,6.034083189144268e-05
2024-12-13 12:00:00,0.0,5.673008772587693e-05
2024-12-13 13:00:00,0.0,5.608508648548995e-05
2024-12-13 14:00:00,0.0,0.018593183162733527
2024-12-13 15:00:00,0.0,5.673008772587693e-05
2024-12-13 16:00:00,0.0,0.011738221694804112
2024-12-13 17:00:00,0.0,0.0730094042161932
2024-12-13 18:00:00,0.0,0.1607709512615745
2024-12-13 19:00:00,0.0,0.00017926271474222642
2024-12-13 20:00:00,0.0,5.608508648548995e-05
2024-12-13 21:00:00,0.0,5.608508648548995e-05
2024-12-13 22:00:00,0.0,5.608508648548995e-05
2024-12-13 23:00:00,0.0,5.673008772587693e-05
2024-12-14 00:00:00,0.0,4.205502605443885e-05
2024-12-14 01:00:00,0.0,6.034083189144268e-05
2024-12-14 02:00:00,0.0,6.034083189144268e-05
2024-12-14 03:00:00,0.0,6.034083189144268e-05
2024-12-14 04:00:00,0.0,6.034083189144268e-05
2024-12-14 05:00:00,0.0,6.034083189144268e-05
2024-12-14 06:00:00,0.0,6.034083189144268e-05
2024-12-14 07:00:00,0.0,6.034083189144268e-05
2024-12-14 08:00:00,0.0,6.034083189144268e-05
2024-12-14 09:00:00,0.0,6.034083189144268e-05
2024-12-14 10:00:00,0.0,6.034083189144268e-05
2024-12-14 11:00:00,0.0,6.034083189144268e-05
2024-12-14 12:00:00,0.0,5.673008772587693e-05
2024-12-14 13:00:00,0.0,5.673008772587693e-05
2024-12-14 14:00:00,0.0,5.673008772587693e-05
2024-12-14 15:00:00,0.0,5.673008772587693e-05
2024-12-14 16:00:00,0.0,5.673008772587693e-05
2024-12-14 17:00:00,0.0,5.673008772587693e-05
2024-12-14 18:00:00,0.0,5.673008772587693e-05
2024-12-14 19:00:00,0.0,5.673008772587693e-05
2024-12-14 20:00:00,0.0,5.673008772587693e-05
2024-12-14 21:00:00,0.0,5.673008772587693e-05
2024-12-14 22:00:00,0.0,5.673008772587693e-05
2024-12-14 23:00:00,0.0,5.673008772587693e-05
2024-12-15 00:00:00,0.0,4.205502605443885e-05
2024-12-15 01:00:00,0.0,6.034083189144268e-05
2024-12-15 02:00:00,0.0,6.034083189144268e-05
2024-12-15 03:00:00,0.0,6.208756127175977e-05
2024-12-15 04:00:00,0.0,6.245533431834055e-05
2024-12-15 05:00:00,0.0,6.401130836378509e-05
2024-12-15 06:00:00,0.0,0.009954399144255551
2024-12-15 07:00:00,0.0,0.001453408238734804
2024-12-15 08:00:00,0.0,0.0008138919473401759
2024-12-15 09:00:00,0.0,0.0006303942379665736
2024-12-15 10:00:00,0.0,0.002181721061786067
2024-12-15 11:00:00,0.0,0.0001450799755538376
2024-12-15 12:00:00,0.0,2.8802666139045847e-05
2024-12-15 13:00:00,0.0,0.000160945523281901
2024-12-15 14:00:00,0.0,3.167347953617499e-05
2024-12-15 15:00:00,0.0,0.0005716544495236481
2024-12-15 16:00:00,0.0,0.0019021169694598376
2024-12-15 17:00:00,0.0,0.0008179081664156703
2024-12-15 18:00:00,0.0,0.0005514615170039464
2024-12-15 19:00:00,0.0,0.0001936521386135932
2024-12-15 20:00:00,0.0,0.00026497585293884605
2024-12-15 21:00:00,0.0,0.0014772982875806277
2024-12-15 22:00:00,0.0,0.0008471296837197351
2024-12-15 23:00:00,0.0,0.0019179153856923377
2024-12-16 00:00:00,0.0,0.00036327124494575137
2024-12-16 01:00:00,0.0,0.00024465749635165364
2024-12-16 02:00:00,0.0,0.00024550137820819373
2024-12-16 03:00:00,0.0,0.00023107298158368505
2024-12-16 04:00:00,0.0,0.002254696320854789
2024-12-16 05:00:00,0.0,0.000696927849416553
2024-12-16 06:00:00,0.0,0.0024603233002512682
2024-12-16 07:00:00,0.0,0.0013182237815629126
2024-12-16 08:00:00,0.0,0.006900670806156933
2024-12-16 09:00:00,0.0,0.03839484426956715
2024-12-16 10:00:00,0.0,0.06718140253527108
2024-12-16 11:00:00,0.0,0.00042869533037776723
2024-12-16 12:00:00,0.0,0.00016003090089676558
2024-12-16 13:00:00,0.0,0.00017165444952365396
2024-12-16 14:00:00,0.0,0.00017165444952365396
2024-12-16 15:00:00,0.0,0.00017165444952365396
2024-12-16 16:00:00,0.0,0.009157751746602745
2024-12-16 17:00:00,0.0,0.0036526615332605154
2024-12-16 18:00:00,0.0,0.0011264673624310708
2024-12-16 19:00:00,0.0,0.0017797811347522883
2024-12-16 20:00:00,0.0,0.000308858078781467
2024-12-16 21:00:00,0.0,0.0004024467539626927
2024-12-16 22:00:00,0.0,0.008424711502197157
2024-12-16 23:00:00,0.0,0.00986785244995681
2024-12-17 00:00:00,0.0,4.387742831752769e-05
2024-12-17 01:00:00,0.0,6.9609816463985e-05
2024-12-17 02:00:00,0.0,0.0001355530289908718
2024-12-17 03:00:00,0.0,0.004736539232023036
2024-12-17 04:00:00,0.0,0.060753579038025134
2024-12-17 05:00:00,0.0,0.022659488266377155
2024-12-17 06:00:00,0.0,0.018531574441214213
2024-12-17 07:00:00,0.0,0.05535828412553312
2024-12-17 08:00:00,0.0,0.016213975628902425
2024-12-17 09:00:00,0.0,0.018583337876440835
2024-12-17 10:00:00,0.0,0.008102792181795429
2024-12-17 11:00:00,0.0,0.03136656176619545
2024-12-17 12:00:00,0.0,0.00014100895067328635
2024-12-17 13:00:00,0.0,3.167347953617499e-05
2024-12-17 14:00:00,0.0,4.411150191894853e-05
2024-12-17 15:00:00,0.0,0.00019659130123009398
2024-12-17 16:00:00,0.0,0.00019770395769740966
2024-12-17 17:00:00,0.0,0.0004762452778986716
2024-12-17 18:00:00,0.0,0.0005204477493892607
2024-12-17 19:00:00,0.0,0.024026740614928172
2024-12-17 20:00:00,0.0,5.62778285569064e-05
2024-12-17 21:00:00,0.0,5.673008772587693e-05
2024-12-17 22:00:00,0.0,5.673008772587693e-05
2024-12-17 23:00:00,0.0,6.699483778631984e-05
2024-12-18 00:00:00,0.0,4.4677544194605183e-05
2024-12-18 01:00:00,0.0,7.202784019300226e-05
2024-12-18 02:00:00,0.0,7.284787240855356e-05
2024-12-18 03:00:00,0.0,7.209309304781464e-05
2024-12-18 04:00:00,0.0,7.498601104780597e-05
2024-12-18 05:00:00,0.0,6.983166785235712e-05
2024-12-18 06:00:00,0.0,0.00023748846055027752
2024-12-18 07:00:00,0.0,0.00027569641360127543
2024-12-18 08:00:00,0.0,0.0005201167906366391
2024-12-18 09:00:00,0.0,0.0008559699230163105
2024-12-18 10:00:00,0.0,0.00472558336389886
2024-12-18 11:00:00,0.0,0.007354036916974501
2024-12-18 12:00:00,0.0,0.0005321647959087095
2024-12-18 13:00:00,0.0,0.008816403522097315
2024-12-18 14:00:00,0.0,0.0004132071353222573
2024-12-18 15:00:00,0.0,0.00011361046524424874
2024-12-18 16:00:00,0.0,0.00017372043324997508
2024-12-18 17:00:00,0.0,0.00020213322807885171
2024-12-18 18:00:00,0.0,5.62778285569064e-05
2024-12-18 19:00:00,0.0,0.00016747822600757004
2024-12-18 20:00:00,0.0,0.00043119247226311924
2024-12-18 21:00:00,0.0,0.0018190077361463022
2024-12-18 22:00:00,0.0,0.033551052881444395
2024-12-18 23:00:00,0.0,0.007761092254335791
2024-12-19 00:00:00,0.0,0.00036686303599491797
2024-12-19 01:00:00,0.0,0.00021698441883993388
2024-12-19 02:00:00,0.0,0.0018661654112970072
2024-12-19 03:00:00,0.0,0.001848823737652632
2024-12-19 04:00:00,0.0,0.002072353149417338
2024-12-19 05:00:00,0.0,0.4122723739987018
2024-12-19 06:00:00,0.0,0.11611333041159694
2024-12-19 07:00:00,0.0,0.09219677519458341
2024-12-19 08:00:00,0.0,0.0008100293799481735
2024-12-19 09:00:00,0.0,0.0030061921389960802
2024-12-19 10:00:00,0.0,0.005449326140759773
2024-12-19 11:00:00,0.0,0.0006770549039859895
2024-12-19 12:00:00,0.0,6.098272879202721e-05
2024-12-19 13:00:00,0.0,5.709786077245771e-05
2024-12-19 14:00:00,0.0,5.709786077245771e-05
2024-12-19 15:00:00,0.0,0.07727922603160342
2024-12-19 16:00:00,0.0,0.00042754073022980535
2024-12-19 17:00:00,0.0,0.00021324729159934367
2024-12-19 18:00:00,0.0,0.00010681407154663794
2024-12-19 19:00:00,0.0,0.00024282334627603484
2024-12-19 20:00:00,0.0,0.0001809355170130919
2024-12-19 21:00:00,0.0,5.62778285569064e-05
2024-12-19 22:00:00,0.0,6.098272879202721e-05
2024-12-19 23:00:00,0.0,0.00018800864392718139
2024-12-20 00:00:00,0.0,0.00025944193951776525
2024-12-20 01:00:00,0.0,0.0013452254382187536
2024-12-20 02:00:00,0.0,0.10171152434709241
2024-12-20 03:00:00,0.0,0.0025144543435977407
2024-12-20 04:00:00,0.0,0.0003609758367059934
2024-12-20 05:00:00,0.0,7.505126390261837e-05
2024-12-20 06:00:00,0.0,0.00032116425439874315
2024-12-20 07:00:00,0.0,0.002777998468872133
2024-12-20 08:00:00,0.0,0.010500709410934922
2024-12-20 09:00:00,0.0,0.00033724773698003846
2024-12-20 10:00:00,0.0,0.0008483701572780503
2024-12-20 11:00:00,0.0,0.0005677194328488781
2024-12-20 12:00:00,0.0,0.00027511901807458024
2024-12-20 13:00:00,0.0,0.0027051215329592575
2024-12-20 14:00:00,0.0,0.018496117283300667
2024-12-20 15:00:00,0.0,6.149919102572635e-05
2024-12-20 16:00:00,0.0,6.149919102572635e-05
2024-12-20 17:00:00,0.0,5.673008772587693e-05
2024-12-20 18:00:00,0.0,5.673008772587693e-05
2024-12-20 19:00:00,0.0,5.673008772587693e-05
2024-12-20 20:00:00,0.0,5.673008772587693e-05
2024-12-20 21:00:00,0.0,5.673008772587693e-05
2024-12-20 22:00:00,0.0,5.673008772587693e-05
2024-12-20 23:00:00,0.0,5.673008772587693e-05
2024-12-21 00:00:00,0.0,4.380175543475594e-05
2024-12-21 01:00:00,0.0,6.807879113018783e-05
2024-12-21 02:00:00,0.0,7.023780890530484e-05
2024-12-21 03:00:00,0.0,7.023780890530484e-05
2024-12-21 04:00:00,0.0,6.807879113018783e-05
2024-12-21 05:00:00,0.0,6.807879113018783e-05
2024-12-21 06:00:00,0.0,7.060558195188561e-05
2024-12-21 07:00:00,0.0,7.023780890530484e-05
2024-12-21 08:00:00,0.0,6.034083189144268e-05
2024-12-21 09:00:00,0.0,0.00034882445791352147
2024-12-21 10:00:00,0.0,0.0004139725899825834
2024-12-21 11:00:00,0.0,0.0005648486194517491
2024-12-21 12:00:00,0.0,0.10635367617119387
2024-12-21 13:00:00,0.0,5.761432300615686e-05
2024-12-21 14:00:00,0.0,5.7246549959576076e-05
2024-12-21 15:00:00,0.0,5.7246549959576076e-05
2024-12-21 16:00:00,0.0,5.673008772587693e-05
2024-12-21 17:00:00,0.0,5.673008772587693e-05
2024-12-21 18:00:00,0.0,5.673008772587693e-05
2024-12-21 19:00:00,0.0,5.673008772587693e-05
2024-12-21 20:00:00,0.0,0.011545128233540097
2024-12-21 21:00:00,0.0,5.673008772587693e-05
2024-12-21 22:00:00,0.0,0.005966227744148485
2024-12-21 23:00:00,0.0,0.051362033626046924
2024-12-22 00:00:00,0.0,0.0024096208314975244
2024-12-22 01:00:00,0.0,0.005691283977603826
2024-12-22 02:00:00,0.0,0.005626833882574915
2024-12-22 03:00:00,0.0,0.01569545615817447
2024-12-22 04:00:00,0.0,0.009914277371414301
2024-12-22 05:00:00,0.0,0.023581289118810467
2024-12-22 06:00:00,0.0,0.004032202517208899
2024-12-22 07:00:00,0.0,0.008169218736051262
2024-12-22 08:00:00,0.0,0.004573490810233606
2024-12-22 09:00:00,0.0,0.00421180546359854
2024-12-22 10:00:00,0.0,0.0015129308006787503
2024-12-22 11:00:00,0.0,0.00019383287536587905
2024-12-22 12:00:00,0.0,0.0019049877828569669
2024-12-22 13:00:00,0.0,0.00022011013069246345
2024-12-22 14:00:00,0.0,7.646962211214849e-05
2024-12-22 15:00:00,0.0,9.658423899609706e-05
2024-12-22 16:00:00,0.0,0.00013827039738213625
2024-12-22 17:00:00,0.0,0.00013827039738213625
2024-12-22 18:00:00,0.0,0.01403662624824719
2024-12-22 19:00:00,0.0,0.0003598964623953571
2024-12-22 20:00:00,0.0,0.0002430267309435352
2024-12-22 21:00:00,0.0,0.006461347332069985
2024-12-22 22:00:00,0.0,0.0007356720139059665
2024-12-22 23:00:00,0.0,5.62778285569064e-05
2024-12-23 00:00:00,0.0,4.205502605443885e-05
2024-12-23 01:00:00,0.0,0.011426322366820701
2024-12-23 02:00:00,0.09999999999999801,6.034083189144268e-05
2024-12-23 03:00:00,0.09999999999999801,6.070860493802346e-05
2024-12-23 04:00:00,0.09999999999999801,0.019811529675765407
2024-12-23 05:00:00,0.09999999999999801,0.00975987898753345
2024-12-23 06:00:00,0.09999999999999801,0.04185735838865736
2024-12-23 07:00:00,0.09999999999999801,0.002894912997241339
2024-12-23 08:00:00,0.0,0.6005143130881073
2024-12-23 09:00:00,0.0,0.5688572180841525
2024-12-23 10:00:00,0.0,0.5107215814660008
2024-12-23 11:00:00,0.09999999999999801,0.2612956606330965
2024-12-23 12:00:00,0.09999999999999801,0.1766203136402986
2024-12-23 13:00:00,0.09999999999999801,0.20413682970174646
2024-12-23 14:00:00,0.09999999999999801,0.15744989938229376
2024-12-23 15:00:00,0.09999999999999801,0.09903130382514862
2024-12-23 16:00:00,0.09999999999999801,0.1236091527852488
2024-12-23 17:00:00,0.0,0.9045629547904501
2024-12-23 18:00:00,0.0,0.6629286457440835
2024-12-23 19:00:00,0.0,0.9862578411009987
2024-12-23 20:00:00,0.0,0.1918133349248018
2024-12-23 21:00:00,0.0,0.1634264536830243
2024-12-23 22:00:00,0.0,0.1540738631293851
2024-12-23 23:00:00,0.0,0.06302517783571601
2024-12-24 00:00:00,0.09999999999999801,0.0612204365651553
2024-12-24 01:00:00,0.09999999999999801,0.05275574020777211
2024-12-24 02:00:00,0.09999999999999801,0.06927702209571353
2024-12-24 03:00:00,0.09999999999999801,0.09417889186236346
2024-12-24 04:00:00,0.09999999999999801,0.060407576327631364
2024-12-24 05:00:00,0.09999999999999801,0.03506504202842873
2024-12-24 06:00:00,0.0,1.0184084960049369
2024-12-24 07:00:00,0.0,1.273134375384723
2024-12-24 08:00:00,0.0,0.6529139365349321
2024-12-24 09:00:00,0.0,0.26693323178815875
2024-12-24 10:00:00,0.0,0.24154652986610392
2024-12-24 11:00:00,0.0,0.11610120805076661
2024-12-24 12:00:00,0.0,0.1467549430580009
2024-12-24 13:00:00,0.0,0.14418643763158392
2024-12-24 14:00:00,0.0,0.1367700443546509
2024-12-24 15:00:00,0.0,0.09831442707070027
2024-12-24 16:00:00,0.0,0.11484264648822733
2024-12-24 17:00:00,0.0,0.22614032728585653
2024-12-24 18:00:00,0.0,0.12817672183714038
2024-12-24 19:00:00,0.0,0.026779353385814372
2024-12-24 20:00:00,0.0,0.04723404606978444
2024-12-24 21:00:00,0.0,0.03418601885118949
2024-12-24 22:00:00,0.0,0.04976750867813829
2024-12-24 23:00:00,0.0,0.07180912059493498
2024-12-25 00:00:00,0.0,0.151720510943518
2024-12-25 01:00:00,0.0,0.14892843766380398
2024-12-25 02:00:00,0.0,0.10156714476747829
2024-12-25 03:00:00,0.0,0.0037259936533935024
2024-12-25 04:00:00,0.0,0.00653083734613382
2024-12-25 05:00:00,0.0,0.00653083734613382
2024-12-25 06:00:00,0.0,0.025044269441942588
2024-12-25 07:00:00,0.0,0.0016042758101944376
2024-12-25 08:00:00,0.0,0.038906673771794624
2024-12-25 09:00:00,0.0,0.0003729059986551499
2024-12-25 10:00:00,0.0,0.0007097398565524064
2024-12-25 11:00:00,0.0,0.002023881585389768
2024-12-25 12:00:00,0.0,0.03515905737679613
2024-12-25 13:00:00,0.0,0.003004902109929079
2024-12-25 14:00:00,0.0,0.005780912149816838
2024-12-25 15:00:00,0.0,0.006845935056356772
2024-12-25 16:00:00,0.0,0.007144571665597204
2024-12-25 17:00:00,0.0,6.098272879202721e-05
2024-12-25 18:00:00,0.0,5.673008772587693e-05
2024-12-25 19:00:00,0.0,5.673008772587693e-05
2024-12-25 20:00:00,0.0,5.709786077245771e-05
2024-12-25 21:00:00,0.0,5.8844590152774794e-05
2024-12-25 22:00:00,0.0,0.00174152356439277
2024-12-25 23:00:00,0.0,0.006186139021503896
2024-12-26 00:00:00,0.0,0.0001691628614102308
2024-12-26 01:00:00,0.0,0.00016932639880434323
2024-12-26 02:00:00,0.0,0.00018455139331857072
2024-12-26 03:00:00,0.0,0.00018992775314939718
2024-12-26 04:00:00,0.0,0.00021199255051842345
2024-12-26 05:00:00,0.0,0.002102857791450966
2024-12-26 06:00:00,0.0,0.9038956248862526
2024-12-26 07:00:00,0.0,0.0059685190774808996
2024-12-26 08:00:00,0.0,0.24424283033150188
2024-12-26 09:00:00,0.0,0.00753908719043414
2024-12-26 10:00:00,0.0,0.00048387680888937204
2024-12-26 11:00:00,0.0,0.0004315661437748964
2024-12-26 12:00:00,0.0,0.000260385568812482
2024-12-26 13:00:00,0.0,0.00023735331690091996
2024-12-26 14:00:00,0.0,7.582071160964702e-05
2024-12-26 15:00:00,0.0,7.582071160964702e-05
2024-12-26 16:00:00,0.0,0.0004799731772634924
2024-12-26 17:00:00,0.0,0.13851299266954167
2024-12-26 18:00:00,0.0,0.002792733847931181
2024-12-26 19:00:00,0.0,0.11953960068777962
2024-12-26 20:00:00,0.0,0.10828500803364116
2024-12-26 21:00:00,0.599999999999998,0.07221015735719957
2024-12-26 22:00:00,0.599999999999998,0.04953194373021039
2024-12-26 23:00:00,0.699999999999998,0.04384921803924864
2024-12-27 00:00:00,0.899999999999998,0.08247408645629578
2024-12-27 01:00:00,3.899999999999998,0.04453432436268838
2024-12-27 02:00:00,9.699999999999998,0.038888151103788994
2024-12-27 03:00:00,14.399999999999999,0.5730861782040497
2024-12-27 04:00:00,19.9,0.7215001643445068
2024-12-27 05:00:00,19.9,0.7899791788494227
2024-12-27 06:00:00,19.7,0.7220900664795141
2024-12-27 07:00:00,16.799999999999997,4.760342991379277
2024-12-27 08:00:00,11.399999999999999,7.965486689046139
2024-12-27 09:00:00,10.0,11.5477808218126
2024-12-27 10:00:00,6.899999999999999,13.178083917050694
2024-12-27 11:00:00,11.5,8.92272875400663
2024-12-27 12:00:00,16.9,11.84655725038401
2024-12-27 13:00:00,21.599999999999998,4.786889244261014
2024-12-27 14:00:00,22.3,5.469102277504757
2024-12-27 15:00:00,18.599999999999998,11.97917428571429
2024-12-27 16:00:00,16.2,14.53971142857143
2024-12-27 17:00:00,11.5,16.157282857142846
2024-12-27 18:00:00,6.1,19.614568571428578
2024-12-27 19:00:00,1.8,19.877131428571428
2024-12-27 20:00:00,8.899999999999999,18.20664142857142
2024-12-27 21:00:00,14.299999999999999,15.78630753246753
2024-12-27 22:00:00,14.299999999999999,8.953109141914188
2024-12-27 23:00:00,18.099999999999998,4.772013195968242
2024-12-28 00:00:00,26.099999999999998,5.049326680979827
2024-12-28 01:00:00,28.299999999999997,5.929145941005794
2024-12-28 02:00:00,20.5,11.471539629629621
2024-12-28 03:00:00,16.4,14.739591587301582
2024-12-28 04:00:00,16.5,12.922114761904762
2024-12-28 05:00:00,13.299999999999999,12.117492380952374
2024-12-28 06:00:00,5.499999999999999,8.970734920634921
2024-12-28 07:00:00,2.799999999999999,10.461775026455024
2024-12-28 08:00:00,2.399999999999999,9.58746825396825
2024-12-28 09:00:00,0.899999999999999,8.304636349206348
2024-12-28 10:00:00,0.7999999999999992,7.773548556998552
2024-12-28 11:00:00,0.19999999999999912,7.574042049062046
2024-12-28 12:00:00,0.0,4.199347138042857
2024-12-28 13:00:00,0.0,4.118885543575309
2024-12-28 14:00:00,0.0,4.7925913005838465
2024-12-28 15:00:00,0.0,1.3677500541457503
2024-12-28 16:00:00,0.0,1.34292059845094
2024-12-28 17:00:00,0.0,1.017381741216213
2024-12-28 18:00:00,0.0,1.2108901653702604
2024-12-28 19:00:00,0.0,0.2535318729800026
2024-12-28 20:00:00,0.0,0.19975425951386067
2024-12-28 21:00:00,0.0,0.27001322817617424
2024-12-28 22:00:00,0.0,0.3946118332449715
2024-12-28 23:00:00,0.0,0.5916641389121725
2024-12-29 00:00:00,0.0,0.14436449068303886
2024-12-29 01:00:00,0.0,0.1593118386284993
2024-12-29 02:00:00,0.0,0.6040013708109886
2024-12-29 03:00:00,0.0,0.6389653784095957
2024-12-29 04:00:00,0.0,1.1051756285106893
2024-12-29 05:00:00,0.0,2.1655125991255124
2024-12-29 06:00:00,0.0,2.6036889872242046
2024-12-29 07:00:00,0.0,1.6362178408110346
2024-12-29 08:00:00,0.0,1.0879324205181116
2024-12-29 09:00:00,0.0,0.3230165520864101
2024-12-29 10:00:00,0.0,0.13383349240650133
2024-12-29 11:00:00,0.0,0.2571091192626872
2024-12-29 12:00:00,0.0,0.14935644196826905
2024-12-29 13:00:00,0.0,0.00014738216898912377
2024-12-29 14:00:00,0.0,0.0011740488356557764
2024-12-29 15:00:00,0.0,0.00014738216898912377
2024-12-29 16:00:00,0.0,0.00014738216898912377
2024-12-29 17:00:00,0.0,0.00014738216898912377
2024-12-29 18:00:00,0.0,0.0001517807634182098
2024-12-29 19:00:00,0.0,0.0001517807634182098
2024-12-29 20:00:00,0.0,0.0001526246452747499
2024-12-29 21:00:00,0.0,0.000394556518734569
2024-12-29 22:00:00,0.0,0.00016302325896601648
2024-12-29 23:00:00,0.0,0.00015247717983696185
2024-12-30 00:00:00,0.0,0.00011286468691502028
2024-12-30 01:00:00,0.0,0.00018581051317029506
2024-12-30 02:00:00,0.0,0.002190611146187776
2024-12-30 03:00:00,0.0,0.0015906111461877783
2024-12-30 04:00:00,0.0,0.0026572778128544404
2024-12-30 05:00:00,0.0,0.0026572778128544404
2024-12-30 06:00:00,0.0,0.26522103534221947
2024-12-30 07:00:00,0.0,0.19306037852776972
2024-12-30 08:00:00,0.0,0.1946064102738015
2024-12-30 09:00:00,0.0,0.21215156312195665
2024-12-30 10:00:00,0.0,0.030024459396191142
2024-12-30 11:00:00,0.0,0.011351600420277951
2024-12-30 12:00:00,0.0,0.044621865116848174
2024-12-30 13:00:00,0.0,0.027900839815140504
2024-12-30 14:00:00,0.0,0.00014738216898912377
2024-12-30 15:00:00,0.0,0.00014738216898912377
2024-12-30 16:00:00,0.0,0.00014738216898912377
2024-12-30 17:00:00,0.0,0.00014738216898912377
2024-12-30 18:00:00,0.0,0.0001517807634182098
2024-12-30 19:00:00,0.0,0.0001517807634182098
2024-12-30 20:00:00,0.0,0.0001517807634182098
2024-12-30 21:00:00,0.0,0.00021350045415378005
2024-12-30 22:00:00,0.0,0.00014166151430550534
2024-12-30 23:00:00,0.0,0.00021009947416761703
2024-12-31 00:00:00,0.0,0.00011097916502949846
2024-12-31 01:00:00,0.0,0.00021477903516633996
2024-12-31 02:00:00,0.0,0.000546728362304999
2024-12-31 03:00:00,0.0,0.00014672836230500086
2024-12-31 04:00:00,0.0,0.00014672836230500086
2024-12-31 05:00:00,0.0,0.0001602321338348877
2024-12-31 06:00:00,0.0,0.0009504646009914155
2024-12-31 07:00:00,0.0,0.0009504646009914155
2024-12-31 08:00:00,0.0,0.0009504646009914155
2024-12-31 09:00:00,0.0,0.0035334355539145875
2024-12-31 10:00:00,0.0,0.007833598453941855
2024-12-31 11:00:00,0.0,0.07729787475992973
2024-12-31 12:00:00,0.0,0.11695068295154856
2024-12-31 13:00:00,0.0,0.15389446904552473
2024-12-31 14:00:00,0.0,0.09998227766515144
2024-12-31 15:00:00,0.0,0.10223863062816278
2024-12-31 16:00:00,0.0,0.01982257166259715
2024-12-31 17:00:00,0.0,0.0485536569175153
2024-12-31 18:00:00,0.0,0.0067992050594521585
2024-12-31 19:00:00,0.0,0.012986098793459543
2024-12-31 20:00:00,0.0,0.0036222490449861365
2024-12-31 21:00:00,0.0,0.0009546425124033598
2024-12-31 22:00:00,0.0,0.0008988285589149876
2024-12-31 23:00:00,0.0,0.005249417236142216
2025-01-01 00:00:00,0.0,0.006056178455226043
2025-01-01 01:00:00,0.0,0.004750093867467806
2025-01-01 02:00:00,0.0,0.015039940985698056
2025-01-01 03:00:00,0.0,0.0824704278149743
2025-01-01 04:00:00,0.0,0.06073543909732612
2025-01-01 05:00:00,0.0,0.023618933449472728
2025-01-01 06:00:00,0.0,0.007351175719584627
2025-01-01 07:00:00,0.0,0.009260967379600974
2025-01-01 08:00:00,0.0,0.005037539120189526
2025-01-01 09:00:00,0.0,0.009996878073325418
2025-01-01 10:00:00,0.0,0.19718235685248306
2025-01-01 11:00:00,0.0,0.09096608466037263
2025-01-01 12:00:00,0.0,0.033112382667777794
2025-01-01 13:00:00,0.0,0.0340625305059963
2025-01-01 14:00:00,0.0,0.03928715374124313
2025-01-01 15:00:00,0.0,0.03774630846914074
2025-01-01 16:00:00,0.0,0.0428300508986107
2025-01-01 17:00:00,0.0,0.10843003964694521
2025-01-01 18:00:00,0.0,0.055966501596693946
2025-01-01 19:00:00,0.0,0.015062654601986735
2025-01-01 20:00:00,0.0,0.021358731418263475
2025-01-01 21:00:00,0.0,0.02581659810108609
2025-01-01 22:00:00,0.0,0.020197651854796567
2025-01-01 23:00:00,0.0,0.04958994106861354
2025-01-02 00:00:00,0.0,0.09455604294811325
2025-01-02 01:00:00,0.0,0.10744298405850047
2025-01-02 02:00:00,0.0,0.09230148997305843
2025-01-02 03:00:00,0.0,0.28727068514854814
2025-01-02 04:00:00,0.0,0.13176124733335212
2025-01-02 05:00:00,0.0,0.09267357179258981
2025-01-02 06:00:00,0.0,0.08504123206455108
2025-01-02 07:00:00,0.0,0.03572122066371868
2025-01-02 08:00:00,0.0,0.003553295494829172
2025-01-02 09:00:00,0.0,0.0774496051689126
2025-01-02 10:00:00,0.0,0.02801098341841781
2025-01-02 11:00:00,0.0,0.010808516850924927
2025-01-02 12:00:00,0.0,0.045255402112261714
2025-01-02 13:00:00,0.0,0.03942436020021334
2025-01-02 14:00:00,0.0,0.09263527331076711
2025-01-02 15:00:00,0.0,0.14278555771755572
2025-01-02 16:00:00,0.0,0.038370700838636744
2025-01-02 17:00:00,0.0,0.07809302241780212
2025-01-02 18:00:00,0.0,0.08820632077309185
2025-01-02 19:00:00,0.0,0.0709634203221003
2025-01-02 20:00:00,0.0,0.0894085453385371
2025-01-02 21:00:00,0.0,0.10996096554276161
2025-01-02 22:00:00,0.0,0.09606129015496936
2025-01-02 23:00:00,0.0,0.10833163036726935
2025-01-03 00:00:00,0.0,0.020809399745794717
2025-01-03 01:00:00,0.0,0.014543972594328042
2025-01-03 02:00:00,0.0,0.03841812767787054
2025-01-03 03:00:00,0.0,0.06613813814316197
2025-01-03 04:00:00,0.0,0.10831634598052339
2025-01-03 05:00:00,0.0,0.053887628281153635
2025-01-03 06:00:00,0.0,0.02542488024127146
2025-01-03 07:00:00,0.0,0.05295224445914085
2025-01-03 08:00:00,0.0,0.016939499895414115
2025-01-03 09:00:00,0.0,0.014203145051175701
2025-01-03 10:00:00,0.0,0.028410178300243567
2025-01-03 11:00:00,0.0,0.017605704694913318
2025-01-03 12:00:00,0.0,0.03756863679324687
2025-01-03 13:00:00,0.0,0.0888201781262803
2025-01-03 14:00:00,0.0,0.13157966855226896
2025-01-03 15:00:00,0.0,0.15319143327302856
2025-01-03 16:00:00,0.0,0.10041280648832734
2025-01-03 17:00:00,0.0,0.14301006548938566
2025-01-03 18:00:00,0.0,0.00018085834470634875
2025-01-03 19:00:00,0.0,0.00019543197664446507
2025-01-03 20:00:00,0.0,0.0002079954519999491
2025-01-03 21:00:00,0.0,0.0002079954519999491
2025-01-03 22:00:00,0.0,0.00020945911345488934
2025-01-03 23:00:00,0.0,0.00019875443888098338
2025-01-04 00:00:00,0.0,0.00013692593194401743
2025-01-04 01:00:00,0.0,0.00032323274165018507
2025-01-04 02:00:00,0.0,0.0009019480060709244
2025-01-04 03:00:00,0.0,0.04175272462824336
2025-01-04 04:00:00,0.0,0.02012886036176178
2025-01-04 05:00:00,0.0,0.0065302523722532025
2025-01-04 06:00:00,0.0,0.0714529712088099
2025-01-04 07:00:00,0.0,0.10797799661030984
2025-01-04 08:00:00,0.0,0.1117594778510803
2025-01-04 09:00:00,0.0,0.026135497167926278
2025-01-04 10:00:00,0.0,0.02374841923263368
2025-01-04 11:00:00,0.0,0.0711053396666791
2025-01-04 12:00:00,0.0,0.09590099383080011
2025-01-04 13:00:00,0.0,0.004264967809848593
2025-01-04 14:00:00,0.0,0.021687137635352446
2025-01-04 15:00:00,0.0,0.043797246240197846
2025-01-04 16:00:00,0.0,0.013881281653015304
2025-01-04 17:00:00,0.0,0.0038421316125249196
2025-01-04 18:00:00,0.0,0.003399553480311957
2025-01-04 19:00:00,0.0,0.00019905465587452233
2025-01-04 20:00:00,0.0,0.00021738425152683182
2025-01-04 21:00:00,0.0,0.00021738425152683182
2025-01-04 22:00:00,0.0,0.00019868918602617097
2025-01-04 23:00:00,0.0,0.00020700326010993563
2025-01-05 00:00:00,0.0,0.004822461513375979
2025-01-05 01:00:00,0.0,0.08364095069991136
2025-01-05 02:00:00,0.0,0.055770929773552295
2025-01-05 03:00:00,0.0,0.03421690974785764
2025-01-05 04:00:00,0.0,0.031087041729069082
2025-01-05 05:00:00,0.0,0.03865023411850005
2025-01-05 06:00:00,0.0,0.02372846634771214
2025-01-05 07:00:00,0.0,0.011836924337760497
2025-01-05 08:00:00,0.0,0.05272866164314426
2025-01-05 09:00:00,0.0,0.08672019132525333
2025-01-05 10:00:00,0.0,0.04562079328512717
2025-01-05 11:00:00,0.0,0.04400819070222351
2025-01-05 12:00:00,0.0,0.03165700588258775
2025-01-05 13:00:00,0.0,0.001453185246321402
2025-01-05 14:00:00,0.0,0.002118475017012248
2025-01-05 15:00:00,0.0,0.002123016848958739
2025-01-05 16:00:00,0.0,0.00021847501701225243
2025-01-05 17:00:00,0.0,0.00018085834470634875
2025-01-05 18:00:00,0.0,0.00018900859233989383
2025-01-05 19:00:00,0.0,0.0001904722537948341
2025-01-05 20:00:00,0.0,0.0001904722537948341
2025-01-05 21:00:00,0.0,0.0005797675792209262
2025-01-05 22:00:00,0.0,0.00018828472844580396
2025-01-05 23:00:00,0.0,0.0005052736391868743
2025-01-06 00:00:00,0.0,0.019000268680811
2025-01-06 01:00:00,0.0,0.08345342429774044
2025-01-06 02:00:00,0.09999999999999912,0.037113063089947745
2025-01-06 03:00:00,0.5999999999999991,0.044767803858766254
2025-01-06 04:00:00,0.6999999999999991,0.1634480701865736
2025-01-06 05:00:00,0.6999999999999991,0.10140770091476602
2025-01-06 06:00:00,0.6999999999999991,0.07525019310418404
2025-01-06 07:00:00,0.6999999999999991,0.037075483477019916
2025-01-06 08:00:00,0.5999999999999991,1.1129654643701445
2025-01-06 09:00:00,0.09999999999999912,2.7610286876281624
2025-01-06 10:00:00,0.0,1.3038734832001257
2025-01-06 11:00:00,0.0,0.6044729584867836
2025-01-06 12:00:00,0.0,0.23496604278389766
2025-01-06 13:00:00,0.0,0.18196870607826762
2025-01-06 14:00:00,0.0,0.2950063877695086
2025-01-06 15:00:00,0.0,0.3096600755853154
2025-01-06 16:00:00,0.0,0.0803536253447323
2025-01-06 17:00:00,0.0,0.0912389429723919
2025-01-06 18:00:00,0.0,0.1204374936728967
2025-01-06 19:00:00,0.0,0.23732411551305554
2025-01-06 20:00:00,0.0,0.5248258860294065
2025-01-06 21:00:00,0.0,0.19316237350868623
2025-01-06 22:00:00,0.0,0.17234365192066153
2025-01-06 23:00:00,0.0,0.2311774075699172
2025-01-07 00:00:00,0.0,0.29331016845072483
2025-01-07 01:00:00,0.0,0.6128452786249626
2025-01-07 02:00:00,0.0,0.6154709110705601
2025-01-07 03:00:00,0.0,0.27779257700920135
2025-01-07 04:00:00,0.0,0.7069507337843213
2025-01-07 05:00:00,0.0,1.0600811778885284
2025-01-07 06:00:00,0.0,1.2007624352484614
2025-01-07 07:00:00,0.0,1.1792929114389372
2025-01-07 08:00:00,0.0,1.0691303269312467
2025-01-07 09:00:00,0.0,0.24959346236090277
2025-01-07 10:00:00,0.0,0.09787363858175209
2025-01-07 11:00:00,0.0,0.15471514770311037
2025-01-07 12:00:00,0.0,0.1706470950077254
2025-01-07 13:00:00,0.0,0.15108404189579255
2025-01-07 14:00:00,0.0,0.2137044569062982
2025-01-07 15:00:00,0.0,0.07074241494442185
2025-01-07 16:00:00,0.0,0.00017911161532603164
2025-01-07 17:00:00,0.0,0.022638660075171475
2025-01-07 18:00:00,0.0,0.04092203327854952
2025-01-07 19:00:00,0.0,0.00018900859233989383
2025-01-07 20:00:00,0.0,0.00017976757922092806
2025-01-07 21:00:00,0.0,0.00016938658780403192
2025-01-07 22:00:00,0.0,0.0009693865878040282
2025-01-07 23:00:00,0.0,0.00016938658780403192
2025-01-08 00:00:00,0.0,0.00012834352986432917
2025-01-08 01:00:00,0.0,0.00033354848021226885
2025-01-08 02:00:00,0.0,0.00033361373306708123
2025-01-08 03:00:00,0.0,0.00017976757922092806
2025-01-08 04:00:00,0.0,0.00017976757922092806
2025-01-08 05:00:00,0.0,0.0001904722537948341
2025-01-08 06:00:00,0.0,0.00017976757922092806
2025-01-08 07:00:00,0.0,0.0001904722537948341
2025-01-08 08:00:00,0.0,0.00018900859233989383
2025-01-08 09:00:00,0.0,0.00018944074678603698
2025-01-08 10:00:00,0.0,0.00017911161532603164
2025-01-08 11:00:00,0.0,0.00017911161532603164
2025-01-08 12:00:00,0.0,0.00017911161532603164
2025-01-08 13:00:00,0.0,0.00017911161532603164
2025-01-08 14:00:00,0.0,0.00017911161532603164
2025-01-08 15:00:00,0.0,0.00017911161532603164
2025-01-08 16:00:00,0.0,0.00017911161532603164
2025-01-08 17:00:00,0.0,0.00017911161532603164
2025-01-08 18:00:00,0.0,0.00017911161532603164
2025-01-08 19:00:00,0.0,0.00017911161532603164
2025-01-08 20:00:00,0.0,0.00017911161532603164
2025-01-08 21:00:00,0.0,0.00018944074678603698
2025-01-08 22:00:00,0.0,0.1358149712858523
2025-01-08 23:00:00,0.0,0.09565350719740093
2025-01-09 00:00:00,0.0,0.0266081943632876
2025-01-09 01:00:00,0.0,0.0213897294277012
2025-01-09 02:00:00,0.0,0.01226717560688907
2025-01-09 03:00:00,0.0,0.1616902358919433
2025-01-09 04:00:00,0.0,0.12853849512990595
2025-01-09 05:00:00,0.0,0.06049054560743016
2025-01-09 06:00:00,0.0,0.011311015620307056
2025-01-09 07:00:00,0.0,0.00976149002881702
2025-01-09 08:00:00,0.0,0.0038213933442091557
2025-01-09 09:00:00,0.0,0.0027582251441914557
2025-01-09 10:00:00,0.0,0.004086760284970581
2025-01-09 11:00:00,0.0,0.009316713965886108
2025-01-09 12:00:00,0.0,0.00828639061968878
2025-01-09 13:00:00,0.0,0.056539267650806996
2025-01-09 14:00:00,0.0,0.0498262323284212
2025-01-09 15:00:00,0.0,0.020126454593201826
2025-01-09 16:00:00,0.0,0.06625864063036226
2025-01-09 17:00:00,0.0,0.00040124629045543825
2025-01-09 18:00:00,0.0,0.06130149635567395
2025-01-09 19:00:00,0.0,0.006117313418974485
2025-01-09 20:00:00,0.0,0.015047030498751189
2025-01-09 21:00:00,0.0,0.0050080489896077935
2025-01-09 22:00:00,0.0,0.006030271211830002
2025-01-09 23:00:00,0.0,0.004065085833580196
2025-01-10 00:00:00,0.0,0.005752273750645987
2025-01-10 01:00:00,0.0,0.08124180565355447
2025-01-10 02:00:00,0.0,0.31272114858469985
2025-01-10 03:00:00,0.0,0.08064738011725275
2025-01-10 04:00:00,0.0,0.07296025442449822
2025-01-10 05:00:00,0.0,0.09941038809921458
2025-01-10 06:00:00,0.0,0.043009976887392116
2025-01-10 07:00:00,0.0,0.009120582004159444
2025-01-10 08:00:00,0.0,0.0025683659892618777
2025-01-10 09:00:00,0.0,0.002792027961092863
2025-01-10 10:00:00,0.0,0.004318301739444499
2025-01-10 11:00:00,0.0,0.022515167755048977
2025-01-10 12:00:00,0.0,0.009967937906251906
2025-01-10 13:00:00,0.0,0.024921262119961093
2025-01-10 14:00:00,0.0,0.010907435374659807
2025-01-10 15:00:00,0.0,0.007433499684229773
2025-01-10 16:00:00,0.0,0.028319399697944284
2025-01-10 17:00:00,0.0,0.0027703550253415548
2025-01-10 18:00:00,0.0,0.011478728593412167
2025-01-10 19:00:00,0.0,0.06758413365707647
2025-01-10 20:00:00,0.0,0.031799225333076796
2025-01-10 21:00:00,0.0,0.03967288065180122
2025-01-10 22:00:00,0.0,0.03345389642482456
2025-01-10 23:00:00,0.0,0.006442714760380658
2025-01-11 00:00:00,0.0,0.04059533918185385
2025-01-11 01:00:00,0.0,0.007876317368250124
2025-01-11 02:00:00,0.0,0.02578963132723111
2025-01-11 03:00:00,0.0,0.015227928106424872
2025-01-11 04:00:00,0.0,0.00944794500878409
2025-01-11 05:00:00,0.0,0.015562554722841364
2025-01-11 06:00:00,0.0,0.03360864636980423
2025-01-11 07:00:00,0.0,0.005282045846232143
2025-01-11 08:00:00,0.0,0.00742587632036883
2025-01-11 09:00:00,0.0,0.04908280489898864
2025-01-11 10:00:00,0.0,0.05046199573296279
2025-01-11 11:00:00,0.0,0.0532946354856996
2025-01-11 12:00:00,0.0,0.07590153502716884
2025-01-11 13:00:00,0.7999999999999992,0.017644691097274665
2025-01-11 14:00:00,4.199999999999999,0.10444383989853158
2025-01-11 15:00:00,5.999999999999999,0.1609303717465242
2025-01-11 16:00:00,6.599999999999999,0.1067122612165776
2025-01-11 17:00:00,6.799999999999999,0.07963858789473353
2025-01-11 18:00:00,6.799999999999999,0.2026068387166187
2025-01-11 19:00:00,5.999999999999999,2.0712511773189513
2025-01-11 20:00:00,2.799999999999999,3.7480161168525505
2025-01-11 21:00:00,1.0999999999999988,5.408444659861665
2025-01-11 22:00:00,0.49999999999999867,6.073512148340288
2025-01-11 23:00:00,0.2999999999999987,4.08193766866207
2025-01-12 00:00:00,0.2999999999999987,4.0036835005096085
2025-01-12 01:00:00,0.7999999999999987,2.3730411060751884
2025-01-12 02:00:00,7.299999999999999,2.9270379450021156
2025-01-12 03:00:00,8.5,2.0844009896489375
2025-01-12 04:00:00,8.5,2.3608677162207
2025-01-12 05:00:00,8.6,1.1763445567257826
2025-01-12 06:00:00,8.6,2.0968674543970915
2025-01-12 07:00:00,8.1,3.451221000540597
2025-01-12 08:00:00,1.3999999999999984,4.374423669619576
2025-01-12 09:00:00,0.09999999999999823,3.898250100279203
2025-01-12 10:00:00,0.09999999999999823,2.9193395928031585
2025-01-12 11:00:00,0.0,2.952524305354812
2025-01-12 12:00:00,0.0,1.6487969856205784
2025-01-12 13:00:00,0.0,1.0968390713138514
2025-01-12 14:00:00,0.0,0.9263372993464839
2025-01-12 15:00:00,0.0,1.191185978424343
2025-01-12 16:00:00,0.0,0.8544397453579251
2025-01-12 17:00:00,0.0,0.4845985629610958
2025-01-12 18:00:00,0.0,0.7886312053542748
2025-01-12 19:00:00,0.0,0.30298451481742045
2025-01-12 20:00:00,0.0,0.4747368672730122
2025-01-12 21:00:00,0.0,0.0029689554694339966
2025-01-12 22:00:00,0.0,0.0007060632442882543
2025-01-12 23:00:00,0.0,0.001426224860449872
2025-01-13 00:00:00,0.0,2.1301783526797756e-05
2025-01-13 01:00:00,0.0,2.622486044987462e-05
2025-01-13 02:00:00,0.0,2.0002638227652506e-05
2025-01-13 03:00:00,0.0,2.0002638227652506e-05
2025-01-13 04:00:00,0.0,3.025904848406271e-05
2025-01-13 05:00:00,0.0,0.0018200026382276507
2025-01-13 06:00:00,0.0,0.0018200026382276507
2025-01-13 07:00:00,0.0,3.025904848406271e-05
2025-01-13 08:00:00,0.0,0.041870981035132274
2025-01-13 09:00:00,0.0,0.5582889547991664
2025-01-13 10:00:00,0.0,0.05374674670249629
2025-01-13 11:00:00,0.0,0.03667117149210516
2025-01-13 12:00:00,0.0,0.049360520797182283
2025-01-13 13:00:00,0.0,0.00021847501701225243
2025-01-13 14:00:00,0.0,0.0001876940174057199
2025-01-13 15:00:00,0.0,0.0001876940174057199
2025-01-13 16:00:00,0.0,0.0001876940174057199
2025-01-13 17:00:00,0.0,0.00017911161532603164
2025-01-13 18:00:00,0.0,0.00018085834470634875
2025-01-13 19:00:00,0.0,0.00018900859233989383
2025-01-13 20:00:00,0.0,0.0001904722537948341
2025-01-13 21:00:00,0.0,0.0001904722537948341
2025-01-13 22:00:00,0.0,0.00017976757922092806
2025-01-13 23:00:00,0.0,0.00017970232636611567
2025-01-14 00:00:00,0.0,0.00012834352986432917
2025-01-14 01:00:00,0.0,0.0009019480060709244
2025-01-14 02:00:00,0.0,0.01709423625681697
2025-01-14 03:00:00,0.0,0.003263743992134862
2025-01-14 04:00:00,0.0,0.002563743992134866
2025-01-14 05:00:00,0.0,0.002942232568584776
2025-01-14 06:00:00,0.0,0.002037933505477662
2025-01-14 07:00:00,0.0,0.0017533044862816333
2025-01-14 08:00:00,0.0,0.0033444119256287714
2025-01-14 09:00:00,0.0,0.001992881494621617
2025-01-14 10:00:00,0.0,0.03422160699747202
2025-01-14 11:00:00,0.0,0.005730906495719775
2025-01-14 12:00:00,0.0,0.004475316179290444
2025-01-14 13:00:00,0.0,0.016614633403954433
2025-01-14 14:00:00,0.0,0.012794401714312106
2025-01-14 15:00:00,0.0,0.06684923043942131
2025-01-14 16:00:00,0.0,0.007311925993760742
2025-01-14 17:00:00,0.0,0.015146275015617197
2025-01-14 18:00:00,0.0,0.03973799487944337
2025-01-14 19:00:00,0.0,0.019315772657221217
2025-01-14 20:00:00,0.0,0.06433907312147041
2025-01-14 21:00:00,0.0,0.9173118698072383
2025-01-14 22:00:00,0.0,0.08187677767388177
2025-01-14 23:00:00,0.0,0.6351752673334081
2025-01-15 00:00:00,0.0,0.3442294293013884
2025-01-15 01:00:00,0.0,0.011141347297321883
2025-01-15 02:00:00,0.0,0.0058959371570186945
2025-01-15 03:00:00,0.0,0.0031983605696734754
2025-01-15 04:00:00,0.0,0.0067259556319178475
2025-01-15 05:00:00,0.0,0.0037307349221845916
2025-01-15 06:00:00,0.0,0.0028231243027155707
2025-01-15 07:00:00,0.0,0.002844077223231743
2025-01-15 08:00:00,0.0,0.005752393441096199
2025-01-15 09:00:00,0.0,0.018252537813439173
2025-01-15 10:00:00,0.0,0.03703476702604745
2025-01-15 11:00:00,0.0,0.048338978507036084
2025-01-15 12:00:00,0.0,0.17645218809153193
2025-01-15 13:00:00,0.0,0.09411299273224963
2025-01-15 14:00:00,0.0,0.10386977367314398
2025-01-15 15:00:00,0.19999999999999823,0.10238923203867761
2025-01-15 16:00:00,0.29999999999999827,0.0429274567197076
2025-01-15 17:00:00,0.29999999999999827,0.03813988998287744
2025-01-15 18:00:00,0.29999999999999827,0.05230916198887876
2025-01-15 19:00:00,0.29999999999999827,0.032774552777144576
2025-01-15 20:00:00,0.29999999999999827,0.0338847504040514
2025-01-15 21:00:00,0.09999999999999823,0.37642699145090597
2025-01-15 22:00:00,0.0,2.6788809389643307
2025-01-15 23:00:00,0.0,1.1159331015776586
2025-01-16 00:00:00,0.2999999999999982,1.3926325912377373
2025-01-16 01:00:00,0.2999999999999982,0.8629282977034621
2025-01-16 02:00:00,0.2999999999999982,0.8421820520936446
2025-01-16 03:00:00,0.2999999999999982,0.5661972713347461
2025-01-16 04:00:00,0.2999999999999982,1.4739529331407015
2025-01-16 05:00:00,0.2999999999999982,1.250555527323699
2025-01-16 06:00:00,0.0,1.1742420812656458
2025-01-16 07:00:00,0.0,1.0828662515638714
2025-01-16 08:00:00,0.0,1.1749658376458774
2025-01-16 09:00:00,0.0,2.0036269666523676
2025-01-16 10:00:00,0.0,1.7676165313826728
2025-01-16 11:00:00,0.0,0.598014765717889
2025-01-16 12:00:00,0.0,0.25759879758138376
2025-01-16 13:00:00,0.0,0.0588051663502063
2025-01-16 14:00:00,0.0,0.011142466990651937
2025-01-16 15:00:00,0.0,0.02952232428153754
2025-01-16 16:00:00,0.0,0.007295896128117983
2025-01-16 17:00:00,0.0,0.04020473297674458
2025-01-16 18:00:00,0.0,0.274571731093919
2025-01-16 19:00:00,0.0,0.14877237506874405
2025-01-16 20:00:00,0.0,0.17183212216915011
2025-01-16 21:00:00,0.0,0.012711802800734733
2025-01-16 22:00:00,0.0,0.7221812150778547
2025-01-16 23:00:00,0.0,0.7396412150778547
2025-01-17 00:00:00,0.0,0.21052146779809108
2025-01-17 01:00:00,0.0,1.5615214751303257
2025-01-17 02:00:00,0.0,0.379375129369881
2025-01-17 03:00:00,0.0,1.2748140456970132
2025-01-17 04:00:00,0.0,0.992454045697013
2025-01-17 05:00:00,0.0,0.967164521887489
2025-01-17 06:00:00,0.0,0.00036100496820142973
2025-01-17 07:00:00,0.0,0.00018943012517492032
2025-01-17 08:00:00,0.0,0.00020020005260363877
2025-01-17 09:00:00,0.0,0.00019916854559484166
2025-01-17 10:00:00,0.0,0.0002489497037878619
2025-01-17 11:00:00,0.0,0.00025746504566812766
2025-01-17 12:00:00,0.0,0.00017911161532603164
2025-01-17 13:00:00,0.0,0.00017911161532603164
2025-01-17 14:00:00,0.0,0.00017911161532603164
2025-01-17 15:00:00,0.0,0.00017911161532603164
2025-01-17 16:00:00,0.0,0.00017911161532603164
2025-01-17 17:00:00,0.0,0.00017911161532603164
2025-01-17 18:00:00,0.0,0.00018085834470634875
2025-01-17 19:00:00,0.0,0.00018900859233989383
2025-01-17 20:00:00,0.0,0.0001904722537948341
2025-01-17 21:00:00,0.0,0.00017970232636611567
2025-01-17 22:00:00,0.0,0.00016938658780403192
2025-01-17 23:00:00,0.0,0.18380058620142353
2025-01-18 00:00:00,0.0,0.2141020227165707
2025-01-18 01:00:00,0.0,0.012669735357244917
2025-01-18 02:00:00,0.0,0.04973290015621195
2025-01-18 03:00:00,0.0,0.014093871450848578
2025-01-18 04:00:00,0.0,0.005036214518837489
2025-01-18 05:00:00,0.0,0.04019259511180386
2025-01-18 06:00:00,0.0,0.019409755754773828
2025-01-18 07:00:00,0.0,0.022621149585150883
2025-01-18 08:00:00,0.0,0.12400633618875323
2025-01-18 09:00:00,0.0,0.032989613323772565
2025-01-18 10:00:00,0.0,0.12730246979161258
2025-01-18 11:00:00,0.0,0.0546924365925377
2025-01-18 12:00:00,0.0,0.02841135166674957
2025-01-18 13:00:00,0.0,0.05811622170690048
2025-01-18 14:00:00,0.0,0.18339844642885778
2025-01-18 15:00:00,0.0,0.10903427890494218
2025-01-18 16:00:00,0.0,0.03518945496680782
2025-01-18 17:00:00,0.0,0.0820336711703201
2025-01-18 18:00:00,0.0,0.08144839269987522
2025-01-18 19:00:00,0.0,0.07459568402871847
2025-01-18 20:00:00,0.0,0.09315423914975492
2025-01-18 21:00:00,0.0,0.10850599277107201
2025-01-18 22:00:00,0.0,0.08680838733032673
2025-01-18 23:00:00,0.0,0.15606279973875245
2025-01-19 00:00:00,0.0,0.4152094276220692
2025-01-19 01:00:00,0.0,0.12351876849141237
2025-01-19 02:00:00,0.0,0.02113763368812855
2025-01-19 03:00:00,0.0,0.01963426622124407
2025-01-19 04:00:00,0.0,0.020812608833923177
2025-01-19 05:00:00,0.0,0.020706622655257755
2025-01-19 06:00:00,0.0,0.017592737723012564
2025-01-19 07:00:00,0.0,0.015228214395426775
2025-01-19 08:00:00,0.0,0.026733872539595454
2025-01-19 09:00:00,0.0,0.023911974026561037
2025-01-19 10:00:00,0.0,0.03860449592844499
2025-01-19 11:00:00,0.0,0.08609098115410606
2025-01-19 12:00:00,0.0,0.15580536324031152
2025-01-19 13:00:00,0.0,0.07884302100921398
2025-01-19 14:00:00,0.0,0.03699047126274006
2025-01-19 15:00:00,0.0,0.04630239810874938
2025-01-19 16:00:00,0.0,0.19217839555511046
2025-01-19 17:00:00,0.0,0.08939479578752445
2025-01-19 18:00:00,0.0,0.1352346631508393
2025-01-19 19:00:00,0.0,0.23944488442887582
2025-01-19 20:00:00,0.0,0.20308758856113673
2025-01-19 21:00:00,0.0,0.08506828849010227
2025-01-19 22:00:00,0.0,0.29232487943484475
2025-01-19 23:00:00,0.0,0.5786928493036452
2025-01-20 00:00:00,0.0,0.0004982444773087132
2025-01-20 01:00:00,0.0,0.0007010969618318733
2025-01-20 02:00:00,0.0,0.0015025606232868102
2025-01-20 03:00:00,0.0,0.0011472508079857174
2025-01-20 04:00:00,0.0,0.00034871446944066133
2025-01-20 05:00:00,0.0,1.2890853639588655
2025-01-20 06:00:00,0.0,0.7216007462189534
2025-01-20 07:00:00,0.0,0.7019407227090287
2025-01-20 08:00:00,0.0,0.12850606948193444
2025-01-20 09:00:00,0.0,0.0002663732876249036
2025-01-20 10:00:00,0.0,0.0002732089603242748
2025-01-20 11:00:00,0.0,0.0002646265582445865
2025-01-20 12:00:00,0.0,0.00032230386776093317
2025-01-20 13:00:00,0.0,0.0002607958085855889
2025-01-20 14:00:00,0.0,0.0002652258959676907
2025-01-20 15:00:00,0.0,0.00025117028158309934
2025-01-20 16:00:00,0.0,0.0002646265582445865
2025-01-20 17:00:00,0.0,0.0002646265582445865
2025-01-20 18:00:00,0.0,0.0002646265582445865
2025-01-20 19:00:00,0.0,0.00027236451748333167
2025-01-20 20:00:00,0.0,0.00034725080798572104
2025-01-20 21:00:00,0.0,0.00034725080798572104
2025-01-20 22:00:00,0.0,0.00034725080798572104
2025-01-20 23:00:00,0.0,0.00034871446944066133
2025-01-21 00:00:00,0.0,0.000498051333899732
2025-01-21 01:00:00,0.0,0.0007025606232868137
2025-01-21 02:00:00,0.0,0.0007025606232868137
2025-01-21 03:00:00,0.0,0.00034871446944066133
2025-01-21 04:00:00,0.0,0.00034871446944066133
2025-01-21 05:00:00,0.0,0.0006266496253444724
2025-01-21 06:00:00,0.0,0.00034871446944066133
2025-01-21 07:00:00,0.0,0.00034871446944066133
2025-01-21 08:00:00,0.0,0.00034725080798572104
2025-01-21 09:00:00,0.0,0.0002732089603242748
2025-01-21 10:00:00,0.0,0.02585385529580113
2025-01-21 11:00:00,0.0,0.045694094155626044
2025-01-21 12:00:00,0.0,0.07809817168961997
2025-01-21 13:00:00,0.0,0.02907100810151863
2025-01-21 14:00:00,0.0,0.0002646265582445865
2025-01-21 15:00:00,0.0,0.00030478154023746165
2025-01-21 16:00:00,0.0,0.00033416834622877425
2025-01-21 17:00:00,0.0,0.000320590607887061
2025-01-21 18:00:00,0.0,0.00030478154023746165
2025-01-21 19:00:00,0.0,0.00030478154023746165
2025-01-21 20:00:00,0.0,0.0002663732876249036
2025-01-21 21:00:00,0.0,0.00034725080798572104
2025-01-21 22:00:00,0.0,0.00034725080798572104
2025-01-21 23:00:00,0.0,0.00034871446944066133
2025-01-22 00:00:00,0.0,5.955073492388004e-05
2025-01-22 01:00:00,0.0,8.77863159926408e-05
2025-01-22 02:00:00,0.0,8.77863159926408e-05
2025-01-22 03:00:00,0.0,0.00037642614647035794
2025-01-22 04:00:00,0.0,0.00040581295246167043
2025-01-22 05:00:00,0.0,0.00037642614647035794
2025-01-22 06:00:00,0.0,0.0005415243628775039
2025-01-22 07:00:00,0.0,0.0005228945502316555
2025-01-22 08:00:00,0.0,9.552483621578897e-05
2025-01-22 09:00:00,0.0,0.000952021328508146
2025-01-22 10:00:00,0.0,0.004671527192624687
2025-01-22 11:00:00,0.0,0.05221488940497426
2025-01-22 12:00:00,0.0,0.010940386923931272
2025-01-22 13:00:00,0.0,0.0027277289694877726
2025-01-22 14:00:00,0.0,0.09764353712917043
2025-01-22 15:00:00,0.0,0.010351538493297254
2025-01-22 16:00:00,0.0,0.0534171444782119
2025-01-22 17:00:00,0.0,0.5805020376924407
2025-01-22 18:00:00,0.0,0.1917245899597458
2025-01-22 19:00:00,0.09999999999999823,0.23705041456803622
2025-01-22 20:00:00,0.09999999999999823,0.5251498958753951
2025-01-22 21:00:00,0.09999999999999823,0.42973866371042424
2025-01-22 22:00:00,0.19999999999999823,0.5449933769164176
2025-01-22 23:00:00,0.19999999999999823,0.30451871782234535
2025-01-23 00:00:00,0.19999999999999823,1.487157467661479
2025-01-23 01:00:00,0.09999999999999823,2.1378210808776195
2025-01-23 02:00:00,0.09999999999999823,1.4474043552121638
2025-01-23 03:00:00,0.09999999999999823,0.9890340086622268
2025-01-23 04:00:00,0.0,0.8890772172516563
2025-01-23 05:00:00,0.0,2.8713763508578474
2025-01-23 06:00:00,0.0,0.3888541775253841
2025-01-23 07:00:00,0.0,0.04517999999999956
2025-01-23 08:00:00,0.0,0.07558571428571398
2025-01-23 09:00:00,0.0,0.08906580875243751
2025-01-23 10:00:00,0.0,0.04127714257143266
2025-01-23 11:00:00,0.0,0.01859165030672799
2025-01-23 12:00:00,0.0,0.002095601417681287
2025-01-23 13:00:00,0.0,2.806128539508814e-05
2025-01-23 14:00:00,0.0,0.06373754263602814
2025-01-23 15:00:00,0.0,0.0073121767823696926
2025-01-23 16:00:00,0.0,0.03632217678236966
2025-01-23 17:00:00,0.0,0.0012514577470893974
2025-01-23 18:00:00,0.0,0.006998048670390766
2025-01-23 19:00:00,0.0,0.003314384183710073
2025-01-23 20:00:00,0.0,0.010614384183710072
2025-01-23 21:00:00,0.0,0.021155822886850917
2025-01-23 22:00:00,0.0,0.018022489553517578
2025-01-23 23:00:00,0.0,0.015675564614050258
2025-01-24 00:00:00,0.0,0.007389274065849346
2025-01-24 01:00:00,0.0,0.053942342980502496
2025-01-24 02:00:00,0.0,0.0031000587371800446
2025-01-24 03:00:00,0.0,0.012420058737180021
2025-01-24 04:00:00,0.0,0.0009380361251531544
2025-01-24 05:00:00,0.0,6.980810189468177e-05
2025-01-24 06:00:00,0.0,7.795834952822687e-05
2025-01-24 07:00:00,0.0,7.795834952822687e-05
2025-01-24 08:00:00,0.0,6.980810189468177e-05
2025-01-24 09:00:00,0.0,6.80613725143647e-05
2025-01-24 10:00:00,0.0,6.80613725143647e-05
2025-01-24 11:00:00,0.0,6.80613725143647e-05
2025-01-24 12:00:00,0.0,6.445062834879893e-05
2025-01-24 13:00:00,0.0,6.496709058249809e-05
2025-01-24 14:00:00,0.0,6.496709058249809e-05
2025-01-24 15:00:00,0.0,6.496709058249809e-05
2025-01-24 16:00:00,0.0,6.445062834879893e-05
2025-01-24 17:00:00,0.0,6.445062834879893e-05
2025-01-24 18:00:00,0.0,6.445062834879893e-05
2025-01-24 19:00:00,0.0,6.445062834879893e-05
2025-01-24 20:00:00,0.0,6.445062834879893e-05
2025-01-24 21:00:00,0.0,6.445062834879893e-05
2025-01-24 22:00:00,0.0,6.445062834879893e-05
2025-01-24 23:00:00,0.0,6.445062834879893e-05
2025-01-25 00:00:00,0.0,4.977556667736086e-05
2025-01-25 01:00:00,0.0,6.80613725143647e-05
2025-01-25 02:00:00,0.0,6.80613725143647e-05
2025-01-25 03:00:00,0.0,6.80613725143647e-05
2025-01-25 04:00:00,0.0,6.80613725143647e-05
2025-01-25 05:00:00,0.0,6.80613725143647e-05
2025-01-25 06:00:00,0.0,6.980810189468177e-05
2025-01-25 07:00:00,0.0,6.80613725143647e-05
2025-01-25 08:00:00,0.0,6.80613725143647e-05
2025-01-25 09:00:00,0.0,6.80613725143647e-05
2025-01-25 10:00:00,0.0,6.80613725143647e-05
2025-01-25 11:00:00,0.0,6.80613725143647e-05
2025-01-25 12:00:00,0.0,6.445062834879893e-05
2025-01-25 13:00:00,0.0,6.445062834879893e-05
2025-01-25 14:00:00,0.0,6.496709058249809e-05
2025-01-25 15:00:00,0.0,6.496709058249809e-05
2025-01-25 16:00:00,0.0,6.445062834879893e-05
2025-01-25 17:00:00,0.0,6.445062834879893e-05
2025-01-25 18:00:00,0.0,6.445062834879893e-05
2025-01-25 19:00:00,0.0,6.445062834879893e-05
2025-01-25 20:00:00,0.0,6.445062834879893e-05
2025-01-25 21:00:00,0.0,6.445062834879893e-05
2025-01-25 22:00:00,0.0,6.445062834879893e-05
2025-01-25 23:00:00,0.0,6.619735772911601e-05
2025-01-26 00:00:00,0.0,5.1522296057677945e-05
2025-01-26 01:00:00,0.0,6.980810189468177e-05
2025-01-26 02:00:00,0.0,6.980810189468177e-05
2025-01-26 03:00:00,0.0,6.980810189468177e-05
2025-01-26 04:00:00,0.0,6.980810189468177e-05
2025-01-26 05:00:00,0.0,6.980810189468177e-05
2025-01-26 06:00:00,0.0,7.942201098316712e-05
2025-01-26 07:00:00,0.0,7.942201098316712e-05
2025-01-26 08:00:00,0.0,7.795834952822687e-05
2025-01-26 09:00:00,0.0,0.00013855436577332427
2025-01-26 10:00:00,0.0,0.00012758949757358238
2025-01-26 11:00:00,0.0,8.704823217441997e-05
2025-01-26 12:00:00,0.0,7.303303042848718e-05
2025-01-26 13:00:00,0.0,7.303303042848718e-05
2025-01-26 14:00:00,0.0,6.496709058249809e-05
2025-01-26 15:00:00,0.0,6.496709058249809e-05
2025-01-26 16:00:00,0.0,8.343748800885419e-05
2025-01-26 17:00:00,0.0,0.0007108053495463021
2025-01-26 18:00:00,0.0,7.303303042848718e-05
2025-01-26 19:00:00,0.0,7.303303042848718e-05
2025-01-26 20:00:00,0.0,0.0006324846799967779
2025-01-26 21:00:00,0.0,0.00011441237967013524
2025-01-26 22:00:00,0.0,8.293000744234936e-05
2025-01-26 23:00:00,0.0,8.293000744234936e-05
2025-01-27 00:00:00,0.0,5.279707632089094e-05
2025-01-27 01:00:00,0.0,7.85319706691902e-05
2025-01-27 02:00:00,0.0,7.85319706691902e-05
2025-01-27 03:00:00,0.0,8.96404512024907e-05
2025-01-27 04:00:00,0.0,0.00010004490878285769
2025-01-27 05:00:00,0.0,0.00011867472142870609
2025-01-27 06:00:00,0.0,0.007808102691861108
2025-01-27 07:00:00,0.0,0.05733511992294888
2025-01-27 08:00:00,0.0,0.015570934558035323
2025-01-27 09:00:00,0.0,0.006924678777587815
2025-01-27 10:00:00,0.0,0.0009517824822259438
2025-01-27 11:00:00,0.0,0.02904932699120995
2025-01-27 12:00:00,0.0,8.401110914981754e-05
2025-01-27 13:00:00,0.0,7.36066515694505e-05
2025-01-27 14:00:00,0.0,6.608666648843424e-05
2025-01-27 15:00:00,0.0,8.50830714963734e-05
2025-01-27 16:00:00,0.0,0.00019781492799363884
2025-01-27 17:00:00,0.0,0.00020377971377005027
2025-01-27 18:00:00,0.0,0.00020377971377005027
2025-01-27 19:00:00,0.0,0.0007232341946642306
2025-01-27 20:00:00,0.0,0.0001078134241632188
2025-01-27 21:00:00,0.0,7.382462572717937e-05
2025-01-27 22:00:00,0.0,7.59836435022964e-05
2025-01-27 23:00:00,0.0,0.00010248304971071524
2025-01-28 00:00:00,0.0,0.00022205483495909374
2025-01-28 01:00:00,0.0,0.002382304189866671
2025-01-28 02:00:00,0.0,0.0011823041898666867
2025-01-28 03:00:00,0.0,0.0012628521350721658
2025-01-28 04:00:00,0.0,0.0012628521350721658
2025-01-28 05:00:00,0.0,0.0011823041898666867
2025-01-28 06:00:00,0.0,0.00019111862319645516
2025-01-28 07:00:00,0.0,9.898249178418572e-05
2025-01-28 08:00:00,0.0,9.751883032924546e-05
2025-01-28 09:00:00,0.0,0.0023807526093465167
2025-01-28 10:00:00,0.0,0.0027269232527355825
2025-01-28 11:00:00,0.0,0.0020357218053621545
2025-01-28 12:00:00,0.0,0.008812829296002054
2025-01-28 13:00:00,0.0,0.0027059776299532884
2025-01-28 14:00:00,0.0,0.04540767740899394
2025-01-28 15:00:00,0.0,0.10362179244152063
2025-01-28 16:00:00,0.0,0.008498676042651683
2025-01-28 17:00:00,0.0,0.0004503158792516325
2025-01-28 18:00:00,0.0,0.007009430594793521
2025-01-28 19:00:00,0.0,0.0028896940957924464
2025-01-28 20:00:00,0.0,0.0241896166073756
2025-01-28 21:00:00,0.0,0.012900500625823123
2025-01-28 22:00:00,0.0,0.010132015219656575
2025-01-28 23:00:00,0.0,0.010808973253390157
2025-01-29 00:00:00,0.0,0.005993988165623715
2025-01-29 01:00:00,0.0,0.0015363791583024038
2025-01-29 02:00:00,0.0,0.01280066283581045
2025-01-29 03:00:00,0.0,0.00011381875483012084
2025-01-29 04:00:00,0.0,0.0001791687880278218
2025-01-29 05:00:00,0.0,0.5384929674707997
2025-01-29 06:00:00,0.0,0.2553814114951436
2025-01-29 07:00:00,0.0,0.28456796221752234
2025-01-29 08:00:00,0.0,0.44070031036474283
2025-01-29 09:00:00,0.0,0.011403225360522557
2025-01-29 10:00:00,0.0,8.762185331538329e-05
2025-01-29 11:00:00,0.0,6.863499365532806e-05
2025-01-29 12:00:00,0.0,6.554071172346143e-05
2025-01-29 13:00:00,0.0,6.554071172346143e-05
2025-01-29 14:00:00,0.0,6.554071172346143e-05
2025-01-29 15:00:00,0.0,7.412311380314968e-05
2025-01-29 16:00:00,0.0,0.00010490411340968221
2025-01-29 17:00:00,0.0,0.11639562353142405
2025-01-29 18:00:00,0.0,0.0009137175913015912
2025-01-29 19:00:00,0.0,7.36066515694505e-05
2025-01-29 20:00:00,0.0,7.36066515694505e-05
2025-01-29 21:00:00,0.0,8.401110914981754e-05
2025-01-29 22:00:00,0.0,7.492122650362445e-05
2025-01-29 23:00:00,0.0,7.638488795856472e-05
2025-01-30 00:00:00,0.0,6.118633499159804e-05
2025-01-30 01:00:00,0.0,8.857803420381876e-05
2025-01-30 02:00:00,0.0,0.00010088879063939776
2025-01-30 03:00:00,0.0,0.0007957663320250746
2025-01-30 04:00:00,0.0,0.002907160525668953
2025-01-30 05:00:00,0.0,0.000277255832728919
2025-01-30 06:00:00,0.0,0.1672459524962069
2025-01-30 07:00:00,0.0,0.048893282000497675
2025-01-30 08:00:00,0.0,0.2583494203442115
2025-01-30 09:00:00,0.0,0.29606641282724483
2025-01-30 10:00:00,0.0,0.08383970561497668
2025-01-30 11:00:00,0.0,0.04587694109234286
2025-01-30 12:00:00,0.0,0.006415085734493205
2025-01-30 13:00:00,0.0,0.006162621121891015
2025-01-30 14:00:00,0.0,0.00618041576470268
2025-01-30 15:00:00,0.0,0.02075649984979946
2025-01-30 16:00:00,0.0,0.007530540421719568
2025-01-30 17:00:00,0.0,0.03992254015894414
2025-01-30 18:00:00,0.0,0.02137420825360043
2025-01-30 19:00:00,0.0,0.07909572165030396
2025-01-30 20:00:00,0.0,0.010095156904640275
2025-01-30 21:00:00,0.0,0.007119436583232464
2025-01-30 22:00:00,0.0,0.005624310256443798
2025-01-30 23:00:00,0.0,0.013238890834634842
2025-01-31 00:00:00,0.0,0.26059581258638614
2025-01-31 01:00:00,0.0,0.11417536370565516
2025-01-31 02:00:00,0.0,0.786285839896131
2025-01-31 03:00:00,0.0,0.05554635701690833
2025-01-31 04:00:00,0.0,0.04405401855601167
2025-01-31 05:00:00,0.0,0.026529146544413143
2025-01-31 06:00:00,0.0,0.6644698702123072
2025-01-31 07:00:00,0.0,0.1939904310635344
2025-01-31 08:00:00,0.0,0.3498083747426021
2025-01-31 09:00:00,0.0,0.03807665801527276
2025-01-31 10:00:00,0.0,0.07737584236087144
2025-01-31 11:00:00,0.0,0.09418779722166
2025-01-31 12:00:00,0.0,0.02240627839679946
2025-01-31 13:00:00,0.0,0.09416125406760174
2025-01-31 14:00:00,0.0,0.10544912458706963
2025-01-31 15:00:00,0.0,0.072970843585087
2025-01-31 16:00:00,0.0,0.11919891681515776
2025-01-31 17:00:00,0.0,0.09326369344362395
2025-01-31 18:00:00,0.0,0.08787683852277077
2025-01-31 19:00:00,0.0,0.19290498710701004
2025-01-31 20:00:00,0.0,0.1285229850271575
2025-01-31 21:00:00,0.0,0.00010486790358084715
2025-01-31 22:00:00,0.0,6.608666648843424e-05
2025-01-31 23:00:00,0.0,6.608666648843424e-05
2025-02-01 00:00:00,0.0,9.263023204715742e-05
2025-02-01 01:00:00,0.0,0.00021494985318399595
2025-02-01 02:00:00,0.0,0.00021494985318399595
2025-02-01 03:00:00,0.0,0.00021494985318399595
2025-02-01 04:00:00,0.0,0.0009209799215368781
2025-02-01 05:00:00,0.0,0.0002762233003412792
2025-02-01 06:00:00,0.0,0.028592107172147888
2025-02-01 07:00:00,0.0,0.0029906060088537093
2025-02-01 08:00:00,0.0,0.012106590565991459
2025-02-01 09:00:00,0.0,0.018126039975706377
2025-02-01 10:00:00,0.0,0.032239575281009375
2025-02-01 11:00:00,0.0,0.05133603358905909
2025-02-01 12:00:00,0.0,0.002975349189895068
2025-02-01 13:00:00,0.0,0.03052361524067878
2025-02-01 14:00:00,0.0,0.02725096750329324
2025-02-01 15:00:00,0.0,0.07085573073453315
2025-02-01 16:00:00,0.0,0.025299991836146687
2025-02-01 17:00:00,0.0,0.22586311209471802
2025-02-01 18:00:00,0.0,0.17826230186461903
2025-02-01 19:00:00,0.0,0.2314748207010133
2025-02-01 20:00:00,0.0,0.07758555697101509
2025-02-01 21:00:00,0.0,1.0603436987773869
2025-02-01 22:00:00,0.0,0.5024214597766958
2025-02-01 23:00:00,0.0,9.860711018078678e-05
2025-02-02 00:00:00,0.0,1.161342364306083
2025-02-02 01:00:00,0.0,0.9548632607436721
2025-02-02 02:00:00,0.0,1.2366733084967425
2025-02-02 03:00:00,0.0,0.023289099902202234
2025-02-02 04:00:00,0.0,0.00031489513775926866
2025-02-02 05:00:00,0.0,1.0819636680916245
2025-02-02 06:00:00,0.0,0.002794363571925855
2025-02-02 07:00:00,0.0,7.248009936197278e-05
2025-02-02 08:00:00,0.0,7.023780890530484e-05
2025-02-02 09:00:00,0.0,0.0010122460581084196
2025-02-02 10:00:00,0.0,0.04186548236256354
2025-02-02 11:00:00,0.0,7.984415378519706e-05
2025-02-02 12:00:00,0.0,6.629773383812395e-05
2025-02-02 13:00:00,0.0,8.597457297741844e-05
2025-02-02 14:00:00,0.0,0.00012559774649300914
2025-02-02 15:00:00,0.0,6.629773383812395e-05
2025-02-02 16:00:00,0.0,5.7246549959576076e-05
2025-02-02 17:00:00,0.0,5.673008772587693e-05
2025-02-02 18:00:00,0.0,5.673008772587693e-05
2025-02-02 19:00:00,0.0,5.673008772587693e-05
2025-02-02 20:00:00,0.0,5.847681710619402e-05
2025-02-02 21:00:00,0.0,6.662706473973908e-05
2025-02-02 22:00:00,0.0,6.662706473973908e-05
2025-02-02 23:00:00,0.0,6.662706473973908e-05
2025-02-03 00:00:00,0.0,4.430977114802441e-05
2025-02-03 01:00:00,0.0,7.170147036024511e-05
2025-02-03 02:00:00,0.0,7.170147036024511e-05
2025-02-03 03:00:00,0.0,7.170147036024511e-05
2025-02-03 04:00:00,0.0,7.170147036024511e-05
2025-02-03 05:00:00,0.0,7.254535221678517e-05
2025-02-03 06:00:00,0.0,0.00010339540896628871
2025-02-03 07:00:00,0.0,0.00010339540896628871
2025-02-03 08:00:00,0.0,7.170147036024511e-05
2025-02-03 09:00:00,0.0,0.0011706021692640422
2025-02-03 10:00:00,0.0,0.004020084233568629
2025-02-03 11:00:00,0.0,6.892323397113094e-05
2025-02-03 12:00:00,0.0,6.582895203926431e-05
2025-02-03 13:00:00,0.0,6.582895203926431e-05
2025-02-03 14:00:00,0.0,6.582895203926431e-05
2025-02-03 15:00:00,0.0,7.623340961963129e-05
2025-02-03 16:00:00,0.0,9.602778705198894e-05
2025-02-03 17:00:00,0.0,0.0005294852171856164
2025-02-03 18:00:00,0.0,0.000725087054012232
2025-02-03 19:00:00,0.0,0.007520572151537349
2025-02-03 20:00:00,0.09999999999999823,0.0032211786665198535
2025-02-03 21:00:00,0.09999999999999823,0.4699272353598898
2025-02-03 22:00:00,0.09999999999999823,1.0150263778193431
2025-02-03 23:00:00,0.09999999999999823,1.1528036583932249
2025-02-04 00:00:00,0.29999999999999827,2.0083244258916353
2025-02-04 01:00:00,0.29999999999999827,2.5583707373757756
2025-02-04 02:00:00,0.19999999999999823,1.4192321734764426
2025-02-04 03:00:00,0.19999999999999823,1.4286009083470477
2025-02-04 04:00:00,0.29999999999999827,1.137309567432532
2025-02-04 05:00:00,0.39999999999999825,2.500626377540303
2025-02-04 06:00:00,0.19999999999999823,1.4942366760473051
2025-02-04 07:00:00,0.19999999999999823,1.9918028459931305
2025-02-04 08:00:00,0.19999999999999823,1.7801949664410095
2025-02-04 09:00:00,0.19999999999999823,0.49727124455774097
2025-02-04 10:00:00,0.09999999999999823,0.9112012727495643
2025-02-04 11:00:00,0.0,0.5388266981266641
2025-02-04 12:00:00,0.0,0.3890574848788595
2025-02-04 13:00:00,0.0,0.5483968033237402
2025-02-04 14:00:00,0.0,0.4369621902368431
2025-02-04 15:00:00,0.0,0.5942966365462279
2025-02-04 16:00:00,0.0,1.5031069135938244
2025-02-04 17:00:00,0.0,0.32983730675736156
2025-02-04 18:00:00,0.09999999999999823,0.690178088558964
2025-02-04 19:00:00,0.09999999999999823,0.6142085289982122
2025-02-04 20:00:00,0.19999999999999823,0.46364880563351046
2025-02-04 21:00:00,2.0999999999999983,1.338959732904783
2025-02-04 22:00:00,3.4999999999999982,0.3158833817806945
2025-02-04 23:00:00,3.4999999999999982,0.38787500777931494
2025-02-05 00:00:00,3.3999999999999977,1.2248542175838621
2025-02-05 01:00:00,3.3999999999999977,1.2720599250860298
2025-02-05 02:00:00,3.299999999999998,1.356497765924965
2025-02-05 03:00:00,1.3999999999999981,3.4421681333906013
2025-02-05 04:00:00,0.0,2.718771705811802
2025-02-05 05:00:00,0.0,1.3068499235364939
2025-02-05 06:00:00,0.0,1.4907025055467977
2025-02-05 07:00:00,0.0,0.040351410317196225
2025-02-05 08:00:00,0.0,0.027011507444071464
2025-02-05 09:00:00,0.0,0.00369150744407148
2025-02-05 10:00:00,0.0,2.4840777404891935e-05
2025-02-05 11:00:00,0.0,0.055618618555182665
2025-02-05 12:00:00,0.0,0.00015195188851600022
2025-02-05 13:00:00,0.0,0.0021519518885159987
2025-02-05 14:00:00,0.0,0.040285285221849314
2025-02-05 15:00:00,0.0,0.0031533359715609777
2025-02-05 16:00:00,0.0,0.002153335971560981
2025-02-05 17:00:00,0.0,0.02345333597156097
2025-02-05 18:00:00,0.0,2.0002638227652506e-05
2025-02-05 19:00:00,0.0,0.0009533359715609811
2025-02-05 20:00:00,0.0,0.002420002638227644
2025-02-05 21:00:00,0.0,0.0032200026382276374
2025-02-05 22:00:00,0.0,0.003453335971560958
2025-02-05 23:00:00,0.0,0.01255333597156097
2025-02-06 00:00:00,0.0,0.032148412894637844
2025-02-06 01:00:00,0.0,0.03135333597156093
2025-02-06 02:00:00,0.0,0.06929333597156091
2025-02-06 03:00:00,0.0,0.17580697350620292
2025-02-06 04:00:00,0.0,0.24319723263109097
2025-02-06 05:00:00,0.0,6.034083189144268e-05
2025-02-06 06:00:00,0.0,6.208756127175977e-05
2025-02-06 07:00:00,0.0,6.034083189144268e-05
2025-02-06 08:00:00,0.0,6.034083189144268e-05
2025-02-06 09:00:00,0.0,6.034083189144268e-05
2025-02-06 10:00:00,0.0,6.034083189144268e-05
2025-02-06 11:00:00,0.0,6.034083189144268e-05
2025-02-06 12:00:00,0.0,5.6601548719189094e-05
2025-02-06 13:00:00,0.0,5.6601548719189094e-05
2025-02-06 14:00:00,0.0,5.6535661715400586e-05
2025-02-06 15:00:00,0.0,5.6535661715400586e-05
2025-02-06 16:00:00,0.0,5.608508648548995e-05
2025-02-06 17:00:00,0.0,5.608508648548995e-05
2025-02-06 18:00:00,0.0,5.673008772587693e-05
2025-02-06 19:00:00,0.0,5.673008772587693e-05
2025-02-06 20:00:00,0.0,7.773543104207887e-05
2025-02-06 21:00:00,0.0,0.03076151946889538
2025-02-06 22:00:00,0.0,0.05455227110481134
2025-02-06 23:00:00,0.0,5.608508648548995e-05
2025-02-07 00:00:00,0.0,4.205502605443885e-05
2025-02-07 01:00:00,0.0,0.07424669813716983
2025-02-07 02:00:00,0.0,0.11986654262427046
2025-02-07 03:00:00,0.0,0.06024925455052326
2025-02-07 04:00:00,0.0,6.034083189144268e-05
2025-02-07 05:00:00,0.0,6.034083189144268e-05
2025-02-07 06:00:00,0.0,6.034083189144268e-05
2025-02-07 07:00:00,0.0,6.034083189144268e-05
2025-02-07 08:00:00,0.0,0.042638001589868205
2025-02-07 09:00:00,0.0,0.05932561097172467
2025-02-07 10:00:00,0.0,0.006120751341354972
2025-02-07 11:00:00,0.0,0.0075218495333552755
2025-02-07 12:00:00,0.0,5.608508648548995e-05
2025-02-07 13:00:00,0.0,5.6601548719189094e-05
2025-02-07 14:00:00,0.0,5.6535661715400586e-05
2025-02-07 15:00:00,0.0,5.6601548719189094e-05
2025-02-07 16:00:00,0.0,5.608508648548995e-05
2025-02-07 17:00:00,0.0,5.673008772587693e-05
2025-02-07 18:00:00,0.0,5.673008772587693e-05
2025-02-07 19:00:00,0.0,5.673008772587693e-05
2025-02-07 20:00:00,0.0,5.673008772587693e-05
2025-02-07 21:00:00,0.0,0.005716081049048329
2025-02-07 22:00:00,0.0,0.05671583135813458
2025-02-07 23:00:00,0.0,5.673008772587693e-05
2025-02-08 00:00:00,0.0,0.18927062987661425
2025-02-08 01:00:00,0.0,0.2381089645456092
2025-02-08 02:00:00,0.0,0.29658515490419035
2025-02-08 03:00:00,0.0,0.2931559010354837
2025-02-08 04:00:00,0.0,0.18863002109942104
2025-02-08 05:00:00,0.0,0.13093554510277536
2025-02-08 06:00:00,0.0,0.0968181679171875
2025-02-08 07:00:00,0.0,6.034083189144268e-05
2025-02-08 08:00:00,0.0,0.008521768938886298
2025-02-08 09:00:00,0.0,0.027248141412229875
2025-02-08 10:00:00,0.0,0.0038320938653242905
2025-02-08 11:00:00,0.0,6.034083189144268e-05
2025-02-08 12:00:00,0.0,0.0035510470238715123
2025-02-08 13:00:00,0.0,0.003307014936312814
2025-02-08 14:00:00,0.0,0.0025016945043823766
2025-02-08 15:00:00,0.0,0.0031489799170687813
2025-02-08 16:00:00,0.0,0.00607568780211245
2025-02-08 17:00:00,0.0,0.06699226478579912
2025-02-08 18:00:00,0.0,0.045659875354653955
2025-02-08 19:00:00,0.0,0.19208960887435514
2025-02-08 20:00:00,0.0,0.19332603655476244
2025-02-08 21:00:00,0.0,0.0769970032287917
2025-02-08 22:00:00,0.0,5.847681710619402e-05
2025-02-08 23:00:00,0.0,6.662706473973908e-05
2025-02-09 00:00:00,0.0,4.4502914557005575e-05
2025-02-09 01:00:00,0.0,7.023780890530484e-05
2025-02-09 02:00:00,0.0,7.023780890530484e-05
2025-02-09 03:00:00,0.0,6.807879113018783e-05
2025-02-09 04:00:00,0.0,6.208756127175977e-05
2025-02-09 05:00:00,0.0,6.034083189144268e-05
2025-02-09 06:00:00,0.0,6.208756127175977e-05
2025-02-09 07:00:00,0.0,6.208756127175977e-05
2025-02-09 08:00:00,0.0,6.034083189144268e-05
2025-02-09 09:00:00,0.0,0.04038385682966686
2025-02-09 10:00:00,0.0,0.007736060140368784
2025-02-09 11:00:00,0.0,0.02097299461068101
2025-02-09 12:00:00,0.0,0.0007848041539798459
2025-02-09 13:00:00,0.0,0.00018619490815676869
2025-02-09 14:00:00,0.0,0.0017112041685261215
2025-02-09 15:00:00,0.0,0.00016414805825344943
2025-02-09 16:00:00,0.0,0.00012559774649300914
2025-02-09 17:00:00,0.0,5.8308966958248035e-05
2025-02-09 18:00:00,0.0,6.531248980556517e-05
2025-02-09 19:00:00,0.0,7.571694738593216e-05
2025-02-09 20:00:00,0.0,7.571694738593216e-05
2025-02-09 21:00:00,0.0,9.609348941209767e-05
2025-02-09 22:00:00,0.0,0.00010424373704564275
2025-02-09 23:00:00,0.0,0.00010424373704564275
2025-02-10 00:00:00,0.0,5.289217322771268e-05
2025-02-10 01:00:00,0.0,7.170147036024511e-05
2025-02-10 02:00:00,0.0,7.354251636064473e-05
2025-02-10 03:00:00,0.0,8.212491844033301e-05
2025-02-10 04:00:00,0.0,0.00011125089782902978
2025-02-10 05:00:00,0.0,0.04366119582941154
2025-02-10 06:00:00,0.0,0.0034887175796780388
2025-02-10 07:00:00,0.0,0.001961413858622602
2025-02-10 08:00:00,0.0,0.007050700460125709
2025-02-10 09:00:00,0.0,0.03078543823314017
2025-02-10 10:00:00,0.0,0.12146478093869968
2025-02-10 11:00:00,0.0,0.037864552589660906
2025-02-10 12:00:00,0.0,0.020643782726390805
2025-02-10 13:00:00,0.0,0.001135780600863021
2025-02-10 14:00:00,0.0,0.0011217414482339529
2025-02-10 15:00:00,0.0,0.00017632037610850916
2025-02-10 16:00:00,0.0,0.0010046308372072396
2025-02-10 17:00:00,0.0,7.623340961963129e-05
2025-02-10 18:00:00,0.0,5.7246549959576076e-05
2025-02-10 19:00:00,0.0,5.673008772587693e-05
2025-02-10 20:00:00,0.0,6.531248980556517e-05
2025-02-10 21:00:00,0.0,6.705921918588225e-05
2025-02-10 22:00:00,0.0,0.021265144692652903
2025-02-10 23:00:00,0.0,0.004782790739695643
2025-02-11 00:00:00,0.0,0.007296320498312458
2025-02-11 01:00:00,0.0,0.0005800934159748985
2025-02-11 02:00:00,0.0,0.00010891689820988047
2025-02-11 03:00:00,0.0,0.0001198626562781325
2025-02-11 04:00:00,0.0,0.008101825050004636
2025-02-11 05:00:00,0.0,0.014391326995148621
2025-02-11 06:00:00,0.0,0.005484717269884699
2025-02-11 07:00:00,0.0,0.004368658614081757
2025-02-11 08:00:00,0.0,7.88202109849931e-05
2025-02-11 09:00:00,0.0,0.02286291925498247
2025-02-11 10:00:00,0.0,0.03400588301702985
2025-02-11 11:00:00,0.0,0.0040212009981232645
2025-02-11 12:00:00,0.0,0.000181846341256915
2025-02-11 13:00:00,0.0,0.00047675179783065547
2025-02-11 14:00:00,0.0,0.0007434184644973168
2025-02-11 15:00:00,0.0,0.0001777421150628496
2025-02-11 16:00:00,0.0,0.0001773827931071811
2025-02-11 17:00:00,0.0,0.0002670673966823941
2025-02-11 18:00:00,0.0,0.00012520752777233978
2025-02-11 19:00:00,0.0,0.03550859776564748
2025-02-11 20:00:00,0.0,0.004923860077718097
2025-02-11 21:00:00,0.0,0.01131479146735068
2025-02-11 22:00:00,0.0,9.609348941209767e-05
2025-02-11 23:00:00,0.0,5.673008772587693e-05
2025-02-12 00:00:00,0.0,4.205502605443885e-05
2025-02-12 01:00:00,0.0,6.140324889011464e-05
2025-02-12 02:00:00,0.0,0.00010717584424849464
2025-02-12 03:00:00,0.0,0.00011976305558427455
2025-02-12 04:00:00,0.0,8.039965389805377e-05
2025-02-12 05:00:00,0.0,6.140324889011464e-05
2025-02-12 06:00:00,0.0,0.0855676992604137
2025-02-12 07:00:00,0.0,6.807879113018783e-05
2025-02-12 08:00:00,0.0,6.034083189144268e-05
2025-02-12 09:00:00,0.0,6.034083189144268e-05
2025-02-12 10:00:00,0.0,6.085729412514183e-05
2025-02-12 11:00:00,0.0,0.00030607303644121704
2025-02-12 12:00:00,0.0,0.00017091344085571857
2025-02-12 13:00:00,0.0,0.00018686602555314353
2025-02-12 14:00:00,0.0,0.00018693191255693203
2025-02-12 15:00:00,0.0,0.00017091344085571857
2025-02-12 16:00:00,0.0,6.565273259773698e-05
2025-02-12 17:00:00,0.0,5.7246549959576076e-05
2025-02-12 18:00:00,0.0,5.673008772587693e-05
2025-02-12 19:00:00,0.0,5.673008772587693e-05
2025-02-12 20:00:00,0.0,5.673008772587693e-05
2025-02-12 21:00:00,0.0,5.608508648548995e-05
2025-02-12 22:00:00,0.0,5.673008772587693e-05
2025-02-12 23:00:00,0.0,5.673008772587693e-05
2025-02-13 00:00:00,0.0,0.01565840642236408
2025-02-13 01:00:00,0.0,6.034083189144268e-05
2025-02-13 02:00:00,0.0,5.9695830651055694e-05
2025-02-13 03:00:00,0.0,6.034083189144268e-05
2025-02-13 04:00:00,0.0,6.034083189144268e-05
2025-02-13 05:00:00,0.0,0.003507193958615018
2025-02-13 06:00:00,0.0,5.9695830651055694e-05
2025-02-13 07:00:00,0.0,0.0015034505511491384
2025-02-13 08:00:00,0.0,5.9695830651055694e-05
2025-02-13 09:00:00,0.0,5.9695830651055694e-05
2025-02-13 10:00:00,0.0,5.9695830651055694e-05
2025-02-13 11:00:00,0.0,0.005292458365693622
2025-02-13 12:00:00,0.0,6.495311961052422e-05
2025-02-13 13:00:00,0.0,0.07647727841782509
2025-02-13 14:00:00,0.0,0.03947727841782515
2025-02-13 15:00:00,0.0,6.866454323171267e-05
2025-02-13 16:00:00,0.0,5.961335935316479e-05
2025-02-13 17:00:00,0.0,5.961335935316479e-05
2025-02-13 18:00:00,0.0,0.008761816838168934
2025-02-13 19:00:00,0.0,0.007659091380655088
2025-02-13 20:00:00,0.0,0.003133845147432801
2025-02-13 21:00:00,0.0,0.003275088900672841
2025-02-13 22:00:00,0.0,0.1353948037714649
2025-02-13 23:00:00,0.0,5.1453223081279866e-05
2025-02-14 00:00:00,0.0,0.00633721913813174
2025-02-14 01:00:00,0.0,5.9695830651055694e-05
2025-02-14 02:00:00,0.0,0.0012204103485844294
2025-02-14 03:00:00,0.0,0.009523644793619201
2025-02-14 04:00:00,0.0,0.15304720547653003
2025-02-14 05:00:00,0.0,0.0002266633728983373
2025-02-14 06:00:00,0.0,6.340725427224415e-05
2025-02-14 07:00:00,0.0,5.9695830651055694e-05
2025-02-14 08:00:00,0.0,5.9695830651055694e-05
2025-02-14 09:00:00,0.0,6.034083189144268e-05
2025-02-14 10:00:00,0.0,0.009727813393840563
2025-02-14 11:00:00,0.0,7.030001218300028e-05
2025-02-14 12:00:00,0.0,8.532957173703145e-05
2025-02-14 13:00:00,0.0,0.0002824567941680656
2025-02-14 14:00:00,0.0,0.000303710656753416
2025-02-14 15:00:00,0.0,0.0004155825336095523
2025-02-14 16:00:00,0.0,0.00017367842111111546
2025-02-14 17:00:00,0.0,0.0003138075651014186
2025-02-14 18:00:00,0.0,0.0003304112855378873
2025-02-14 19:00:00,0.0,0.09654051952542746
2025-02-14 20:00:00,0.0,0.11082724931056662
2025-02-14 21:00:00,0.0,0.0038016378308260673
2025-02-14 22:00:00,0.0,0.012356752371894677
2025-02-14 23:00:00,0.0,0.06928240835383148
2025-02-15 00:00:00,0.0,0.03892845535500145
2025-02-15 01:00:00,0.0,0.02182941144916117
2025-02-15 02:00:00,0.0,0.015144625122169285
2025-02-15 03:00:00,0.0,0.02257235047464977
2025-02-15 04:00:00,0.0,0.12680033908145372
2025-02-15 05:00:00,0.0,0.1533861223796001
2025-02-15 06:00:00,0.0,0.0952222101107142
2025-02-15 07:00:00,0.09999999999999823,0.01415301462760669
2025-02-15 08:00:00,0.09999999999999823,0.004090272335821872
2025-02-15 09:00:00,0.09999999999999823,0.017881330425086286
2025-02-15 10:00:00,0.09999999999999823,0.014698079044215688
2025-02-15 11:00:00,0.09999999999999823,0.005210905849402709
2025-02-15 12:00:00,0.09999999999999823,0.007069649193855246
2025-02-15 13:00:00,0.0,0.06019933639272141
2025-02-15 14:00:00,0.0,0.10453354628171152
2025-02-15 15:00:00,0.0,0.10951438183351757
2025-02-15 16:00:00,0.0,0.10924303287429749
2025-02-15 17:00:00,0.0,0.10909596795449682
2025-02-15 18:00:00,0.0,0.09658472936993417
2025-02-15 19:00:00,0.0,0.0315870978280514
2025-02-15 20:00:00,0.0,0.2843231833225619
2025-02-15 21:00:00,0.0,0.09895007808716418
2025-02-15 22:00:00,0.0,0.2470207699525945
2025-02-15 23:00:00,0.0,0.2196542740373954
2025-02-16 00:00:00,0.0,0.037879052635725004
2025-02-16 01:00:00,0.0,0.014239383356617818
2025-02-16 02:00:00,0.0,0.08843136919583075
2025-02-16 03:00:00,0.0,0.08767078114885356
2025-02-16 04:00:00,0.0,0.33187596660392127
2025-02-16 05:00:00,0.0,0.33606006741983535
2025-02-16 06:00:00,0.0,0.04777666666666636
2025-02-16 07:00:00,0.0,0.024150849123553843
2025-02-16 08:00:00,0.0,0.06053579924309946
2025-02-16 09:00:00,0.0,0.00562096802666353
2025-02-16 10:00:00,0.0,0.006439833097963304
2025-02-16 11:00:00,0.0,0.0057261186142488155
2025-02-16 12:00:00,0.0,0.06291623130433102
2025-02-16 13:00:00,0.0,0.02187093206289711
2025-02-16 14:00:00,0.0,0.054940627639736034
2025-02-16 15:00:00,0.0,0.008409829601813438
2025-02-16 16:00:00,0.0,0.002536635487467083
2025-02-16 17:00:00,0.0,0.0013221496961683039
2025-02-16 18:00:00,0.0,5.8308966958248035e-05
2025-02-16 19:00:00,0.0,0.05477447856967105
2025-02-16 20:00:00,0.0,0.017262614811948233
2025-02-16 21:00:00,0.0,0.05522064232168669
2025-02-16 22:00:00,0.0,0.036051620214022924
2025-02-16 23:00:00,0.0,0.026114815173424493
2025-02-17 00:00:00,0.0,0.08761738532639819
2025-02-17 01:00:00,0.0,0.02037030118254107
2025-02-17 02:00:00,0.0,0.003457505704242568
2025-02-17 03:00:00,0.0,0.005702286114732927
2025-02-17 04:00:00,0.0,0.011173889921258125
2025-02-17 05:00:00,0.0,0.004093484654383614
2025-02-17 06:00:00,0.0,0.00010785448121120851
2025-02-17 07:00:00,0.0,0.0010273968026586699
2025-02-17 08:00:00,0.0,0.0014432540289712067
2025-02-17 09:00:00,0.0,0.0103763553734702
2025-02-17 10:00:00,0.0,0.0241398034961615
2025-02-17 11:00:00,0.0,0.01729659745519111
2025-02-17 12:00:00,0.0,0.0016224300150542935
2025-02-17 13:00:00,0.0,0.004968792496714148
2025-02-17 14:00:00,0.0,0.0032895800411520968
2025-02-17 15:00:00,0.0,0.001527995063453136
2025-02-17 16:00:00,0.0,0.00019551466156823716
2025-02-17 17:00:00,0.0,0.0020771933386628553
2025-02-17 18:00:00,0.0,0.005353118434165262
2025-02-17 19:00:00,0.0,0.007751748197362677
2025-02-17 20:00:00,0.0,0.06307485813144735
2025-02-17 21:00:00,0.0,0.20715339040446135
2025-02-17 22:00:00,0.0,0.32484935162472717
2025-02-17 23:00:00,0.0,0.10538695579247744
2025-02-18 00:00:00,0.0,0.46114109286348914
2025-02-18 01:00:00,0.0,0.16416567883968056
2025-02-18 02:00:00,0.0,0.16691270147888848
2025-02-18 03:00:00,0.0,0.05619936229649184
2025-02-18 04:00:00,0.0,0.03265955447648778
2025-02-18 05:00:00,0.0,0.0090434535870014
2025-02-18 06:00:00,0.0,0.008054257783486294
2025-02-18 07:00:00,0.0,0.011777027953756987
2025-02-18 08:00:00,0.0,0.05944093999605479
2025-02-18 09:00:00,0.0,0.08163576593532935
2025-02-18 10:00:00,0.0,0.005686230765325251
2025-02-18 11:00:00,0.0,0.009150197179815118
2025-02-18 12:00:00,0.0,0.00487887377419154
2025-02-18 13:00:00,0.0,0.000196796046084106
2025-02-18 14:00:00,0.0,0.000196796046084106
2025-02-18 15:00:00,0.0,0.00018372527102899185
2025-02-18 16:00:00,0.0,0.00017388482708304443
2025-02-18 17:00:00,0.0,0.0001407936803542317
2025-02-18 18:00:00,0.0,5.7246549959576076e-05
2025-02-18 19:00:00,0.0,5.7246549959576076e-05
2025-02-18 20:00:00,0.0,5.673008772587693e-05
2025-02-18 21:00:00,0.0,5.673008772587693e-05
2025-02-18 22:00:00,0.0,5.673008772587693e-05
2025-02-18 23:00:00,0.0,5.673008772587693e-05
2025-02-19 00:00:00,0.0,4.205502605443885e-05
2025-02-19 01:00:00,0.0,6.034083189144268e-05
2025-02-19 02:00:00,0.0,6.892323397113094e-05
2025-02-19 03:00:00,0.0,8.039010855016988e-05
2025-02-19 04:00:00,0.0,0.004041015923118562
2025-02-19 05:00:00,0.0,0.007350142778319126
2025-02-19 06:00:00,0.0,0.017856473151915603
2025-02-19 07:00:00,0.0,0.025472872426606688
2025-02-19 08:00:00,0.0,0.011449857012860247
2025-02-19 09:00:00,0.0,0.10546305656689285
2025-02-19 10:00:00,0.0,0.02034838913656683
2025-02-19 11:00:00,0.0,0.009120188863681019
2025-02-19 12:00:00,0.0,0.008275307875768956
2025-02-19 13:00:00,0.0,0.013070848616420749
2025-02-19 14:00:00,0.0,0.006835226178659876
2025-02-19 15:00:00,0.0,0.0026900752050810317
2025-02-19 16:00:00,0.0,0.00143208338181246
2025-02-19 17:00:00,0.0,0.013284517993581074
2025-02-19 18:00:00,0.0,0.0013771547683023777
2025-02-19 19:00:00,0.0,0.007860394937934815
2025-02-19 20:00:00,0.9999999999999982,0.006964229561803349
2025-02-19 21:00:00,1.0999999999999983,0.014759759135593136
2025-02-19 22:00:00,6.1999999999999975,0.3785999228882159
2025-02-19 23:00:00,8.599999999999998,0.26743902400369146
2025-02-20 00:00:00,8.699999999999998,0.11845563492985944
2025-02-20 01:00:00,8.699999999999998,0.1369877065332704
2025-02-20 02:00:00,9.099999999999998,2.720443128966827
2025-02-20 03:00:00,9.899999999999999,2.6714015008535386
2025-02-20 04:00:00,4.799999999999998,3.7311243857462637
2025-02-20 05:00:00,3.9999999999999982,4.876818844951239
2025-02-20 06:00:00,3.899999999999998,2.934952706348414
2025-02-20 07:00:00,3.899999999999998,2.046826710679239
2025-02-20 08:00:00,2.4999999999999982,3.336350172395738
2025-02-20 09:00:00,1.5999999999999983,2.347348277806023
2025-02-20 10:00:00,1.5999999999999983,2.933754052728935
2025-02-20 11:00:00,0.0,3.4434368140471348
2025-02-20 12:00:00,0.0,1.6942293048978905
2025-02-20 13:00:00,0.0,1.7219516210905486
2025-02-20 14:00:00,0.6999999999999982,1.3002998801636716
2025-02-20 15:00:00,3.3999999999999986,0.904003307520165
2025-02-20 16:00:00,3.3999999999999986,0.9759964935990894
2025-02-20 17:00:00,3.3999999999999986,0.8928745380675323
2025-02-20 18:00:00,3.3999999999999986,0.8007106736764857
2025-02-20 19:00:00,3.5999999999999988,1.3776009561831934
2025-02-20 20:00:00,2.8999999999999986,3.0453312958318595
2025-02-20 21:00:00,0.29999999999999827,1.4113122633386757
2025-02-20 22:00:00,0.29999999999999827,4.775929052038391
2025-02-20 23:00:00,0.29999999999999827,2.0585211096382467
2025-02-21 00:00:00,0.29999999999999827,3.5343720515883157
2025-02-21 01:00:00,0.09999999999999823,3.5371464830069095
2025-02-21 02:00:00,0.09999999999999823,3.2424796122853103
2025-02-21 03:00:00,0.0,3.9321920733515143
2025-02-21 04:00:00,0.0,1.8681718132789902
2025-02-21 05:00:00,0.0,0.8592600816350031
2025-02-21 06:00:00,0.0,0.01218443705069679
2025-02-21 07:00:00,0.0,0.04600472525537755
2025-02-21 08:00:00,0.0,0.16316016852193135
2025-02-21 09:00:00,0.0,0.06937500412518949
2025-02-21 10:00:00,0.0,0.06638533145146569
2025-02-21 11:00:00,0.0,0.06827580764194194
2025-02-21 12:00:00,0.0,0.07335823437600487
2025-02-21 13:00:00,0.0,0.6107676095326979
2025-02-21 14:00:00,0.0,0.7462969432374675
2025-02-21 15:00:00,0.0,0.725729597478714
2025-02-21 16:00:00,0.0,0.45381264891942713
2025-02-21 17:00:00,0.0,0.08902140735972522
2025-02-21 18:00:00,0.0,0.525158622361886
2025-02-21 19:00:00,0.0,0.41680221379180754
2025-02-21 20:00:00,0.0,1.2170977552480247
2025-02-21 21:00:00,0.0,1.119854319883287
2025-02-21 22:00:00,0.0,1.251639201054051
2025-02-21 23:00:00,0.0,1.1082330848460995
2025-02-22 00:00:00,0.0,1.0427927844357519
2025-02-22 01:00:00,0.0,0.044075676313835854
2025-02-22 02:00:00,0.0,0.0019534539708538304
2025-02-22 03:00:00,0.0,0.05448137885634419
2025-02-22 04:00:00,0.0,0.1049960955116324
2025-02-22 05:00:00,0.0,0.08761702816306573
2025-02-22 06:00:00,0.0,7.248009936197278e-05
2025-02-22 07:00:00,0.0,0.03653405443605743
2025-02-22 08:00:00,0.0,0.03854199324536375
2025-02-22 09:00:00,0.0,0.07593561881818664
2025-02-22 10:00:00,0.0,0.046658987198041714
2025-02-22 11:00:00,0.0,0.04615187497413114
2025-02-22 12:00:00,0.0,0.005962169309222955
2025-02-22 13:00:00,0.0,0.004199610196677834
2025-02-22 14:00:00,0.0,0.002965275456833118
2025-02-22 15:00:00,0.0,0.0023876910990054583
2025-02-22 16:00:00,0.0,0.0014422564686027322
2025-02-22 17:00:00,0.0,0.01863031798002824
2025-02-22 18:00:00,0.0,5.673008772587693e-05
2025-02-22 19:00:00,0.0,5.673008772587693e-05
2025-02-22 20:00:00,0.0,5.847681710619402e-05
2025-02-22 21:00:00,0.0,6.662706473973908e-05
2025-02-22 22:00:00,0.0,6.662706473973908e-05
2025-02-22 23:00:00,0.0,6.662706473973908e-05
2025-02-23 00:00:00,0.0,4.4502914557005575e-05
2025-02-23 01:00:00,0.0,7.023780890530484e-05
2025-02-23 02:00:00,0.0,7.023780890530484e-05
2025-02-23 03:00:00,0.0,7.023780890530484e-05
2025-02-23 04:00:00,0.0,7.023780890530484e-05
2025-02-23 05:00:00,0.0,7.023780890530484e-05
2025-02-23 06:00:00,0.0,7.170147036024511e-05
2025-02-23 07:00:00,0.0,7.023780890530484e-05
2025-02-23 08:00:00,0.0,9.970423357766343e-05
2025-02-23 09:00:00,0.0,0.04573123654943543
2025-02-23 10:00:00,0.0,0.0234778175398682
2025-02-23 11:00:00,0.0,0.00011030841510960803
2025-02-23 12:00:00,0.0,9.410374578155724e-05
2025-02-23 13:00:00,0.0,0.00016414805825344943
2025-02-23 14:00:00,0.0,0.00016414805825344943
2025-02-23 15:00:00,0.0,0.00016414805825344943
2025-02-23 16:00:00,0.0,9.410374578155724e-05
2025-02-23 17:00:00,0.0,5.7246549959576076e-05
2025-02-23 18:00:00,0.0,5.673008772587693e-05
2025-02-23 19:00:00,0.0,9.609348941209767e-05
2025-02-23 20:00:00,0.0,0.14963420079716452
2025-02-23 21:00:00,0.0,0.10622395369507129
2025-02-23 22:00:00,0.0,0.007995742809062466
2025-02-23 23:00:00,0.0,0.004660963330727155
2025-02-24 00:00:00,0.0,7.657473500033408e-05
2025-02-24 01:00:00,0.0,8.706565079024309e-05
2025-02-24 02:00:00,0.0,8.92246685653601e-05
2025-02-24 03:00:00,0.0,8.028387243993334e-05
2025-02-24 04:00:00,0.0,0.0003102130479641188
2025-02-24 05:00:00,0.0,0.006437425723303746
2025-02-24 06:00:00,0.0,0.0012584114783640587
2025-02-24 07:00:00,0.0,0.00010951460707406858
2025-02-24 08:00:00,0.0,0.05403820490126958
2025-02-24 09:00:00,0.0,0.8532985849339351
2025-02-24 10:00:00,0.0,0.02485147196479987
2025-02-24 11:00:00,0.0,0.0894470105313911
2025-02-24 12:00:00,0.0,0.029539199646435147
2025-02-24 13:00:00,0.0,0.015226575898967249
2025-02-24 14:00:00,0.0,0.006979337158621495
2025-02-24 15:00:00,0.0,0.00017632037610850916
2025-02-24 16:00:00,0.0,0.00018774894753708035
2025-02-24 17:00:00,0.0,0.018717306525142502
2025-02-24 18:00:00,0.0,0.017719792624582446
2025-02-24 19:00:00,0.0,0.0827911473979909
2025-02-24 20:00:00,0.0,0.0017688011995248493
2025-02-24 21:00:00,0.0,0.07231821487101521
2025-02-24 22:00:00,0.0,0.13528542912993194
2025-02-24 23:00:00,0.0,0.15017669643365222
2025-02-25 00:00:00,0.0,0.05725598368531923
2025-02-25 01:00:00,0.0,0.11308160502891243
2025-02-25 02:00:00,0.0,0.013692861169411595
2025-02-25 03:00:00,0.0,0.02582163898185446
2025-02-25 04:00:00,0.0,0.010482011656152014
2025-02-25 05:00:00,0.0,0.006313587058376417
2025-02-25 06:00:00,0.0,0.006452550389519919
2025-02-25 07:00:00,0.0,0.05400151528033933
2025-02-25 08:00:00,0.0,0.06909196955678018
2025-02-25 09:00:00,0.0,0.3090424899638831
2025-02-25 10:00:00,0.0,0.22054528709191643
2025-02-25 11:00:00,0.0,0.03648435596700038
2025-02-25 12:00:00,0.0,0.020510651516849807
2025-02-25 13:00:00,0.0,0.044747374682184364
2025-02-25 14:00:00,0.0,0.02780640905730419
2025-02-25 15:00:00,0.0,0.02199132000356244
2025-02-25 16:00:00,0.0,0.01235810461603858
2025-02-25 17:00:00,0.0,0.0060912155950737824
2025-02-25 18:00:00,0.0,5.7246549959576076e-05
2025-02-25 19:00:00,0.0,0.07396109468570608
2025-02-25 20:00:00,0.0,0.12686021575875803
2025-02-25 21:00:00,0.0,0.21907794759163626
2025-02-25 22:00:00,0.0,0.22595978854692078
2025-02-25 23:00:00,0.0,0.3879920147248679
2025-02-26 00:00:00,0.0,0.1759906304654602
2025-02-26 01:00:00,0.0,0.09957825080479057
2025-02-26 02:00:00,0.0,0.03955153601678337
2025-02-26 03:00:00,0.0,0.16394508811318695
2025-02-26 04:00:00,0.0,0.17461987949393293
2025-02-26 05:00:00,0.0,0.024688278650696067
2025-02-26 06:00:00,0.0,0.3786391812303881
2025-02-26 07:00:00,0.0,0.35745957124727074
2025-02-26 08:00:00,0.0,0.7161938274195256
2025-02-26 09:00:00,0.0,0.6398982662739134
2025-02-26 10:00:00,0.0,0.7979709027274335
2025-02-26 11:00:00,0.0,0.23955331593122278
2025-02-26 12:00:00,0.0,0.09209752225337478
2025-02-26 13:00:00,0.0,0.2210168875956784
2025-02-26 14:00:00,0.0,0.38247991551310334
2025-02-26 15:00:00,0.0,0.2224123606432955
2025-02-26 16:00:00,0.0,0.0710160275404589
2025-02-26 17:00:00,0.0,0.1366550966131939
2025-02-26 18:00:00,0.0,0.2184076636754757
2025-02-26 19:00:00,0.0,0.04384702855727902
2025-02-26 20:00:00,0.0,0.09563267989627713
2025-02-26 21:00:00,0.0,0.22551825721712773
2025-02-26 22:00:00,0.0,0.2103754345153292
2025-02-26 23:00:00,0.6999999999999982,0.4994815027218762
2025-02-27 00:00:00,0.6999999999999982,0.13625453326298384
2025-02-27 01:00:00,0.6999999999999982,0.3485827507272898
2025-02-27 02:00:00,1.299999999999998,0.46482140053936205
2025-02-27 03:00:00,5.099999999999998,0.45120702125295803
2025-02-27 04:00:00,5.799999999999998,0.2348662648367524
2025-02-27 05:00:00,5.499999999999997,2.093418972587561
2025-02-27 06:00:00,5.6999999999999975,3.0050963040815435
2025-02-27 07:00:00,5.6999999999999975,2.3984387165996015
2025-02-27 08:00:00,5.099999999999998,1.5840792712376282
2025-02-27 09:00:00,1.2999999999999983,3.3832124276501916
2025-02-27 10:00:00,0.5999999999999983,2.6313223805974997
2025-02-27 11:00:00,0.19999999999999823,2.4813545539579973
2025-02-27 12:00:00,0.0,1.772075926590094
2025-02-27 13:00:00,0.0,2.2941001389523423
2025-02-27 14:00:00,0.0,1.322819766163882
2025-02-27 15:00:00,0.0,0.9193205030654813
2025-02-27 16:00:00,0.0,0.8069059916785721
2025-02-27 17:00:00,0.09999999999999823,0.9761320855110044
2025-02-27 18:00:00,0.09999999999999823,0.7959384269318684
2025-02-27 19:00:00,0.29999999999999827,0.9856656101928021
2025-02-27 20:00:00,0.29999999999999827,1.4590175149491085
2025-02-27 21:00:00,0.29999999999999827,1.870824700655534
2025-02-27 22:00:00,0.39999999999999825,1.985376400544807
2025-02-27 23:00:00,0.29999999999999827,5.054511656529033
2025-02-28 00:00:00,0.39999999999999825,3.9188629006833247
2025-02-28 01:00:00,0.19999999999999823,3.9468490606511004
2025-02-28 02:00:00,0.29999999999999827,3.7291805993170515
2025-02-28 03:00:00,1.4999999999999982,3.3348365165228593
2025-02-28 04:00:00,5.099999999999998,3.1695214303248407
2025-02-28 05:00:00,5.299999999999998,3.8219098874263935
2025-02-28 06:00:00,5.199999999999998,2.707025096133294
2025-02-28 07:00:00,5.199999999999998,3.7530249461494636
2025-02-28 08:00:00,5.099999999999998,2.2891082635204345
2025-02-28 09:00:00,3.8999999999999986,5.163266721811773
2025-02-28 10:00:00,0.19999999999999823,2.756910499746668
2025-02-28 11:00:00,0.0,3.301904685956137
2025-02-28 12:00:00,0.19999999999999823,2.5814972927313957
2025-02-28 13:00:00,1.1999999999999982,1.3242587377855495
2025-02-28 14:00:00,1.6999999999999982,0.43097202912830057
2025-02-28 15:00:00,1.7999999999999983,1.0980593641144023
2025-02-28 16:00:00,1.7999999999999983,0.8058625320065543
2025-02-28 17:00:00,1.7999999999999983,0.5229351993161787
2025-02-28 18:00:00,1.5999999999999983,0.39969748664895394
2025-02-28 19:00:00,0.6999999999999982,1.3641356136917753
2025-02-28 20:00:00,0.4999999999999982,0.911482650854615
2025-02-28 21:00:00,0.39999999999999825,0.7010421054988177
2025-02-28 22:00:00,9.2,0.8405418242051119
2025-02-28 23:00:00,10.0,1.3672706890612667
2025-03-01 00:00:00,10.0,1.7557794675328666
2025-03-01 01:00:00,13.3,2.0320928945697316
2025-03-01 02:00:00,13.0,3.1214092283871135
2025-03-01 03:00:00,13.0,2.7910521769380785
2025-03-01 04:00:00,4.199999999999998,3.5501074580346392
2025-03-01 05:00:00,3.3999999999999986,2.6849882795632567
2025-03-01 06:00:00,3.3999999999999986,3.7851146003314073
2025-03-01 07:00:00,0.0,3.7374943669723715
2025-03-01 08:00:00,0.0,3.08005070370419
2025-03-01 09:00:00,0.0,4.662085242075856
2025-03-01 10:00:00,0.0,1.7648243370771215
2025-03-01 11:00:00,0.0,1.1000497168976975
2025-03-01 12:00:00,0.0,0.27082757017025094
2025-03-01 13:00:00,0.0,0.655051887503018
2025-03-01 14:00:00,0.0,0.4998479990394097
2025-03-01 15:00:00,0.0,0.3744077805408405
2025-03-01 16:00:00,0.0,0.30643558135969934
2025-03-01 17:00:00,0.0,0.331905867539778
2025-03-01 18:00:00,0.0,0.1302040291759345
2025-03-01 19:00:00,0.0,0.01143700821914277
2025-03-01 20:00:00,0.0,0.03222284948898397
2025-03-01 21:00:00,0.0,0.08417041201743239
2025-03-01 22:00:00,0.0,0.03289743251289317
2025-03-01 23:00:00,0.0,0.002263674885809458
2025-03-02 00:00:00,0.0,0.025830785996920545
2025-03-02 01:00:00,0.0,0.07343078599692048
2025-03-02 02:00:00,0.0,0.10257313893809693
2025-03-02 03:00:00,0.0,0.12693243140129185
2025-03-02 04:00:00,0.0,0.052828281505329984
2025-03-02 05:00:00,0.0,0.06104269591974437
2025-03-02 06:00:00,0.0,0.07835390029485122
2025-03-02 07:00:00,0.0,0.13921359127946983
2025-03-02 08:00:00,0.0,0.00016593411375963744
2025-03-02 09:00:00,0.0,0.00013014436380984367
2025-03-02 10:00:00,0.0,8.879571122426249e-05
2025-03-02 11:00:00,0.0,0.0001348614952727368
2025-03-02 12:00:00,0.0,0.00016414805825344943
2025-03-02 13:00:00,0.0,0.00019128833741850748
2025-03-02 14:00:00,0.0,0.0004011560805314265
2025-03-02 15:00:00,0.0,0.0002921748594191417
2025-03-02 16:00:00,0.0,0.0001941477255120851
2025-03-02 17:00:00,0.0,0.0001653273523408529
2025-03-02 18:00:00,0.0,0.00016839908808249197
2025-03-02 19:00:00,0.0,0.0001701012157420664
2025-03-02 20:00:00,0.0,7.678890973248801e-05
2025-03-02 21:00:00,0.0,5.779250472454889e-05
2025-03-02 22:00:00,0.0,5.779250472454889e-05
2025-03-02 23:00:00,0.0,5.779250472454889e-05
2025-03-03 00:00:00,0.0,4.3117443053110815e-05
2025-03-03 01:00:00,0.0,6.140324889011464e-05
2025-03-03 02:00:00,0.0,0.00026540707633270166
2025-03-03 03:00:00,0.0,0.00018131595687675473
2025-03-03 04:00:00,0.0,0.00018131595687675473
2025-03-03 05:00:00,0.0,0.00018131595687675473
2025-03-03 06:00:00,0.0,8.712518175445559e-05
2025-03-03 07:00:00,0.0,6.140324889011464e-05
2025-03-03 08:00:00,0.0,0.011598399463935096
2025-03-03 09:00:00,0.0,0.0022867260231915505
2025-03-03 10:00:00,0.0,0.0042039234275775585
2025-03-03 11:00:00,0.0,0.003800118867511742
2025-03-03 12:00:00,0.0,0.07392248388416471
2025-03-03 13:00:00,0.0,0.04494592054651045
2025-03-03 14:00:00,0.0,0.0046466819088233574
2025-03-03 15:00:00,0.0,0.055861886671378314
2025-03-03 16:00:00,0.09999999999999823,0.028847087924743286
2025-03-03 17:00:00,0.09999999999999823,0.2993494910764137
2025-03-03 18:00:00,0.09999999999999823,0.21923802467096434
2025-03-03 19:00:00,0.09999999999999823,0.05483610884771373
2025-03-03 20:00:00,0.09999999999999823,0.05614953705670668
2025-03-03 21:00:00,0.09999999999999823,0.042082570602677276
2025-03-03 22:00:00,0.0,0.3909384150183808
2025-03-03 23:00:00,0.0,0.40068008345310924
2025-03-04 00:00:00,0.0,1.235598183422978
2025-03-04 01:00:00,0.0,0.41104069745182326
2025-03-04 02:00:00,0.0,0.1759695183082997
2025-03-04 03:00:00,0.0,0.2664965319838843
2025-03-04 04:00:00,0.0,0.1257318061810387
2025-03-04 05:00:00,0.19999999999999823,0.09959095994354157
2025-03-04 06:00:00,0.19999999999999823,0.1492734809005
2025-03-04 07:00:00,0.19999999999999823,0.0059733954406362135
2025-03-04 08:00:00,0.19999999999999823,0.005443193476370037
2025-03-04 09:00:00,0.19999999999999823,0.004011886303865687
2025-03-04 10:00:00,0.19999999999999823,0.0010476094867622402
2025-03-04 11:00:00,0.0,0.6111095647981589
2025-03-04 12:00:00,0.0,0.1997152646964889
2025-03-04 13:00:00,0.0,0.4184736808403662
2025-03-04 14:00:00,0.0,0.16484519549135915
2025-03-04 15:00:00,0.0,0.14731856778143487
2025-03-04 16:00:00,0.0,0.24825062720778857
2025-03-04 17:00:00,0.0,0.21202390086651765
2025-03-04 18:00:00,0.0,0.3357874506198203
2025-03-04 19:00:00,0.0,0.4958941172864867
2025-03-04 20:00:00,0.0,0.5023341172864867
2025-03-04 21:00:00,0.0,0.47808127027534186
2025-03-04 22:00:00,0.0,0.2650338356647705
2025-03-04 23:00:00,0.0,0.012892093838668989
2025-03-05 00:00:00,0.0,0.019064712662340496
2025-03-05 01:00:00,0.0,0.02199678248335764
2025-03-05 02:00:00,0.0,0.0686901158166903
2025-03-05 03:00:00,0.0,0.04768344915002423
2025-03-05 04:00:00,0.0,0.041130115816690994
2025-03-05 05:00:00,0.0,0.09522555441318153
2025-03-05 06:00:00,0.0,0.10009011581669017
2025-03-05 07:00:00,0.0,0.07476314306566369
2025-03-05 08:00:00,0.0,0.017549809732331213
2025-03-05 09:00:00,0.0,0.13091678248335648
2025-03-05 10:00:00,0.0,0.16284821105478478
2025-03-05 11:00:00,0.0,0.09691636608996788
2025-03-05 12:00:00,0.0,0.001293539907288399
2025-03-05 13:00:00,0.0,0.05865064468306913
2025-03-05 14:00:00,0.0,0.05846790102034257
2025-03-05 15:00:00,0.0,0.02416211130224364
2025-03-05 16:00:00,0.0,0.00017141651142784612
2025-03-05 17:00:00,0.0,0.00018918818660508928
2025-03-05 18:00:00,0.0,0.00010162027775889224
2025-03-05 19:00:00,0.0,0.00021149278993430764
2025-03-05 20:00:00,0.0,5.909689711946564e-05
2025-03-05 21:00:00,0.0,5.538547349827718e-05
2025-03-05 22:00:00,0.0,5.601919948170145e-05
2025-03-05 23:00:00,0.0,5.973062310288991e-05
2025-03-06 00:00:00,0.0,4.5766449675627316e-05
2025-03-06 01:00:00,0.0,0.007025952484654157
2025-03-06 02:00:00,0.0,0.0001929161945203802
2025-03-06 03:00:00,0.0,0.00031690184703328517
2025-03-06 04:00:00,0.0,0.00031690184703328517
2025-03-06 05:00:00,0.0,0.0003167676413630956
2025-03-06 06:00:00,0.0,0.00031690184703328517
2025-03-06 07:00:00,0.0,0.00019298208152416867
2025-03-06 08:00:00,0.0,6.405225551263113e-05
2025-03-06 09:00:00,0.0,6.034083189144268e-05
2025-03-06 10:00:00,0.0,6.034083189144268e-05
2025-03-06 11:00:00,0.0,8.399194372334214e-05
2025-03-06 12:00:00,0.0,0.0001031405630668667
2025-03-06 13:00:00,0.0,0.00024059465261923142
2025-03-06 14:00:00,0.0,0.0003277950154584179
2025-03-06 15:00:00,0.0,0.0003570114452702331
2025-03-06 16:00:00,0.0,0.00029581222108661164
2025-03-06 17:00:00,0.0,0.000173704076077902
2025-03-06 18:00:00,0.0,0.00020673733132476254
2025-03-06 19:00:00,0.0,0.00018118690231001196
2025-03-06 20:00:00,0.0,6.277130320063357e-05
2025-03-06 21:00:00,0.0,0.0017871998746433935
2025-03-06 22:00:00,0.0,0.14159596728243568
2025-03-06 23:00:00,0.0,0.0019741442004941115
2025-03-07 00:00:00,0.0,0.007391081200952173
2025-03-07 01:00:00,0.0,0.009296190293532083
2025-03-07 02:00:00,0.0,0.002270579075914926
2025-03-07 03:00:00,0.0,0.001903330697417234
2025-03-07 04:00:00,0.0,0.029989471187561255
2025-03-07 05:00:00,0.0,0.00025647175235321486
2025-03-07 06:00:00,0.0,0.00018131595687675473
2025-03-07 07:00:00,0.0,0.0002686837471492119
2025-03-07 08:00:00,0.0,0.009161869043730146
2025-03-07 09:00:00,0.0,0.017387451060715823
2025-03-07 10:00:00,0.0,0.007350527601010105
2025-03-07 11:00:00,0.0,0.0022941773589408593
2025-03-07 12:00:00,0.0,0.0009761546652826764
2025-03-07 13:00:00,0.0,0.00031357517698054927
2025-03-07 14:00:00,0.0,0.0003425912405092418
2025-03-07 15:00:00,0.0,0.00032491054997881437
2025-03-07 16:00:00,0.0,0.00028906835160244244
2025-03-07 17:00:00,0.0,0.00039785673587223975
2025-03-07 18:00:00,0.0,0.0002601878511216738
2025-03-07 19:00:00,0.0,0.00026469912931716236
2025-03-07 20:00:00,0.0,0.00018249202893110567
2025-03-07 21:00:00,0.0,0.00024453729904810493
2025-03-07 22:00:00,0.0,0.00024453729904810493
2025-03-07 23:00:00,0.0,0.0043509060742795164
2025-03-08 00:00:00,0.0,0.00020655711719975804
2025-03-08 01:00:00,0.0,0.00030949804210684916
2025-03-08 02:00:00,0.0,0.00031950086534379994
2025-03-08 03:00:00,0.0,0.008655198946304513
2025-03-08 04:00:00,0.0,0.0009662674419168049
2025-03-08 05:00:00,0.0,0.0007708827492254723
2025-03-08 06:00:00,0.0,0.0009458808083410056
2025-03-08 07:00:00,0.0,0.0004103459743570596
2025-03-08 08:00:00,0.0,0.000525584361172417
2025-03-08 09:00:00,0.0,0.002479802273428135
2025-03-08 10:00:00,0.0,0.0011471635399424099
2025-03-08 11:00:00,0.0,0.0003807148270130662
2025-03-08 12:00:00,0.0,0.0010594266550954642
2025-03-08 13:00:00,0.0,0.007645850558736688
2025-03-08 14:00:00,0.0,0.00367827548335924
2025-03-08 15:00:00,0.0,0.007777932518805039
2025-03-08 16:00:00,0.0,0.00104927281524034
2025-03-08 17:00:00,0.0,0.00046845340862667397
2025-03-08 18:00:00,0.0,0.004779630803041715
2025-03-08 19:00:00,0.0,0.0705751062120753
2025-03-08 20:00:00,0.0,0.22450589961927578
2025-03-08 21:00:00,0.0,0.25616018703575694
2025-03-08 22:00:00,0.0,0.0016123181801709508
2025-03-08 23:00:00,0.0,0.005823014115994365
2025-03-09 00:00:00,0.0,0.013141791076106116
2025-03-09 01:00:00,0.0,0.008842193405097946
2025-03-09 02:00:00,0.0,0.07911890533620221
2025-03-09 03:00:00,0.0,0.15613157395619276
2025-03-09 04:00:00,0.0,0.16628825019277346
2025-03-09 05:00:00,0.0,0.04017665153528095
2025-03-09 06:00:00,0.0,0.4429922593418275
2025-03-09 07:00:00,0.0,0.002739964932794023
2025-03-09 08:00:00,0.0,0.0009878022609378474
2025-03-09 09:00:00,0.0,0.004969494996102813
2025-03-09 10:00:00,0.0,0.004284286284512641
2025-03-09 11:00:00,0.0,0.03665808264538957
2025-03-09 12:00:00,0.0,0.019768812904000115
2025-03-09 13:00:00,0.0,0.010971890997346676
2025-03-09 14:00:00,0.0,0.012209562114831953
2025-03-09 15:00:00,0.0,0.011515732078201375
2025-03-09 16:00:00,0.0,0.1353566362914928
2025-03-09 17:00:00,0.0,0.2904189390837522
2025-03-09 18:00:00,0.0,0.04137201443205303
2025-03-09 19:00:00,0.0,0.0008647299842302058
2025-03-09 20:00:00,0.0,6.140531622010945e-05
2025-03-09 21:00:00,0.0,5.7246549959576076e-05
2025-03-09 22:00:00,0.0,0.021648887251969905
2025-03-09 23:00:00,0.0,0.1543480612153635
2025-03-10 00:00:00,0.0,0.09231285510035718
2025-03-10 01:00:00,0.0,0.05751234349849881
2025-03-10 02:00:00,0.0,0.13633655648084544
2025-03-10 03:00:00,0.0,0.08806096387716275
2025-03-10 04:00:00,0.0,0.23607793385989673
2025-03-10 05:00:00,0.0,0.09034405903391898
2025-03-10 06:00:00,0.0,0.007234379525032745
2025-03-10 07:00:00,0.0,0.11726105522475305
2025-03-10 08:00:00,0.0,0.065329938956933
2025-03-10 09:00:00,0.0,0.1165858374348164
2025-03-10 10:00:00,0.0,0.02970678764092445
2025-03-10 11:00:00,0.0,0.012003630458658833
2025-03-10 12:00:00,0.0,0.00023862167946051382
2025-03-10 13:00:00,0.0,0.00021695337962106883
2025-03-10 14:00:00,0.0,0.00023250839753224316
2025-03-10 15:00:00,0.0,0.011834329531250343
2025-03-10 16:00:00,0.0,0.019624631586695966
2025-03-10 17:00:00,0.0,0.1051161964199432
2025-03-10 18:00:00,0.0,0.014762393849119752
2025-03-10 19:00:00,0.0,0.014360912213211584
2025-03-10 20:00:00,0.0,0.1067634189905826
2025-03-10 21:00:00,0.0,0.0516383122652392
2025-03-10 22:00:00,0.0,0.023158060548631267
2025-03-10 23:00:00,0.0,0.17522636152633161
2025-03-11 00:00:00,0.0,0.18240773462863516
2025-03-11 01:00:00,0.0,0.15036402332198776
2025-03-11 02:00:00,0.0,0.0008295518693675362
2025-03-11 03:00:00,0.0,0.18386433807110913
2025-03-11 04:00:00,0.0,0.11927661903516983
2025-03-11 05:00:00,0.0,0.2913868269478584
2025-03-11 06:00:00,0.0,0.31027009564486857
2025-03-11 07:00:00,0.0,7.677258142683406e-05
2025-03-11 08:00:00,0.0,0.0069409031257684104
2025-03-11 09:00:00,0.0,0.11716118484221431
2025-03-11 10:00:00,0.0,0.22311024483518258
2025-03-11 11:00:00,0.0,0.19413109322558517
2025-03-11 12:00:00,0.0,0.1903536807680735
2025-03-11 13:00:00,0.0,0.15444617956837767
2025-03-11 14:00:00,0.0,0.3199480728922212
2025-03-11 15:00:00,0.0,0.13283569152870986
2025-03-11 16:00:00,0.0,0.0453612320630805
2025-03-11 17:00:00,0.0,0.008309086635821743
2025-03-11 18:00:00,0.0,0.05867054866174939
2025-03-11 19:00:00,0.0,0.12493937739559102
2025-03-11 20:00:00,0.0,0.051527880276531254
2025-03-11 21:00:00,0.0,0.061305289261993474
2025-03-11 22:00:00,0.0,0.13821772254987325
2025-03-11 23:00:00,0.0,0.19250640697418742
2025-03-12 00:00:00,0.0,0.07363630607616523
2025-03-12 01:00:00,0.0,0.16757815794928047
2025-03-12 02:00:00,0.0,0.17481364611380223
2025-03-12 03:00:00,0.0,0.1293519050839788
2025-03-12 04:00:00,0.0,0.08900879261455943
2025-03-12 05:00:00,0.0,0.20099269233526473
2025-03-12 06:00:00,0.0,0.1719177822228379
2025-03-12 07:00:00,0.0,0.10421977803240322
2025-03-12 08:00:00,0.0,0.07056125576607312
2025-03-12 09:00:00,0.0,0.07478165812809592
2025-03-12 10:00:00,0.0,0.10146793060405541
2025-03-12 11:00:00,0.0,0.011880992088238396
2025-03-12 12:00:00,0.0,0.05988528636020551
2025-03-12 13:00:00,0.0,0.05642678861657795
2025-03-12 14:00:00,0.0,0.1488279507925418
2025-03-12 15:00:00,0.0,0.04513663313109439
2025-03-12 16:00:00,0.0,0.03235154631645386
2025-03-12 17:00:00,0.0,0.007769792519355059
2025-03-12 18:00:00,0.0,0.017879621401096273
2025-03-12 19:00:00,0.0,0.08907866384369345
2025-03-12 20:00:00,0.0,0.06568367624286572
2025-03-12 21:00:00,0.0,0.1783217479715556
2025-03-12 22:00:00,0.0,0.06985451130174658
2025-03-12 23:00:00,0.0,0.07389397033470226
2025-03-13 00:00:00,0.0,0.07383259826810167
2025-03-13 01:00:00,0.0,0.06668150687502714
2025-03-13 02:00:00,0.0,0.058982570419799304
2025-03-13 03:00:00,0.0,0.05979672979797627
2025-03-13 04:00:00,0.0,0.10370883561963933
2025-03-13 05:00:00,0.0,0.07186470665208146
2025-03-13 06:00:00,0.39999999999999825,0.025505433270613952
2025-03-13 07:00:00,0.39999999999999825,0.08786254505289391
2025-03-13 08:00:00,0.39999999999999825,0.037608249073569154
2025-03-13 09:00:00,0.39999999999999825,0.26036779972530605
2025-03-13 10:00:00,0.39999999999999825,0.45574616351189934
2025-03-13 11:00:00,0.5999999999999983,0.10345377589774515
2025-03-13 12:00:00,0.19999999999999823,0.582969794255817
2025-03-13 13:00:00,0.19999999999999823,0.2610151636391409
2025-03-13 14:00:00,0.19999999999999823,0.17313216007462953
2025-03-13 15:00:00,0.19999999999999823,0.5225493920753802
2025-03-13 16:00:00,0.19999999999999823,0.24331250746704783
2025-03-13 17:00:00,0.0,0.3253651080946703
2025-03-13 18:00:00,0.0,0.44401864345158715
2025-03-13 19:00:00,0.0,0.21194958807072034
2025-03-13 20:00:00,0.0,0.1977269527207969
2025-03-13 21:00:00,0.0,0.10222346165443255
2025-03-13 22:00:00,0.0,0.17047790913652805
2025-03-13 23:00:00,0.0,0.5887689402226001
2025-03-14 00:00:00,0.0,0.46480026117396694
2025-03-14 01:00:00,0.0,1.0716933778478193
2025-03-14 02:00:00,0.0,1.1541848047766512
2025-03-14 03:00:00,0.0,4.155486450802788
2025-03-14 04:00:00,0.0,1.1311974455926566
2025-03-14 05:00:00,0.0,3.26462302306513
2025-03-14 06:00:00,0.0,0.21296432960659784
2025-03-14 07:00:00,0.0,0.1445738454293329
2025-03-14 08:00:00,0.0,0.11726071966761324
2025-03-14 09:00:00,0.0,0.14146641239176144
2025-03-14 10:00:00,0.0,0.08766062835577532
2025-03-14 11:00:00,0.0,0.045585404868531014
2025-03-14 12:00:00,0.0,0.21832848046286948
2025-03-14 13:00:00,0.0,0.17206462400891587
2025-03-14 14:00:00,0.0,0.15794103926600292
2025-03-14 15:00:00,0.0,0.2596340170753922
2025-03-14 16:00:00,0.19999999999999823,0.13037359783278413
2025-03-14 17:00:00,0.19999999999999823,0.005003214301283474
2025-03-14 18:00:00,0.19999999999999823,0.07197074232704452
2025-03-14 19:00:00,0.19999999999999823,0.023239514477466885
2025-03-14 20:00:00,0.19999999999999823,0.08904431613261493
2025-03-14 21:00:00,0.19999999999999823,0.0877752852383508
2025-03-14 22:00:00,0.0,1.163165093055504
2025-03-14 23:00:00,0.0,0.5830596220031585
2025-03-15 00:00:00,0.0,1.685062205718435
2025-03-15 01:00:00,0.0,0.31811080287107873
2025-03-15 02:00:00,0.0,0.3318123485819682
2025-03-15 03:00:00,0.0,0.28196433872624316
2025-03-15 04:00:00,0.0,0.36882053872473625
2025-03-15 05:00:00,0.0,0.1525919001723202
2025-03-15 06:00:00,0.0,0.17683565049389996
2025-03-15 07:00:00,0.0,0.0841791908168652
2025-03-15 08:00:00,0.0,0.0025373338332692406
2025-03-15 09:00:00,0.0,0.02640036031215722
2025-03-15 10:00:00,0.09999999999999823,0.014999001309842245
2025-03-15 11:00:00,0.09999999999999823,0.018603344704533713
2025-03-15 12:00:00,0.09999999999999823,0.014417629996234551
2025-03-15 13:00:00,0.09999999999999823,0.05207698304651391
2025-03-15 14:00:00,0.09999999999999823,0.036190745533399855
2025-03-15 15:00:00,0.09999999999999823,0.06579829069467734
2025-03-15 16:00:00,0.0,0.1324977243986161
2025-03-15 17:00:00,0.0,0.1538876001319574
2025-03-15 18:00:00,0.0,0.4094743395673571
2025-03-15 19:00:00,0.0,0.33194579973443983
2025-03-15 20:00:00,0.0,0.4366388050910268
2025-03-15 21:00:00,0.0,0.5838548811170964
2025-03-15 22:00:00,0.0,0.16019375193285237
2025-03-15 23:00:00,0.0,0.013262510701273418
2025-03-16 00:00:00,0.0,0.08131980113028894
2025-03-16 01:00:00,0.0,0.2861098596746969
2025-03-16 02:00:00,0.0,0.08244329463693173
2025-03-16 03:00:00,0.0,0.008442293734773012
2025-03-16 04:00:00,0.0,0.41382442685585435
2025-03-16 05:00:00,0.0,0.22196455254060324
2025-03-16 06:00:00,0.0,0.0780985866007193
2025-03-16 07:00:00,0.0,0.14270797015220338
2025-03-16 08:00:00,0.0,0.21694931027561923
2025-03-16 09:00:00,0.0,0.17075995196582733
2025-03-16 10:00:00,0.0,0.003113452172391523
2025-03-16 11:00:00,0.0,0.0016577054826473646
2025-03-16 12:00:00,0.0,0.00978260953666677
2025-03-16 13:00:00,0.0,0.481182543771893
2025-03-16 14:00:00,0.0,0.38248210258555726
2025-03-16 15:00:00,0.0,0.009012593983493692
2025-03-16 16:00:00,0.0,0.004885587685464224
2025-03-16 17:00:00,0.0,0.00453077977959779
2025-03-16 18:00:00,0.0,0.00010196655256008726
2025-03-16 19:00:00,0.0,0.0002448376622557359
2025-03-16 20:00:00,0.0,5.8308966958248035e-05
2025-03-16 21:00:00,0.0,5.779250472454889e-05
2025-03-16 22:00:00,0.0,6.277130320063357e-05
2025-03-16 23:00:00,0.0,6.665617122020305e-05
2025-03-17 00:00:00,0.0,4.8096241529195503e-05
2025-03-17 01:00:00,0.0,8.039965389805377e-05
2025-03-17 02:00:00,0.0,0.00017956922749643765
2025-03-17 03:00:00,0.0,0.00017956922749643765
2025-03-17 04:00:00,0.0,0.008550070053530335
2025-03-17 05:00:00,0.0,0.001668597722239679
2025-03-17 06:00:00,0.0,0.1264464977802278
2025-03-17 07:00:00,0.0,6.208756127175977e-05
2025-03-17 08:00:00,0.0,0.00012720705959793057
2025-03-17 09:00:00,0.0,0.0001770931201811519
2025-03-17 10:00:00,0.0,0.0002936623813969405
2025-03-17 11:00:00,0.0,0.00902932363886337
2025-03-17 12:00:00,0.0,0.025625153680994307
2025-03-17 13:00:00,0.0,0.008117385985223085
2025-03-17 14:00:00,0.0,0.0024783914081306676
2025-03-17 15:00:00,0.0,0.0037700531676167323
2025-03-17 16:00:00,0.0,0.0004290555486834755
2025-03-17 17:00:00,0.0,0.000304553328784045
2025-03-17 18:00:00,0.0,8.70369899760904e-05
2025-03-17 19:00:00,0.0,7.611995130608616e-05
2025-03-17 20:00:00,0.0,0.0032783671423173176
2025-03-17 21:00:00,0.0,0.024887316735813236
2025-03-17 22:00:00,0.0,5.673008772587693e-05
2025-03-17 23:00:00,0.0,5.673008772587693e-05
2025-03-18 00:00:00,0.0,4.205502605443885e-05
2025-03-18 01:00:00,0.0,6.034083189144268e-05
2025-03-18 02:00:00,0.0,6.140324889011464e-05
2025-03-18 03:00:00,0.0,0.053271299483669626
2025-03-18 04:00:00,0.0,0.0005320737429993631
2025-03-18 05:00:00,0.0,0.0005320737429993631
2025-03-18 06:00:00,0.0,6.314997827043172e-05
2025-03-18 07:00:00,0.0,6.034083189144268e-05
2025-03-18 08:00:00,0.0,0.002064264118666406
2025-03-18 09:00:00,0.0,0.00014038963317576802
2025-03-18 10:00:00,0.0,0.0002936623813969405
2025-03-18 11:00:00,0.0,0.0002783033604216534
2025-03-18 12:00:00,0.0,0.0003044220013454192
2025-03-18 13:00:00,0.0,0.00023022750314290712
2025-03-18 14:00:00,0.0,0.0004289515292746718
2025-03-18 15:00:00,0.0,0.0007000248554120562
2025-03-18 16:00:00,0.0,0.0004232625762856461
2025-03-18 17:00:00,0.0,0.00029159700532853996
2025-03-18 18:00:00,0.0,0.00016085250236084288
2025-03-18 19:00:00,0.0,6.736015083679591e-05
2025-03-18 20:00:00,0.0,5.8308966958248035e-05
2025-03-18 21:00:00,0.0,6.326069997077472e-05
2025-03-18 22:00:00,0.0,5.673008772587693e-05
2025-03-18 23:00:00,0.0,5.673008772587693e-05
2025-03-19 00:00:00,0.0,0.08177752475386316
2025-03-19 01:00:00,0.0,0.030241244689743485
2025-03-19 02:00:00,0.0,0.03351006684722683
2025-03-19 03:00:00,0.0,0.07148648311718662
2025-03-19 04:00:00,0.0,0.01767430264191226
2025-03-19 05:00:00,0.0,0.027022607452253426
2025-03-19 06:00:00,0.0,0.002708196852747984
2025-03-19 07:00:00,0.0,6.034083189144268e-05
2025-03-19 08:00:00,0.0,0.0025190952676827547
2025-03-19 09:00:00,0.0,0.004866597199339107
2025-03-19 10:00:00,0.0,0.0004544665832866828
2025-03-19 11:00:00,0.0,0.0003261077314922338
2025-03-19 12:00:00,0.0,0.00022996237080590885
2025-03-19 13:00:00,0.0,0.0002246653952084273
2025-03-19 14:00:00,0.0,0.0033519067210118357
2025-03-19 15:00:00,0.0,0.00023354308751793396
2025-03-19 16:00:00,0.0,0.00022369963320943874
2025-03-19 17:00:00,0.0,0.00020504573347529452
2025-03-19 18:00:00,0.0,0.00012239777263133882
2025-03-19 19:00:00,0.0,9.410374578155724e-05
2025-03-19 20:00:00,0.0,6.629773383812395e-05
2025-03-19 21:00:00,0.0,5.7246549959576076e-05
2025-03-19 22:00:00,0.0,5.7246549959576076e-05
2025-03-19 23:00:00,0.0,5.7246549959576076e-05
2025-03-20 00:00:00,0.0,4.205502605443885e-05
2025-03-20 01:00:00,0.0,0.007691843962095243
2025-03-20 02:00:00,0.0,0.000575022295441719
2025-03-20 03:00:00,0.0,0.005763302205816942
2025-03-20 04:00:00,0.0,6.449959815197606e-05
2025-03-20 05:00:00,0.0,6.034083189144268e-05
2025-03-20 06:00:00,0.0,0.0011177308458695699
2025-03-20 07:00:00,0.0,0.025054468076043848
2025-03-20 08:00:00,0.0,0.0012614687878847724
2025-03-20 09:00:00,0.0,0.002364370460236904
2025-03-20 10:00:00,0.0,0.0028094192122537914
2025-03-20 11:00:00,0.0,0.00038708566354346514
2025-03-20 12:00:00,0.0,0.0021234585909879833
2025-03-20 13:00:00,0.0,0.0013308586317833152
2025-03-20 14:00:00,0.0,0.007697244851865762
2025-03-20 15:00:00,0.0,0.004427013377394409
2025-03-20 16:00:00,0.0,0.0011046659246715996
2025-03-20 17:00:00,0.0,0.0002083244219998845
2025-03-20 18:00:00,0.0,0.00019328898237178552
2025-03-20 19:00:00,0.0,0.0005636402968419211
2025-03-20 20:00:00,0.0,0.002144180801851287
2025-03-20 21:00:00,0.0,5.7246549959576076e-05
2025-03-20 22:00:00,0.0,5.7246549959576076e-05
2025-03-20 23:00:00,0.0,5.7246549959576076e-05
2025-03-21 00:00:00,0.0,4.205502605443885e-05
2025-03-21 01:00:00,0.0,6.034083189144268e-05
2025-03-21 02:00:00,0.0,6.034083189144268e-05
2025-03-21 03:00:00,0.0,6.034083189144268e-05
2025-03-21 04:00:00,0.0,6.034083189144268e-05
2025-03-21 05:00:00,0.0,6.034083189144268e-05
2025-03-21 06:00:00,0.0,6.034083189144268e-05
2025-03-21 07:00:00,0.0,6.034083189144268e-05
2025-03-21 08:00:00,0.0,7.094501342338726e-05
2025-03-21 09:00:00,0.0,0.00035729057993337017
2025-03-21 10:00:00,0.0,0.0006255299895762346
2025-03-21 11:00:00,0.0,0.0003468452140406782
2025-03-21 12:00:00,0.0,0.00036311552723054585
2025-03-21 13:00:00,0.0,0.00024916119595109766
2025-03-21 14:00:00,0.0,0.00024916119595109766
2025-03-21 15:00:00,0.0,0.007111598210294463
2025-03-21 16:00:00,0.0,0.0002206897545025294
2025-03-21 17:00:00,0.0,0.00023005155241300832
2025-03-21 18:00:00,0.0,0.0001777421150628496
2025-03-21 19:00:00,0.0,0.00037155844209610145
2025-03-21 20:00:00,0.0,6.629773383812395e-05
2025-03-21 21:00:00,0.0,5.7246549959576076e-05
2025-03-21 22:00:00,0.0,5.7246549959576076e-05
2025-03-21 23:00:00,0.0,5.673008772587693e-05
2025-03-22 00:00:00,0.0,4.3117443053110815e-05
2025-03-22 01:00:00,0.0,6.140324889011464e-05
2025-03-22 02:00:00,0.0,0.00017858324019611092
2025-03-22 03:00:00,0.0,0.0003065340994985151
2025-03-22 04:00:00,0.0,0.14791628660711187
2025-03-22 05:00:00,0.0,0.13677631841516358
2025-03-22 06:00:00,0.0,0.08416640536687636
2025-03-22 07:00:00,0.0,0.001897401251659714
2025-03-22 08:00:00,0.0,0.011157309032177088
2025-03-22 09:00:00,0.0,0.1686140595674229
2025-03-22 10:00:00,0.0,0.17465616951628604
2025-03-22 11:00:00,0.0,0.013925893990608031
2025-03-22 12:00:00,0.0,0.020250483645399116
2025-03-22 13:00:00,0.0,0.016523925777835215
2025-03-22 14:00:00,0.0,0.023686553423842887
2025-03-22 15:00:00,0.0,0.018879954475339793
2025-03-22 16:00:00,0.0,0.01585611843641789
2025-03-22 17:00:00,0.0,0.0004994197905882801
2025-03-22 18:00:00,0.0,0.00017388482708304443
2025-03-22 19:00:00,0.0,0.00027531118107084547
2025-03-22 20:00:00,0.0,0.16210957679402319
2025-03-22 21:00:00,0.0,5.7246549959576076e-05
2025-03-22 22:00:00,0.0,5.7246549959576076e-05
2025-03-22 23:00:00,0.0,5.7246549959576076e-05
2025-03-23 00:00:00,0.0,4.6213792314972237e-05
2025-03-23 01:00:00,0.0,0.001585340538831849
2025-03-23 02:00:00,0.0,0.04281090016242935
2025-03-23 03:00:00,0.0,0.06007360168091403
2025-03-23 04:00:00,0.0,0.07653229154489224
2025-03-23 05:00:00,0.0,0.08807895821155888
2025-03-23 06:00:00,0.0,0.059341715912521534
2025-03-23 07:00:00,0.0,0.0002594729400785467
2025-03-23 08:00:00,0.0,0.03490690425201684
2025-03-23 09:00:00,0.0,0.03376548386875139
2025-03-23 10:00:00,0.0,0.002536654460814939
2025-03-23 11:00:00,0.0,0.00033121128707227105
2025-03-23 12:00:00,0.0,0.001528681505912549
2025-03-23 13:00:00,0.0,0.0002277353103123661
2025-03-23 14:00:00,0.0,0.0006800610614188173
2025-03-23 15:00:00,0.0,0.0019036906048410303
2025-03-23 16:00:00,0.0,0.0006897881751755245
2025-03-23 17:00:00,0.0,0.00021389657784699753
2025-03-23 18:00:00,0.0,0.00020498434628450084
2025-03-23 19:00:00,0.0,0.00017632037610850916
2025-03-23 20:00:00,0.0,9.592906296585806e-05
2025-03-23 21:00:00,0.0,0.00013743132001595786
2025-03-23 22:00:00,0.0,0.017529554500485076
2025-03-23 23:00:00,0.0,0.03600290426307951
2025-03-24 00:00:00,0.0,0.026986912363408357
2025-03-24 01:00:00,0.0,0.04060646043867936
2025-03-24 02:00:00,0.0,0.11726544912987101
2025-03-24 03:00:00,0.0,0.057392236384489384
2025-03-24 04:00:00,0.0,0.06173704382263152
2025-03-24 05:00:00,0.0,0.06633221880814291
2025-03-24 06:00:00,0.0,0.07492361433705372
2025-03-24 07:00:00,0.0,0.07004156313218562
2025-03-24 08:00:00,0.0,0.03643977842407506
2025-03-24 09:00:00,0.0,0.008871611155632314
2025-03-24 10:00:00,0.0,0.009009009981106406
2025-03-24 11:00:00,0.0,0.004486302317329885
2025-03-24 12:00:00,0.0,0.028555489526531024
2025-03-24 13:00:00,0.0,0.016036350295629734
2025-03-24 14:00:00,0.0,0.009692681855899131
2025-03-24 15:00:00,0.0,0.06120395141919255
2025-03-24 16:00:00,0.0,0.006046424234066165
2025-03-24 17:00:00,0.0,0.005872834165079866
2025-03-24 18:00:00,0.0,0.00023235702791733106
2025-03-24 19:00:00,0.0,0.00018244116054390633
2025-03-24 20:00:00,0.0,0.00018129917458459385
2025-03-24 21:00:00,0.0,0.00010008782922639142
2025-03-24 22:00:00,0.0,0.0005341400403547436
2025-03-24 23:00:00,0.0,0.006436746541358539
2025-03-25 00:00:00,0.0,0.03248173520656373
2025-03-25 01:00:00,0.0,0.0006564459611126275
2025-03-25 02:00:00,0.0,0.011995218095277324
2025-03-25 03:00:00,0.0,0.03659757840248687
2025-03-25 04:00:00,0.0,0.0779968406439452
2025-03-25 05:00:00,0.0,0.06062305826052557
2025-03-25 06:00:00,0.0,0.00018725016738576378
2025-03-25 07:00:00,0.0,0.0004902818268561576
2025-03-25 08:00:00,0.0,0.01881618111817048
2025-03-25 09:00:00,0.0,0.006176765040923141
2025-03-25 10:00:00,0.0,0.0054482339890678305
2025-03-25 11:00:00,0.0,0.011569731596969404
2025-03-25 12:00:00,0.0,0.012319075572722337
2025-03-25 13:00:00,0.0,0.005942549058507359
2025-03-25 14:00:00,0.0,0.005925478061032069
2025-03-25 15:00:00,0.0,0.015378928718729382
2025-03-25 16:00:00,0.0,0.001394463975753288
2025-03-25 17:00:00,0.0,0.0005069494293839641
2025-03-25 18:00:00,0.0,0.00042625698945298343
2025-03-25 19:00:00,0.0,0.00036725567303719545
2025-03-25 20:00:00,0.0,0.00032165004322598864
2025-03-25 21:00:00,0.0,0.0003521343420791965
2025-03-25 22:00:00,0.0,0.03719547008687337
2025-03-25 23:00:00,0.0,0.012652946151254061
2025-03-26 00:00:00,0.0,0.02869856787653487
2025-03-26 01:00:00,0.0,0.031648604334782324
2025-03-26 02:00:00,0.0,0.023911287095949023
2025-03-26 03:00:00,0.0,0.009847941897226518
2025-03-26 04:00:00,0.0,0.001358441454740375
2025-03-26 05:00:00,0.0,0.0015077275273893546
2025-03-26 06:00:00,0.0,0.0012106765215828086
2025-03-26 07:00:00,0.0,0.000473345893865163
2025-03-26 08:00:00,0.0,0.03579686076384242
2025-03-26 09:00:00,0.0,0.009005677927510974
2025-03-26 10:00:00,0.0,0.06508724234128449
2025-03-26 11:00:00,0.0,0.019825682245154932
2025-03-26 12:00:00,0.0,0.0018186048527205464
2025-03-26 13:00:00,0.0,0.0008017194677936713
2025-03-26 14:00:00,0.0,0.00022559104502379717
2025-03-26 15:00:00,0.0,0.0002228478524468356
2025-03-26 16:00:00,0.0,0.0002950970420984677
2025-03-26 17:00:00,0.0,0.000656760980578149
2025-03-26 18:00:00,0.0,0.0004702607827365576
2025-03-26 19:00:00,0.0,0.0026671944488881314
2025-03-26 20:00:00,0.0,0.0003368351342963946
2025-03-26 21:00:00,0.0,0.0003270465955037845
2025-03-26 22:00:00,0.0,0.0010872579729614953
2025-03-26 23:00:00,0.0,0.002256420924723545
2025-03-27 00:00:00,0.0,0.0068244101518931816
2025-03-27 01:00:00,0.0,0.09392143376038278
2025-03-27 02:00:00,0.0,0.2230352710449461
2025-03-27 03:00:00,0.0,0.3445078589769713
2025-03-27 04:00:00,0.0,0.6887132807068663
2025-03-27 05:00:00,0.0,0.7972867860538078
2025-03-27 06:00:00,0.0,0.6713367658639843
2025-03-27 07:00:00,0.0,0.12528615060007484
2025-03-27 08:00:00,0.0,0.11018426302487841
2025-03-27 09:00:00,0.0,0.11694457860059114
2025-03-27 10:00:00,0.0,0.1565388439633007
2025-03-27 11:00:00,0.0,0.017288937512558753
2025-03-27 12:00:00,0.0,0.154149690045822
2025-03-27 13:00:00,0.0,0.05717704729929622
2025-03-27 14:00:00,0.0,0.0023907305609811593
2025-03-27 15:00:00,0.0,0.0012586998855823386
2025-03-27 16:00:00,0.0,0.005969224339313361
2025-03-27 17:00:00,0.0,0.005133493655173944
2025-03-27 18:00:00,0.0,0.009372450728556327
2025-03-27 19:00:00,0.0,0.00040623193905611976
2025-03-27 20:00:00,0.0,0.00032457148233447174
2025-03-27 21:00:00,0.0,0.0003153568249430813
2025-03-27 22:00:00,0.0,0.00031639380382447334
2025-03-27 23:00:00,0.0,0.05788785748588408
2025-03-28 00:00:00,0.0,0.11717360478386547
2025-03-28 01:00:00,0.0,0.00028271954355875575
2025-03-28 02:00:00,0.0,0.0003119539685821207
2025-03-28 03:00:00,0.0,0.00030548567838073535
2025-03-28 04:00:00,0.0,0.00028838804130804237
2025-03-28 05:00:00,0.0,0.00030240339326409433
2025-03-28 06:00:00,0.0,0.00907775126094157
2025-03-28 07:00:00,0.0,0.0012778099191128889
2025-03-28 08:00:00,0.0,0.0012258737895091778
2025-03-28 09:00:00,0.0,0.007536580324569753
2025-03-28 10:00:00,0.0,0.003877704352612483
2025-03-28 11:00:00,0.0,0.0006926651401876449
2025-03-28 12:00:00,0.0,0.0005785276272549053
2025-03-28 13:00:00,0.0,0.0022377206637741094
2025-03-28 14:00:00,0.0,0.000602345908570942
2025-03-28 15:00:00,0.0,0.0004582249549090385
2025-03-28 16:00:00,0.0,0.00046964919125181364
2025-03-28 17:00:00,0.0,0.00034085192014854013
2025-03-28 18:00:00,0.0,0.00033642954052679
2025-03-28 19:00:00,0.0,0.0002960411736538997
2025-03-28 20:00:00,0.0,0.00038641379809241686
2025-03-28 21:00:00,0.0,0.000218549935606356
2025-03-28 22:00:00,0.0,0.00018982191258851358
2025-03-28 23:00:00,0.0,0.06175254458085888
2025-03-29 00:00:00,0.0,0.0016020823776150518
2025-03-29 01:00:00,0.0,0.001421129996662679
2025-03-29 02:00:00,0.0,0.001421129996662679
2025-03-29 03:00:00,0.0,0.002298318924768006
2025-03-29 04:00:00,0.0,0.002397780264972392
2025-03-29 05:00:00,0.0,0.002809898815272801
2025-03-29 06:00:00,0.0,0.012558063689741472
2025-03-29 07:00:00,0.0,0.004358878281975824
2025-03-29 08:00:00,0.0,0.002357889304750606
2025-03-29 09:00:00,0.0,0.0037886322201607352
2025-03-29 10:00:00,0.0,0.00243612333640954
2025-03-29 11:00:00,0.0,0.00325126682727633
2025-03-29 12:00:00,0.0,0.0029551672615738774
2025-03-29 13:00:00,0.0,0.006319423576310851
2025-03-29 14:00:00,0.0,0.003742578818258492
2025-03-29 15:00:00,0.0,0.004157241283596183
2025-03-29 16:00:00,0.0,0.0018522909166852329
2025-03-29 17:00:00,0.0,0.0004911501581620934
2025-03-29 18:00:00,0.0,0.0003313074550831199
2025-03-29 19:00:00,0.0,0.0003234127182410147
2025-03-29 20:00:00,0.0,0.001240645422643528
2025-03-29 21:00:00,0.0,0.002972958980648507
2025-03-29 22:00:00,0.0,0.00037393181834382194
2025-03-29 23:00:00,0.0,0.00040212432844921256
2025-03-30 00:00:00,0.0,0.0013770625376955704
2025-03-30 01:00:00,0.0,0.00019281014233399755
2025-03-30 02:00:00,0.0,0.0010491404597735019
2025-03-30 03:00:00,0.0,0.03617731446217123
2025-03-30 04:00:00,0.0,0.00018088359712556767
2025-03-30 05:00:00,0.0,0.0001837595945539019
2025-03-30 06:00:00,0.0,0.001980752120153865
2025-03-30 07:00:00,0.0,0.0003164969196110723
2025-03-30 08:00:00,0.0,0.0001758230316132998
2025-03-30 09:00:00,0.0,0.000992613662331021
2025-03-30 10:00:00,0.0,0.0026966631401817427
2025-03-30 11:00:00,0.0,0.0005030733478509322
2025-03-30 12:00:00,0.0,0.020035264544938525
2025-03-30 13:00:00,0.0,0.01870949248239592
2025-03-30 14:00:00,0.0,0.019716018842134697
2025-03-30 15:00:00,0.0,0.0003228292161948915
2025-03-30 16:00:00,0.0,0.016487322474854273
2025-03-30 17:00:00,0.0,0.0003963344310744822
2025-03-30 18:00:00,0.0,0.0003519805632077541
2025-03-30 19:00:00,0.0,0.00028369113152367734
2025-03-30 20:00:00,0.0,0.00026942912486202595
2025-03-30 21:00:00,0.0,0.00027508852785819557
2025-03-30 22:00:00,0.0,0.00018309406007825738
2025-03-30 23:00:00,0.0,7.730537196618716e-05
2025-03-31 00:00:00,0.0,0.00014044720230055443
2025-03-31 01:00:00,0.0,0.0001736044417200262
2025-03-31 02:00:00,0.0,0.00016296545746013032
2025-03-31 03:00:00,0.0,0.0008322856885080567
2025-03-31 04:00:00,0.0,0.0008323631424809676
2025-03-31 05:00:00,0.0,0.0001645333794495152
2025-03-31 06:00:00,0.0,0.00017530656937960064
2025-03-31 07:00:00,0.0,0.00023107349623004972
2025-03-31 08:00:00,0.0,0.00013240086629589206
2025-03-31 09:00:00,0.0,0.000612097426155356
2025-03-31 10:00:00,0.0,0.0011561655166691033
2025-03-31 11:00:00,0.0,0.0003873666990964341
2025-03-31 12:00:00,0.0,0.000284659663285712
2025-03-31 13:00:00,0.0,0.002196910019936599
2025-03-31 14:00:00,0.0,0.00023439115735763782
2025-03-31 15:00:00,0.0,0.0003161875093244459
2025-03-31 16:00:00,0.0,0.0005771454374840971
2025-03-31 17:00:00,0.0,0.00040282747465657747
2025-03-31 18:00:00,0.0,0.00038518776526689114
2025-03-31 19:00:00,0.0,0.0003536826908673286
2025-03-31 20:00:00,0.0,0.000279431704029545
2025-03-31 21:00:00,0.0,0.00028991145900775044
2025-03-31 22:00:00,0.0,0.00019087110376143945
2025-03-31 23:00:00,0.0,0.00016306509181800616
2025-04-01 00:00:00,0.0,0.00013896728681297174
2025-04-01 01:00:00,0.0,0.00018869379254033363
2025-04-01 02:00:00,0.0,0.00018650963237034645
2025-04-01 03:00:00,0.0,0.00018584722768296818
2025-04-01 04:00:00,0.0,0.0001837244206654244
2025-04-01 05:00:00,0.0,0.00018430895961033157
2025-04-01 06:00:00,0.0,0.00023169160440984548
2025-04-01 07:00:00,0.0,0.00018337214313151706
2025-04-01 08:00:00,0.0,0.0005232325539954246
2025-04-01 09:00:00,0.0,0.00385232806509587
2025-04-01 10:00:00,0.0,0.006869238222393369
2025-04-01 11:00:00,0.0,0.0005554045092784371
2025-04-01 12:00:00,0.0,0.0005378367594744815
2025-04-01 13:00:00,0.0,0.00041008926441255303
2025-04-01 14:00:00,0.0,0.0005207187106878078
2025-04-01 15:00:00,0.0,0.0005664437359789413
2025-04-01 16:00:00,0.0,0.0005422023658323236
2025-04-01 17:00:00,0.0,0.00040159277906582665
2025-04-01 18:00:00,0.0,0.0003276562527899252
2025-04-01 19:00:00,0.0,0.0005678505314612553
2025-04-01 20:00:00,0.0,0.00027756749391405033
2025-04-01 21:00:00,0.0,0.00035757034708827916
2025-04-01 22:00:00,0.0,0.0003756294512402898
2025-04-01 23:00:00,0.0,0.00016136296415843171
2025-04-02 00:00:00,0.0,0.00014304859910059425
2025-04-02 01:00:00,0.0,0.0006237740633335859
2025-04-02 02:00:00,0.0,0.0001914719182564035
2025-04-02 03:00:00,0.0,0.0001876792708560299
2025-04-02 04:00:00,0.0,0.03427008632577135
2025-04-02 05:00:00,0.0,0.017114475957646497
2025-04-02 06:00:00,0.0,0.01723195825181292
2025-04-02 07:00:00,0.0,0.010404034237362325
2025-04-02 08:00:00,0.0,0.004698072516680642
2025-04-02 09:00:00,0.0,0.010466858649189772
2025-04-02 10:00:00,0.0,0.0016716052167285542
2025-04-02 11:00:00,0.0,0.0006562326313043931
2025-04-02 12:00:00,0.0,0.0538850186561459
2025-04-02 13:00:00,0.0,1.6095954951085616e-05
2025-04-02 14:00:00,0.0,2.767985192952891e-05
2025-04-02 15:00:00,0.0,0.06442767985192953
2025-04-02 16:00:00,0.0,0.11288790464889525
2025-04-02 17:00:00,0.0,0.0003378002151705979
2025-04-02 18:00:00,0.0,0.0007401434842334
2025-04-02 19:00:00,0.0,0.0016892560927082559
2025-04-02 20:00:00,0.0,0.000410861878359484
2025-04-02 21:00:00,0.0,0.004275806639488757
2025-04-02 22:00:00,0.0,0.009500889407499035
2025-04-02 23:00:00,0.0,0.00012096668344855388
2025-04-03 00:00:00,0.0,0.000209871891007195
2025-04-03 01:00:00,0.0,0.05695413968264982
2025-04-03 02:00:00,0.0,0.029390795706273516
2025-04-03 03:00:00,0.0,0.02758322666330838
2025-04-03 04:00:00,0.0,0.027948093712786153
2025-04-03 05:00:00,0.0,0.011321380783297532
2025-04-03 06:00:00,0.0,0.07983196035016388
2025-04-03 07:00:00,0.0,0.008279925532646509
2025-04-03 08:00:00,0.0,0.0077039917292180335
2025-04-03 09:00:00,0.0,0.002693631494077643
2025-04-03 10:00:00,0.0,0.0181270546010175
2025-04-03 11:00:00,0.0,0.02434910576490245
2025-04-03 12:00:00,0.0,0.13411498689654722
2025-04-03 13:00:00,0.0,0.11243144939084904
2025-04-03 14:00:00,0.0,0.11932719915809964
2025-04-03 15:00:00,0.0,0.0011511131869237695
2025-04-03 16:00:00,0.0,0.0006448391786574432
2025-04-03 17:00:00,0.0,0.0004653932459969641
2025-04-03 18:00:00,0.0,0.004240072330687201
2025-04-03 19:00:00,0.0,0.0010086998499009851
2025-04-03 20:00:00,0.0,0.0006722731803195463
2025-04-03 21:00:00,0.0,0.0949785857923365
2025-04-03 22:00:00,0.0,0.02196342974077011
2025-04-03 23:00:00,0.0,0.0051596601847001995
2025-04-04 00:00:00,0.0,0.04935506821512814
2025-04-04 01:00:00,0.0,0.30514157299817996
2025-04-04 02:00:00,0.0,0.26859681853920225
2025-04-04 03:00:00,0.0,0.281399254587205
2025-04-04 04:00:00,0.0,0.04157950289175913
2025-04-04 05:00:00,0.0,0.20384410764757818
2025-04-04 06:00:00,0.0,0.0004969844259944941
2025-04-04 07:00:00,0.0,0.19705977685163478
2025-04-04 08:00:00,0.0,0.20907722516268143
2025-04-04 09:00:00,0.0,0.17472324135315764
2025-04-04 10:00:00,0.0,0.007510092510874356
2025-04-04 11:00:00,0.0,0.0019987588819276687
2025-04-04 12:00:00,0.0,0.0966144095669132
2025-04-04 13:00:00,0.0,1.987955148123693e-05
2025-04-04 14:00:00,0.0,1.987955148123693e-05
2025-04-04 15:00:00,0.0,0.1503732356379431
2025-04-04 16:00:00,0.0,0.2847840686943528
2025-04-04 17:00:00,0.0,0.003980912465966056
2025-04-04 18:00:00,0.0,0.00044093824679674513
2025-04-04 19:00:00,0.0,0.0004635880322328976
2025-04-04 20:00:00,0.0,0.0005066358375083559
2025-04-04 21:00:00,0.0,0.00040670551501675536
2025-04-04 22:00:00,0.0,0.0003549292773471977
2025-04-04 23:00:00,0.0,0.0002777295763699706
2025-04-05 00:00:00,0.0,0.0004720458425115885
2025-04-05 01:00:00,0.0,0.0006433534343383797
2025-04-05 02:00:00,0.0,0.0002570154351085072
2025-04-05 03:00:00,0.0,0.00021810326393590694
2025-04-05 04:00:00,0.0,0.0002661098634818211
2025-04-05 05:00:00,0.0,0.00018650963237034645
2025-04-05 06:00:00,0.0,0.0002476480123992681
2025-04-05 07:00:00,0.0,0.0002076261988123594
2025-04-05 08:00:00,0.0,0.0010334492786342906
2025-04-05 09:00:00,0.0,0.002944602158163752
2025-04-05 10:00:00,0.0,0.0017097332630443564
2025-04-05 11:00:00,0.0,0.0006891038648510082
2025-04-05 12:00:00,0.0,0.3220276798519295
2025-04-05 13:00:00,0.0,0.07983853023281437
2025-04-05 14:00:00,0.0,0.0003186520660291834
2025-04-05 15:00:00,0.0,0.001494343016250005
2025-04-05 16:00:00,0.0,0.0015210335979739882
2025-04-05 17:00:00,0.0,0.000501935846822708
2025-04-05 18:00:00,0.0,0.0004916584183842287
2025-04-05 19:00:00,0.0,0.00047621069609310213
2025-04-05 20:00:00,0.0,0.0002891356905959265
2025-04-05 21:00:00,0.0,0.00027480155899345696
2025-04-05 22:00:00,0.0,0.0003047143410837512
2025-04-05 23:00:00,0.0,0.007281545083893574
2025-04-06 00:00:00,0.0,0.002589044029740949
2025-04-06 01:00:00,0.0,0.0016760160357844358
2025-04-06 02:00:00,0.0,0.003938879605239498
2025-04-06 03:00:00,0.0,0.004231479386577612
2025-04-06 04:00:00,0.0,0.0006298307613863393
2025-04-06 05:00:00,0.0,0.0002112102706404179
2025-04-06 06:00:00,0.0,0.0003006717915324926
2025-04-06 07:00:00,0.0,0.00037346338565110614
2025-04-06 08:00:00,0.0,0.05894107326939867
2025-04-06 09:00:00,0.0,0.06083757016811021
2025-04-06 10:00:00,0.0,0.004124992843407022
2025-04-06 11:00:00,0.0,0.6777870266417325
2025-04-06 12:00:00,0.0,0.5024251335667325
2025-04-06 13:00:00,0.0,0.00021388654898451404
2025-04-06 14:00:00,0.0,0.00021388654898451404
2025-04-06 15:00:00,0.0,0.00021388654898451404
2025-04-06 16:00:00,0.0,0.00021388654898451404
2025-04-06 17:00:00,0.0,0.0002950970420984677
2025-04-06 18:00:00,0.0,0.00336099869168691
2025-04-06 19:00:00,0.0,0.0004799686478235255
2025-04-06 20:00:00,0.0,0.00484898344660622
2025-04-06 21:00:00,0.0,0.055357833950538206
2025-04-06 22:00:00,0.0,0.05704383897216249
2025-04-06 23:00:00,0.0,0.055901196273911054
2025-04-07 00:00:00,0.0,0.11773054356839457
2025-04-07 01:00:00,0.0,0.12105078080175995
2025-04-07 02:00:00,0.0,0.08528029135233273
2025-04-07 03:00:00,0.0,0.0005289497771650125
2025-04-07 04:00:00,0.0,0.00030811241948319615
2025-04-07 05:00:00,0.0,0.0003143809710274363
2025-04-07 06:00:00,0.0,0.000440698273017931
2025-04-07 07:00:00,0.0,0.0013339282604886557
2025-04-07 08:00:00,0.0,0.0016993901520722982
2025-04-07 09:00:00,0.0,0.0562204401684292
2025-04-07 10:00:00,0.0,0.07098386492618083
2025-04-07 11:00:00,0.0,0.015474393958599167
2025-04-07 12:00:00,0.0,0.0015428209580673304
2025-04-07 13:00:00,0.0,0.0004011031220349984
2025-04-07 14:00:00,0.0,0.004419412531923352
2025-04-07 15:00:00,0.0,0.00021662974156147564
2025-04-07 16:00:00,0.0,0.00021388654898451404
2025-04-07 17:00:00,0.0,0.0040050161515459235
2025-04-07 18:00:00,0.0,0.017747290878310083
2025-04-07 19:00:00,0.0,0.007705641202380125
2025-04-07 20:00:00,0.0,0.0015294589036496662
2025-04-07 21:00:00,0.0,0.002336944814291526
2025-04-07 22:00:00,0.0,0.0010465435329936714
2025-04-07 23:00:00,0.0,0.0013014738654083494
2025-04-08 00:00:00,0.0,0.001775575998995449
2025-04-08 01:00:00,0.0,0.0007245995796540634
2025-04-08 02:00:00,0.0,0.0015240493711730827
2025-04-08 03:00:00,0.0,0.0006655353822984132
2025-04-08 04:00:00,0.0,0.000612005327500689
2025-04-08 05:00:00,0.0,0.0007664285246591741
2025-04-08 06:00:00,0.0,0.0012428711862913805
2025-04-08 07:00:00,0.0,0.002047369055961781
2025-04-08 08:00:00,0.0,0.0021907784694206586
2025-04-08 09:00:00,0.0,0.003167661604886526
2025-04-08 10:00:00,0.0,0.5896093904471645
2025-04-08 11:00:00,0.0,0.0001837021343913096
2025-04-08 12:00:00,0.0,1.0182970628244608e-05
2025-04-08 13:00:00,0.0,1.0182970628244608e-05
2025-04-08 14:00:00,0.0,4.407198352254951e-05
2025-04-08 15:00:00,0.0,0.0033262770766285437
2025-04-08 16:00:00,0.0,0.008987995759787856
2025-04-08 17:00:00,0.0,0.0020943943094975945
2025-04-08 18:00:00,0.0,0.3709551772006767
2025-04-08 19:00:00,0.0,0.003996128437885546
2025-04-08 20:00:00,0.0,0.00036436762472360975
2025-04-08 21:00:00,0.0,0.005217478909916742
2025-04-08 22:00:00,0.0,0.0004131821983367988
2025-04-08 23:00:00,0.0,0.0020823090382837113
2025-04-09 00:00:00,0.0,0.0020120830574743014
2025-04-09 01:00:00,0.0,0.0013123634811678753
2025-04-09 02:00:00,0.0,0.0008309623326445752
2025-04-09 03:00:00,0.0,0.0005553816285057186
2025-04-09 04:00:00,0.0,0.0008950745254751325
2025-04-09 05:00:00,0.0,0.0007998720922440705
2025-04-09 06:00:00,0.0,0.0007558278387095768
2025-04-09 07:00:00,0.0,0.0018970709662970173
2025-04-09 08:00:00,0.0,0.008255489299296584
2025-04-09 09:00:00,0.0,0.036648244797355616
2025-04-09 10:00:00,0.0,0.024788412042656822
2025-04-09 11:00:00,0.0,0.041418093568423395
2025-04-09 12:00:00,0.0,0.06113595766354921
2025-04-09 13:00:00,0.0,0.10628263403506706
2025-04-09 14:00:00,0.0,0.04853964970162768
2025-04-09 15:00:00,0.0,0.002716127315765355
2025-04-09 16:00:00,0.0,0.02701973034209437
2025-04-09 17:00:00,0.0,0.045304296366885884
2025-04-09 18:00:00,0.0,0.017301769069713712
2025-04-09 19:00:00,0.0,0.001281518232263497
2025-04-09 20:00:00,0.0,0.0016373728132621603
2025-04-09 21:00:00,0.0,0.0006019825350062511
2025-04-09 22:00:00,0.0,0.00037501533476322265
2025-04-09 23:00:00,0.0,0.00024529299942422446
2025-04-10 00:00:00,0.0,0.04536118584470838
2025-04-10 01:00:00,0.0,0.03498863203815725
2025-04-10 02:00:00,0.0,0.0107766869556458
2025-04-10 03:00:00,0.0,0.0015634980605410507
2025-04-10 04:00:00,0.0,0.0016230491779176215
2025-04-10 05:00:00,0.0,0.0034686044858612364
2025-04-10 06:00:00,0.0,0.053387421435263586
2025-04-10 07:00:00,0.2999999999999982,0.23570160073579952
2025-04-10 08:00:00,0.2999999999999982,0.021962706793603338
2025-04-10 09:00:00,0.2999999999999982,0.11793653567008634
2025-04-10 10:00:00,1.4999999999999982,0.042435275756854594
2025-04-10 11:00:00,1.4999999999999982,0.2439790032746066
2025-04-10 12:00:00,1.4999999999999982,0.25822621586025446
2025-04-10 13:00:00,1.1999999999999982,0.37925827721414096
2025-04-10 14:00:00,1.1999999999999982,0.453629005105162
2025-04-10 15:00:00,1.1999999999999982,0.41685089966876654
2025-04-10 16:00:00,0.0,0.30601072453118705
2025-04-10 17:00:00,0.0,1.1815871312840198
2025-04-10 18:00:00,0.0,0.23302835117427997
2025-04-10 19:00:00,0.0,0.16902007078557252
2025-04-10 20:00:00,0.0,0.11171356674053196
2025-04-10 21:00:00,0.0,0.010042748779539486
2025-04-10 22:00:00,0.0,0.055744431983245475
2025-04-10 23:00:00,0.0,1.087371585808796
2025-04-11 00:00:00,0.0,1.3594528664887398
2025-04-11 01:00:00,0.0,1.640158520704464
2025-04-11 02:00:00,0.0,0.6313914611063389
2025-04-11 03:00:00,0.0,0.8046027267780864
2025-04-11 04:00:00,0.0,1.4998773053131367
2025-04-11 05:00:00,0.0,1.088956043042563
2025-04-11 06:00:00,0.0,0.5874204065890303
2025-04-11 07:00:00,0.0,0.6362631604111282
2025-04-11 08:00:00,0.7999999999999983,0.7226175730044405
2025-04-11 09:00:00,0.7999999999999983,0.7853306773218925
2025-04-11 10:00:00,0.7999999999999983,0.8650508487585964
2025-04-11 11:00:00,0.7999999999999983,0.21330562069297404
2025-04-11 12:00:00,0.7999999999999983,0.11760198063851192
2025-04-11 13:00:00,3.1999999999999984,0.11455758909229063
2025-04-11 14:00:00,2.4999999999999982,1.1666705350547268
2025-04-11 15:00:00,2.9999999999999982,3.586386353898236
2025-04-11 16:00:00,4.499999999999998,1.772189237866553
2025-04-11 17:00:00,4.799999999999998,0.3679741917806238
2025-04-11 18:00:00,4.799999999999998,0.9393599614844986
2025-04-11 19:00:00,2.3999999999999977,2.0830063849851865
2025-04-11 20:00:00,2.2999999999999976,1.9149099345188865
2025-04-11 21:00:00,1.7999999999999978,2.3615956972746175
2025-04-11 22:00:00,0.29999999999999777,4.368654569285833
2025-04-11 23:00:00,0.0,4.8407261553751
2025-04-12 00:00:00,0.0,5.640628905799948
2025-04-12 01:00:00,0.0,3.938951169901131
2025-04-12 02:00:00,0.0,1.0786845123656434
2025-04-12 03:00:00,0.0,1.6267996744207083
2025-04-12 04:00:00,0.0,0.5435681905411227
2025-04-12 05:00:00,0.0,0.3902472236931273
2025-04-12 06:00:00,0.0,0.2504617198256546
2025-04-12 07:00:00,1.2999999999999978,0.2677517636984559
2025-04-12 08:00:00,1.2999999999999978,0.03238390749746209
2025-04-12 09:00:00,1.699999999999998,0.11081071429540901
2025-04-12 10:00:00,1.699999999999998,0.13197916239938343
2025-04-12 11:00:00,1.699999999999998,0.11661203490322371
2025-04-12 12:00:00,1.699999999999998,0.49660573454861084
2025-04-12 13:00:00,0.3999999999999978,5.288387235339265
2025-04-12 14:00:00,0.3999999999999978,5.987754493845514
2025-04-12 15:00:00,0.0,4.534245631220199
2025-04-12 16:00:00,0.0,3.328078653348859
2025-04-12 17:00:00,0.0,2.2479648929156797
2025-04-12 18:00:00,0.0,0.2895558432440598
2025-04-12 19:00:00,0.0,0.3552047791541286
2025-04-12 20:00:00,0.0,0.5144319002889753
2025-04-12 21:00:00,0.0,0.057648737687651455
2025-04-12 22:00:00,0.0,0.04221629227675571
2025-04-12 23:00:00,0.0,0.003689686050116782
2025-04-13 00:00:00,0.0,0.37555132615104897
2025-04-13 01:00:00,0.0,0.08786507912447186
2025-04-13 02:00:00,0.0,0.004994200848410094
2025-04-13 03:00:00,0.0,0.07934379510578768
2025-04-13 04:00:00,0.0,0.22359077326357393
2025-04-13 05:00:00,0.0,0.20178395803633084
2025-04-13 06:00:00,0.0,0.04930509014923833
2025-04-13 07:00:00,0.0,0.045785587294116345
2025-04-13 08:00:00,0.0,0.04894812747929495
2025-04-13 09:00:00,0.0,0.050172746555920245
2025-04-13 10:00:00,0.0,0.09688173505830393
2025-04-13 11:00:00,0.0,0.16166240898427675
2025-04-13 12:00:00,0.0,0.17326682301987895
2025-04-13 13:00:00,0.0,0.21026122984316273
2025-04-13 14:00:00,0.0,0.0780306803126644
2025-04-13 15:00:00,0.0,0.2683243760637538
2025-04-13 16:00:00,0.0,0.029972301892838567
2025-04-13 17:00:00,0.0,0.0017820315054959594
2025-04-13 18:00:00,0.0,0.002908675513153251
2025-04-13 19:00:00,0.0,0.0010300508790877332
2025-04-13 20:00:00,0.0,0.036129790607566235
2025-04-13 21:00:00,0.0,0.03770156946278294
2025-04-13 22:00:00,0.0,0.004763525440677978
2025-04-13 23:00:00,0.0,0.0034066470797574576
2025-04-14 00:00:00,0.0,0.00034828220252857605
2025-04-14 01:00:00,0.0,0.0003592533122176615
2025-04-14 02:00:00,0.0,0.0003322958214016383
2025-04-14 03:00:00,0.0,0.0021434947077075234
2025-04-14 04:00:00,0.0,0.006716500026263227
2025-04-14 05:00:00,0.0,0.0028412577198628814
2025-04-14 06:00:00,0.0,0.0018863857044673822
2025-04-14 07:00:00,0.0,0.0003907700552258221
2025-04-14 08:00:00,0.0,0.00044897418074128954
2025-04-14 09:00:00,0.0,0.0016408669789914044
2025-04-14 10:00:00,0.0,0.007453060043555853
2025-04-14 11:00:00,0.0,0.002533480793992892
2025-04-14 12:00:00,0.0,0.034479636476893574
2025-04-14 13:00:00,0.0,0.0030574749532081653
2025-04-14 14:00:00,0.0,0.008403803387648892
2025-04-14 15:00:00,0.0,0.052688534971645565
2025-04-14 16:00:00,0.0,0.03789578079100377
2025-04-14 17:00:00,0.0,0.04285088642185515
2025-04-14 18:00:00,0.0,0.0024119373062148402
2025-04-14 19:00:00,0.0,0.000445441093737002
2025-04-14 20:00:00,0.0,0.0003446874073131204
2025-04-14 21:00:00,0.0,0.00030875563511052984
2025-04-14 22:00:00,0.0,0.0003429449750790705
2025-04-14 23:00:00,0.0,0.0002805439592525703
2025-04-15 00:00:00,0.0,0.0004851075721741407
2025-04-15 01:00:00,0.0,0.0005896052872100021
2025-04-15 02:00:00,0.0,0.0005620270766818347
2025-04-15 03:00:00,0.0,0.0003357049302109737
2025-04-15 04:00:00,0.0,0.0046901198863134414
2025-04-15 05:00:00,0.0,0.0003281302983078362
2025-04-15 06:00:00,0.09999999999999779,0.0715711459918695
2025-04-15 07:00:00,0.09999999999999779,0.0009757483546786153
2025-04-15 08:00:00,0.09999999999999779,0.0016386466431045942
2025-04-15 09:00:00,0.09999999999999779,0.006486058751671579
2025-04-15 10:00:00,0.09999999999999779,0.08057349971627668
2025-04-15 11:00:00,0.09999999999999779,0.16746549096243923
2025-04-15 12:00:00,0.0,0.10541938489850175
2025-04-15 13:00:00,0.0,0.22507874332508684
2025-04-15 14:00:00,0.0,0.20009229288290623
2025-04-15 15:00:00,0.0,0.15716831168292894
2025-04-15 16:00:00,0.0,0.1497366182917629
2025-04-15 17:00:00,0.0,0.13332238353551448
2025-04-15 18:00:00,0.0,0.11201867827715085
2025-04-15 19:00:00,0.0,0.023778866173265308
2025-04-15 20:00:00,0.0,0.008677788752034126
2025-04-15 21:00:00,0.0,0.0022754439044343966
2025-04-15 22:00:00,0.0,0.001100522447069209
2025-04-15 23:00:00,0.0,0.0007384840731196659
2025-04-16 00:00:00,0.0,0.004046360100580208
2025-04-16 01:00:00,0.0,0.0010682963025605173
2025-04-16 02:00:00,0.0,0.0004522730068683504
2025-04-16 03:00:00,0.0,0.0004947903249415847
2025-04-16 04:00:00,0.0,0.004687507285547148
2025-04-16 05:00:00,0.0,0.005218679459951767
2025-04-16 06:00:00,0.0,0.003026894035099169
2025-04-16 07:00:00,0.0,0.007310341883502455
2025-04-16 08:00:00,0.0,0.015519779117410051
2025-04-16 09:00:00,0.0,0.04536212925418353
2025-04-16 10:00:00,0.0,0.14494921760439833
2025-04-16 11:00:00,0.0,0.12232815428756394
2025-04-16 12:00:00,0.0,0.12541200758600854
2025-04-16 13:00:00,0.0,0.11929740033808382
2025-04-16 14:00:00,0.0,0.21268412386767296
2025-04-16 15:00:00,0.0,0.3091836191533938
2025-04-16 16:00:00,0.0,0.07885680338834075
2025-04-16 17:00:00,0.0,0.14718753175213312
2025-04-16 18:00:00,0.0,0.0739941316216127
2025-04-16 19:00:00,0.0,0.0009300298989049712
2025-04-16 20:00:00,0.0,0.0005807690546947831
2025-04-16 21:00:00,0.0,0.004478297920451735
2025-04-16 22:00:00,0.0,0.0003612230353046583
2025-04-16 23:00:00,0.0,0.0002506846023746655
2025-04-17 00:00:00,0.0,0.000567487090585508
2025-04-17 01:00:00,0.0,0.0006741238054093126
2025-04-17 02:00:00,0.0,0.001218064873092974
2025-04-17 03:00:00,0.0,0.0008923820538905822
2025-04-17 04:00:00,0.0,0.0008869636069403926
2025-04-17 05:00:00,0.0,0.017383669128311033
2025-04-17 06:00:00,0.0,0.01664917760627708
2025-04-17 07:00:00,0.0,0.02284594310914995
2025-04-17 08:00:00,0.0,0.003266086714700085
2025-04-17 09:00:00,0.0,0.007180560325145682
2025-04-17 10:00:00,0.0,0.09905948839775058
2025-04-17 11:00:00,0.0,0.2335485480189202
2025-04-17 12:00:00,0.0,0.5996128282213906
2025-04-17 13:00:00,0.0,0.522385937100868
2025-04-17 14:00:00,0.0,0.08080391604683912
2025-04-17 15:00:00,0.0,0.034778032467074844
2025-04-17 16:00:00,0.0,0.08485792901492065
2025-04-17 17:00:00,0.0,0.05154704869500281
2025-04-17 18:00:00,0.0,0.15355342592918242
2025-04-17 19:00:00,0.0,0.06580782083989947
2025-04-17 20:00:00,0.0,0.0004701474979957352
2025-04-17 21:00:00,0.0,0.00035494857325442104
2025-04-17 22:00:00,0.0,0.0003426743387627805
2025-04-17 23:00:00,0.0,0.00031872000297628955
2025-04-18 00:00:00,0.0,0.0016367960865809807
2025-04-18 01:00:00,0.0,0.0018338063052963183
2025-04-18 02:00:00,0.0,0.0034641084483052545
2025-04-18 03:00:00,0.0,0.004588688724978504
2025-04-18 04:00:00,0.0,0.0032205296321447152
2025-04-18 05:00:00,0.0,0.003466620645991494
2025-04-18 06:00:00,0.0,0.003586218437984934
2025-04-18 07:00:00,0.0,0.0037913483403756
2025-04-18 08:00:00,0.0,0.004576331451321789
2025-04-18 09:00:00,0.0,0.006607909592975221
2025-04-18 10:00:00,0.0,0.011801191813060483
2025-04-18 11:00:00,0.0,0.06265089057460026
2025-04-18 12:00:00,0.0,0.5763308566898957
2025-04-18 13:00:00,0.0,3.052148680779399
2025-04-18 14:00:00,0.0,1.4299809881377847
2025-04-18 15:00:00,0.0,0.4973599516361457
2025-04-18 16:00:00,0.0,0.6727232116006833
2025-04-18 17:00:00,0.0,0.591993957983061
2025-04-18 18:00:00,0.0,0.14190864538522788
2025-04-18 19:00:00,0.0,0.0671876305282299
2025-04-18 20:00:00,0.0,0.014316672857935546
2025-04-18 21:00:00,0.0,0.0027378322096072143
2025-04-18 22:00:00,0.0,0.0021349705965327667
2025-04-18 23:00:00,0.0,0.0621562586679664
2025-04-19 00:00:00,0.0,0.008886153415996006
2025-04-19 01:00:00,0.0,0.06556338281844523
2025-04-19 02:00:00,0.0,0.07113426112668328
2025-04-19 03:00:00,0.0,0.0721240297625461
2025-04-19 04:00:00,0.0,0.056651837036670254
2025-04-19 05:00:00,0.0,0.003373013059856067
2025-04-19 06:00:00,0.0,0.0035477129079835475
2025-04-19 07:00:00,0.0,0.003678964752621961
2025-04-19 08:00:00,0.0,0.02072783054730465
2025-04-19 09:00:00,0.0,0.020984128863036165
2025-04-19 10:00:00,0.0,0.03156505331947669
2025-04-19 11:00:00,0.0,0.029575291543619958
2025-04-19 12:00:00,0.0,0.31897024155505566
2025-04-19 13:00:00,0.0,0.5718564123660267
2025-04-19 14:00:00,0.0,0.2916609140951664
2025-04-19 15:00:00,0.0,0.2938207239797299
2025-04-19 16:00:00,0.0,0.3827302669482141
2025-04-19 17:00:00,0.0,0.06295890975677741
2025-04-19 18:00:00,0.0,0.0730843158698547
2025-04-19 19:00:00,0.0,0.07369555643227968
2025-04-19 20:00:00,0.0,0.024748276470231693
2025-04-19 21:00:00,0.0,0.0005249406860321428
2025-04-19 22:00:00,0.0,0.0011740230687338254
2025-04-19 23:00:00,0.0,0.0021694276797242376
2025-04-20 00:00:00,0.0,0.04097454944884173
2025-04-20 01:00:00,0.0,0.0034982069983579035
2025-04-20 02:00:00,0.0,0.04658283439553842
2025-04-20 03:00:00,0.0,0.004568177427786366
2025-04-20 04:00:00,0.0,0.005145873350171442
2025-04-20 05:00:00,0.0,0.004177814210159788
2025-04-20 06:00:00,0.0,0.00365124452033365
2025-04-20 07:00:00,0.0,0.00431602372667208
2025-04-20 08:00:00,0.0,0.005414198780606998
2025-04-20 09:00:00,0.0,0.007837724406852034
2025-04-20 10:00:00,0.0,0.018187659428838425
2025-04-20 11:00:00,0.0,0.7997819194772845
2025-04-20 12:00:00,0.0,0.7681723269212721
2025-04-20 13:00:00,0.0,0.34596897456439896
2025-04-20 14:00:00,0.0,0.1736210946852126
2025-04-20 15:00:00,0.0,0.5161261832359633
2025-04-20 16:00:00,0.0,0.199982275174795
2025-04-20 17:00:00,0.0,0.03914999499822822
2025-04-20 18:00:00,0.0,0.014860298785834525
2025-04-20 19:00:00,0.0,0.0005668588431983893
2025-04-20 20:00:00,0.0,0.002360971466381365
2025-04-20 21:00:00,0.0,0.00045747617429517796
2025-04-20 22:00:00,0.0,0.00033617260617917194
2025-04-20 23:00:00,0.0,0.011959057846286671
2025-04-21 00:00:00,0.0,0.006464209212333528
2025-04-21 01:00:00,0.0,0.005274266174245339
2025-04-21 02:00:00,0.0,0.0005461631816365315
2025-04-21 03:00:00,0.0,0.0005821123181706687
2025-04-21 04:00:00,0.0,0.0018317466312916413
2025-04-21 05:00:00,0.0,0.0004995159830850937
2025-04-21 06:00:00,0.0,0.0008418785146222832
2025-04-21 07:00:00,0.0,0.004529786062545968
2025-04-21 08:00:00,0.0,0.012350795505300547
2025-04-21 09:00:00,0.0,0.008124333722452946
2025-04-21 10:00:00,0.0,0.29287027492021206
2025-04-21 11:00:00,0.0,1.6748438241496435
2025-04-21 12:00:00,0.0,0.9030876931698584
2025-04-21 13:00:00,0.0,0.046703657097790924
2025-04-21 14:00:00,0.0,0.23646228123860308
2025-04-21 15:00:00,0.0,0.12929342514267306
2025-04-21 16:00:00,0.0,0.06576837418690815
2025-04-21 17:00:00,0.0,0.056481569169238674
2025-04-21 18:00:00,0.0,0.09650930892279216
2025-04-21 19:00:00,0.0,0.11913003958402606
2025-04-21 20:00:00,0.0,0.09013697386988072
2025-04-21 21:00:00,0.0,0.02093143311905472
2025-04-21 22:00:00,0.0,0.032296164232270344
2025-04-21 23:00:00,0.0,0.0002552337008847898
2025-04-22 00:00:00,0.0,0.0004579587908738894
2025-04-22 01:00:00,0.0,0.000544442664578001
2025-04-22 02:00:00,0.0,0.0005386368299566366
2025-04-22 03:00:00,0.0,0.00043531413673043965
2025-04-22 04:00:00,0.0,0.00044206679721587287
2025-04-22 05:00:00,0.0,0.00025241138810023643
2025-04-22 06:00:00,0.0,0.0002568694926548282
2025-04-22 07:00:00,0.0,0.00046336724584514894
2025-04-22 08:00:00,0.0,0.002234290367702075
2025-04-22 09:00:00,0.0,0.007188287793587181
2025-04-22 10:00:00,0.0,0.008997368578043322
2025-04-22 11:00:00,0.0,0.135171301911494
2025-04-22 12:00:00,0.0,0.0008268894847793727
2025-04-22 13:00:00,0.0,0.0009041556421043316
2025-04-22 14:00:00,0.0,9.617226327022917e-05
2025-04-22 15:00:00,0.0,0.00021388654898451404
2025-04-22 16:00:00,0.0,0.0002228478524468356
2025-04-22 17:00:00,0.0,0.00033500362626652226
2025-04-22 18:00:00,0.0,0.0030588684235879036
2025-04-22 19:00:00,0.0,0.0005014009309062494
2025-04-22 20:00:00,0.0,0.0004290525096376353
2025-04-22 21:00:00,0.0,0.00031694764488984756
2025-04-22 22:00:00,0.0,0.002360886408600323
2025-04-22 23:00:00,0.0,0.00026346336848402256
2025-04-23 00:00:00,0.0,0.13473038703739254
2025-04-23 01:00:00,0.0,0.00042223423379328677
2025-04-23 02:00:00,0.0,0.0003807553453504734
2025-04-23 03:00:00,0.0,0.00024655767620097564
2025-04-23 04:00:00,0.0,0.00021530151676491706
2025-04-23 05:00:00,0.0,0.00024074658144726673
2025-04-23 06:00:00,0.0,0.00029065073344234645
2025-04-23 07:00:00,0.0,0.0005927093195871195
2025-04-23 08:00:00,0.0,0.037908564198954144
2025-04-23 09:00:00,0.0,0.003814316588262539
2025-04-23 10:00:00,0.0,0.006269103002448883
2025-04-23 11:00:00,0.0,0.0013783343953604672
2025-04-23 12:00:00,0.0,0.36065934761905194
2025-04-23 13:00:00,0.0,0.00021388654898451404
2025-04-23 14:00:00,0.0,0.000738359122824172
2025-04-23 15:00:00,0.0,0.0016716924561575041
2025-04-23 16:00:00,0.0,0.00021579909748317615
2025-04-23 17:00:00,0.0,0.00032704217765569104
2025-04-23 18:00:00,0.0,0.0004268040922820246
2025-04-23 19:00:00,0.0,0.00041493881601455384
2025-04-23 20:00:00,0.0,0.005881061182036489
2025-04-23 21:00:00,0.0,0.00019910606961889743
2025-04-23 22:00:00,0.0,0.00020431968069241775
2025-04-23 23:00:00,0.0,0.00018471822392514633
2025-04-24 00:00:00,0.0,0.00036235449280868883
2025-04-24 01:00:00,0.0,0.00048017344033981385
2025-04-24 02:00:00,0.0,0.0003863482942072519
2025-04-24 03:00:00,0.0,0.0010162816963931605
2025-04-24 04:00:00,0.0,0.0003913444018492668
2025-04-24 05:00:00,0.0,0.00023179184960184568
2025-04-24 06:00:00,0.0,0.0007576473774051625
2025-04-24 07:00:00,0.0,0.0004844893488145895
2025-04-24 08:00:00,0.0,0.023575194527938433
2025-04-24 09:00:00,0.0,0.014573036085517408
2025-04-24 10:00:00,0.0,0.011229014489447065
2025-04-24 11:00:00,0.0,0.0007146720298753806
2025-04-24 12:00:00,0.0,0.00030193686344992104
2025-04-24 13:00:00,0.0,0.00020502578949084334
2025-04-24 14:00:00,0.0,0.00020502578949084334
2025-04-24 15:00:00,0.0,0.00020502578949084334
2025-04-24 16:00:00,0.0,0.00020502578949084334
2025-04-24 17:00:00,0.0,0.08570893823992425
2025-04-24 18:00:00,0.0,0.0004259528153053754
2025-04-24 19:00:00,0.0,0.003064823771031466
2025-04-24 20:00:00,0.0,0.02371000447246551
2025-04-24 21:00:00,0.0,0.006285252490674327
2025-04-24 22:00:00,0.0,0.047697803056581695
2025-04-24 23:00:00,0.0,0.0016529710067074719
2025-04-25 00:00:00,0.0,0.0052592512089084074
2025-04-25 01:00:00,0.0,0.031023920410009346
2025-04-25 02:00:00,0.0,0.0003989010676526891
2025-04-25 03:00:00,0.0,0.004327977766221442
2025-04-25 04:00:00,0.0,0.0003937586780499079
2025-04-25 05:00:00,0.0,0.00039320609793571445
2025-04-25 06:00:00,0.0,0.0012598712545475491
2025-04-25 07:00:00,0.0,0.0008053752968065852
2025-04-25 08:00:00,0.0,0.009608462288149688
2025-04-25 09:00:00,0.0,0.013611876388160242
2025-04-25 10:00:00,0.0,0.015545684266897763
2025-04-25 11:00:00,0.0,0.003332680873149073
2025-04-25 12:00:00,0.0,0.0009558801964665615
2025-04-25 13:00:00,0.0,0.013130912532858979
2025-04-25 14:00:00,0.0,0.01431423050743268
2025-04-25 15:00:00,0.0,0.00020502578949084334
2025-04-25 16:00:00,0.0,0.06749559717660614
2025-04-25 17:00:00,0.0,0.002804710631864145
2025-04-25 18:00:00,0.0,0.0014269471288172813
2025-04-25 19:00:00,0.0,0.019249678675201096
2025-04-25 20:00:00,0.0,0.0014847487326378164
2025-04-25 21:00:00,0.0,0.0009628420955021541
2025-04-25 22:00:00,0.0,0.00019809786729490565
2025-04-25 23:00:00,0.0,0.00018471822392514633
2025-04-26 00:00:00,0.0,0.0003624213872747044
2025-04-26 01:00:00,0.0,0.000478539615654064
2025-04-26 02:00:00,0.0,0.0003795786508109814
2025-04-26 03:00:00,0.0,0.0063016002948468154
2025-04-26 04:00:00,0.0,0.004732843013677511
2025-04-26 05:00:00,0.0,0.0071991623534803486
2025-04-26 06:00:00,0.0,0.003245955954764188
2025-04-26 07:00:00,0.0,0.0008410481649846509
2025-04-26 08:00:00,0.0,0.0025119369555445057
2025-04-26 09:00:00,0.0,0.03597418851912091
2025-04-26 10:00:00,0.0,0.10747970393485211
2025-04-26 11:00:00,0.0,0.11231836786382467
2025-04-26 12:00:00,0.0,0.774645608104784
2025-04-26 13:00:00,0.0,0.5932901739427393
2025-04-26 14:00:00,0.0,0.4817118629613416
2025-04-26 15:00:00,0.0,0.2558163358650499
2025-04-26 16:00:00,0.0,0.15896943451152265
2025-04-26 17:00:00,0.0,0.0053125405294379684
2025-04-26 18:00:00,0.0,0.11950595669866866
2025-04-26 19:00:00,0.0,0.02597075734495103
2025-04-26 20:00:00,0.0,0.09453343050060208
2025-04-26 21:00:00,0.0,0.06444511382880336
2025-04-26 22:00:00,0.0,0.006505149215757643
2025-04-26 23:00:00,0.0,0.01259806404065348
2025-04-27 00:00:00,0.0,0.019835842934894914
2025-04-27 01:00:00,0.0,0.01707545147030798
2025-04-27 02:00:00,0.0,0.024591230471117255
2025-04-27 03:00:00,0.0,0.03556587019676852
2025-04-27 04:00:00,0.0,0.014334736900562526
2025-04-27 05:00:00,0.0,0.04071053829444328
2025-04-27 06:00:00,0.0,0.02166751606837338
2025-04-27 07:00:00,0.0,0.0310930220247475
2025-04-27 08:00:00,0.0,0.1044120806851682
2025-04-27 09:00:00,0.0,0.13976616144429865
2025-04-27 10:00:00,0.0,0.05160784080364804
2025-04-27 11:00:00,0.0,0.004428838653539792
2025-04-27 12:00:00,0.0,0.004275895982126648
2025-04-27 13:00:00,0.0,0.6244341598007308
2025-04-27 14:00:00,0.0,0.6961934523083013
2025-04-27 15:00:00,0.0,0.0812289693886079
2025-04-27 16:00:00,0.0,0.16575882167090297
2025-04-27 17:00:00,0.0,0.002448185556095703
2025-04-27 18:00:00,0.0,0.0013946466122177602
2025-04-27 19:00:00,0.0,0.00046716819575995643
2025-04-27 20:00:00,0.0,0.0004582017687168121
2025-04-27 21:00:00,0.0,0.00027243182138700687
2025-04-27 22:00:00,0.0,0.0002613726504922557
2025-04-27 23:00:00,0.0,0.055912807407275736
2025-04-28 00:00:00,0.0,0.020906725800611512
2025-04-28 01:00:00,0.0,0.0004951835615643442
2025-04-28 02:00:00,0.0,0.0005368621558444627
2025-04-28 03:00:00,0.0,0.00037985366701414025
2025-04-28 04:00:00,0.0,0.00035538675793168835
2025-04-28 05:00:00,0.0,0.0008988455514107561
2025-04-28 06:00:00,0.0,0.0032005294836925896
2025-04-28 07:00:00,0.0,0.0017794997421024983
2025-04-28 08:00:00,0.0,0.002711461192818096
2025-04-28 09:00:00,0.0,0.00680875866346482
2025-04-28 10:00:00,0.0,0.021413301828354273
2025-04-28 11:00:00,0.0,0.16321275750921627
2025-04-28 12:00:00,0.0,0.007685267796259625
2025-04-28 13:00:00,0.0,0.0002228478524468356
2025-04-28 14:00:00,0.0,0.01920066219852789
2025-04-28 15:00:00,0.0,0.0012822220522757902
2025-04-28 16:00:00,0.0,0.02976835142384903
2025-04-28 17:00:00,0.0,0.061464416699366184
2025-04-28 18:00:00,0.0,0.06776464334888434
2025-04-28 19:00:00,0.0,0.003767429046388731
2025-04-28 20:00:00,0.0,0.0002918025864178363
2025-04-28 21:00:00,0.0,0.003079071152405434
2025-04-28 22:00:00,0.0,0.00038274510574997386
2025-04-28 23:00:00,0.0,0.00023605724496963086
2025-04-29 00:00:00,0.0,0.010097934019806451
2025-04-29 01:00:00,0.0,0.048538905434299104
2025-04-29 02:00:00,0.0,0.01817315900788868
2025-04-29 03:00:00,0.0,0.09347253353519193
2025-04-29 04:00:00,0.0,0.22499738980283784
2025-04-29 05:00:00,0.0,0.14321882780663953
2025-04-29 06:00:00,0.0,0.02525999469873353
2025-04-29 07:00:00,0.0,0.004413146580534704
2025-04-29 08:00:00,0.0,0.005528192248367464
2025-04-29 09:00:00,0.0,0.0071721724992776245
2025-04-29 10:00:00,0.0,0.05036500813520658
2025-04-29 11:00:00,0.0,0.0086243635710179
2025-04-29 12:00:00,0.0,0.21659053755911073
2025-04-29 13:00:00,0.0,0.278706006508711
2025-04-29 14:00:00,0.0,0.10818326352996421
2025-04-29 15:00:00,0.0,0.09850016161304866
2025-04-29 16:00:00,0.0,0.09886580679375642
2025-04-29 17:00:00,0.0,0.05500842780131004
2025-04-29 18:00:00,0.0,0.004033903399474556
2025-04-29 19:00:00,0.0,0.031117973128729406
2025-04-29 20:00:00,0.0,0.00036980941216515007
2025-04-29 21:00:00,0.0,0.00036290374427597584
2025-04-29 22:00:00,0.0,0.00032951143730081415
2025-04-29 23:00:00,0.0,0.0002473703557258581
2025-04-30 00:00:00,0.0,0.001464270163083463
2025-04-30 01:00:00,0.0,0.0006235138072320888
2025-04-30 02:00:00,0.0,0.0005995316188207763
2025-04-30 03:00:00,0.0,0.0005464972624100062
2025-04-30 04:00:00,0.0,0.000547141479101075
2025-04-30 05:00:00,0.0,0.000549806375907048
2025-04-30 06:00:00,0.0,0.00388497048783309
2025-04-30 07:00:00,0.0,0.18569270443531682
2025-04-30 08:00:00,0.0,0.10700615972877559
2025-04-30 09:00:00,0.0,0.14306594116517135
2025-04-30 10:00:00,0.0,0.20703756252696184
2025-04-30 11:00:00,0.0,0.23968416884068217
2025-04-30 12:00:00,0.0,0.18180396490278725
2025-04-30 13:00:00,0.0,0.15437670672553871
2025-04-30 14:00:00,0.0,0.31295015359072126
2025-04-30 15:00:00,0.0,0.11448236630884408
2025-04-30 16:00:00,0.0,0.1444094736696297
2025-04-30 17:00:00,0.0,0.08373386765096139
2025-04-30 18:00:00,0.0,0.12953517366534917
2025-04-30 19:00:00,0.0,0.08481060334039181
2025-04-30 20:00:00,0.0,0.015560243229345846
2025-04-30 21:00:00,0.0,0.0025591127747399928
2025-04-30 22:00:00,0.0,0.0003691619529074596
2025-04-30 23:00:00,0.0,0.021251902799063874
2025-05-01 00:00:00,0.0,0.03791369675105506
2025-05-01 01:00:00,0.0,0.020101719404281078
2025-05-01 02:00:00,0.0,0.03336190196134591
2025-05-01 03:00:00,0.0,0.0403469899579571
2025-05-01 04:00:00,0.0,0.012637908154653
2025-05-01 05:00:00,0.0,0.01326156325820694
2025-05-01 06:00:00,0.0,0.5779120293137426
2025-05-01 07:00:00,0.0,0.042004478816052786
2025-05-01 08:00:00,0.0,0.06705879496804497
2025-05-01 09:00:00,0.0,0.07989426584955638
2025-05-01 10:00:00,0.09999999999999779,0.6467397546042593
2025-05-01 11:00:00,0.09999999999999779,0.4972424561952568
2025-05-01 12:00:00,0.09999999999999779,0.31095174180662477
2025-05-01 13:00:00,0.09999999999999779,0.06878609966857781
2025-05-01 14:00:00,0.09999999999999779,0.24198410275571822
2025-05-01 15:00:00,0.09999999999999779,0.20398299875044504
2025-05-01 16:00:00,0.0,0.4224071915043205
2025-05-01 17:00:00,0.0,2.659299298050587
2025-05-01 18:00:00,0.0,0.5726765018435533
2025-05-01 19:00:00,0.0,0.15805702812938865
2025-05-01 20:00:00,0.0,0.12509397374264833
2025-05-01 21:00:00,0.0,0.14695796976774156
2025-05-01 22:00:00,0.0,0.04460969987300068
2025-05-01 23:00:00,0.0,0.1253530586377533
2025-05-02 00:00:00,1.3999999999999977,0.2674972077563567
2025-05-02 01:00:00,1.9999999999999978,0.13782460049319376
2025-05-02 02:00:00,2.999999999999998,0.11395472934440479
2025-05-02 03:00:00,3.3999999999999977,0.11602367287550625
2025-05-02 04:00:00,3.499999999999998,0.10736613493671454
2025-05-02 05:00:00,3.499999999999998,0.03608086316754457
2025-05-02 06:00:00,2.099999999999998,4.457152913131825
2025-05-02 07:00:00,1.4999999999999978,5.489579105535821
2025-05-02 08:00:00,0.4999999999999978,3.5603544202682103
2025-05-02 09:00:00,0.09999999999999779,2.1535125701219497
2025-05-02 10:00:00,0.0,2.06111330624953
2025-05-02 11:00:00,0.0,2.280613394806578
2025-05-02 12:00:00,0.0,2.171640098554502
2025-05-02 13:00:00,0.0,0.9593568321288869
2025-05-02 14:00:00,0.0,1.0811679233711295
2025-05-02 15:00:00,0.0,0.9920385715331203
2025-05-02 16:00:00,0.0,2.6066518573800197
2025-05-02 17:00:00,0.0,2.2387681583684977
2025-05-02 18:00:00,0.0,0.6219079096585043
2025-05-02 19:00:00,0.0,0.6650395107961213
2025-05-02 20:00:00,0.0,1.1286094742624921
2025-05-02 21:00:00,0.0,1.7678242529373214
2025-05-02 22:00:00,0.0,1.8118794452823686
2025-05-02 23:00:00,0.0,1.185693717591016
2025-05-03 00:00:00,0.0,2.4237610855914684
2025-05-03 01:00:00,0.0,1.150725117297137
2025-05-03 02:00:00,0.0,0.6566887436103417
2025-05-03 03:00:00,0.0,1.4949207931804325
2025-05-03 04:00:00,0.0,1.8367043307715443
2025-05-03 05:00:00,0.0,2.4064611227161032
2025-05-03 06:00:00,0.0,0.5567954581361536
2025-05-03 07:00:00,0.9999999999999978,0.5654046408007172
2025-05-03 08:00:00,0.9999999999999978,0.4173199199654946
2025-05-03 09:00:00,1.1999999999999977,0.24248978222305834
2025-05-03 10:00:00,1.1999999999999977,0.12138683969765454
2025-05-03 11:00:00,1.1999999999999977,0.34583312569044844
2025-05-03 12:00:00,1.1999999999999977,0.23359991210095626
2025-05-03 13:00:00,0.1999999999999978,0.9697706734791799
2025-05-03 14:00:00,0.1999999999999978,1.228608224486615
2025-05-03 15:00:00,0.0,0.5691811064554458
2025-05-03 16:00:00,0.0,1.0676651139570505
2025-05-03 17:00:00,0.0,0.305589387525685
2025-05-03 18:00:00,0.0,0.4073003763106386
2025-05-03 19:00:00,0.0,0.6882150072905552
2025-05-03 20:00:00,0.0,0.9620209214706289
2025-05-03 21:00:00,0.0,0.8669703658916903
2025-05-03 22:00:00,0.0,1.2663977943734903
2025-05-03 23:00:00,0.0,1.6077986973696725
2025-05-04 00:00:00,0.0,1.7329079101542844
2025-05-04 01:00:00,0.0,3.1444440948111874
2025-05-04 02:00:00,0.0,0.23316106041190854
2025-05-04 03:00:00,0.0,0.509712996120215
2025-05-04 04:00:00,0.0,0.28141418142007685
2025-05-04 05:00:00,0.09999999999999779,2.0397854696713766
2025-05-04 06:00:00,0.9999999999999978,0.28213619804583245
2025-05-04 07:00:00,0.9999999999999978,0.6591904579105112
2025-05-04 08:00:00,0.9999999999999978,0.7493515155274426
2025-05-04 09:00:00,0.9999999999999978,0.23343171124870926
2025-05-04 10:00:00,0.9999999999999978,0.4861982861082881
2025-05-04 11:00:00,0.8999999999999978,0.4697642278066755
2025-05-04 12:00:00,0.0,1.7168424262763997
2025-05-04 13:00:00,0.0,1.2836492970001452
2025-05-04 14:00:00,0.0,0.45365458683879184
2025-05-04 15:00:00,0.0,0.792389657077687
2025-05-04 16:00:00,0.0,0.8079510381079934
2025-05-04 17:00:00,0.0,0.6015301063341844
2025-05-04 18:00:00,0.0,0.8787994539558289
2025-05-04 19:00:00,0.0,1.033857659673227
2025-05-04 20:00:00,0.0,0.9896175375739068
2025-05-04 21:00:00,0.0,0.8196328077826766
2025-05-04 22:00:00,0.0,0.8025374632573892
2025-05-04 23:00:00,0.0,1.5874126307060394
2025-05-05 00:00:00,0.0,2.3690795074608513
2025-05-05 01:00:00,0.0,0.29546040073249297
2025-05-05 02:00:00,0.0,2.232606866164975
2025-05-05 03:00:00,0.0,0.25123312259899
2025-05-05 04:00:00,0.0,0.3871849593574941
2025-05-05 05:00:00,0.0,0.4382660220883289
2025-05-05 06:00:00,0.0,2.0283249779177077
2025-05-05 07:00:00,0.0,0.6904111409337768
2025-05-05 08:00:00,0.0,0.5177761350646322
2025-05-05 09:00:00,0.0,0.5980367003367413
2025-05-05 10:00:00,0.0,0.3919201503075248
2025-05-05 11:00:00,0.0,0.4163619498621279
2025-05-05 12:00:00,0.0,0.5566881893928189
2025-05-05 13:00:00,0.0,0.48402432528253514
2025-05-05 14:00:00,0.0,0.4328526426582522
2025-05-05 15:00:00,0.0,0.32551486510732686
2025-05-05 16:00:00,0.0,0.2669351286573701
2025-05-05 17:00:00,0.0,0.15931874129836548
2025-05-05 18:00:00,0.0,0.35441749165184255
2025-05-05 19:00:00,0.0,0.34734173739036395
2025-05-05 20:00:00,0.0,0.30124389618410485
2025-05-05 21:00:00,0.0,0.29382042385069285
2025-05-05 22:00:00,0.0,0.2654139560548743
2025-05-05 23:00:00,0.0,0.27271703424915444
2025-05-06 00:00:00,0.0,0.31080282958479494
2025-05-06 01:00:00,0.0,0.7934856767516656
2025-05-06 02:00:00,0.0,0.29699105347446825
2025-05-06 03:00:00,0.0,0.27040855728023167
2025-05-06 04:00:00,0.0,1.5016450054134536
2025-05-06 05:00:00,0.0,0.9003101668611588
2025-05-06 06:00:00,0.0,0.3163287730061281
2025-05-06 07:00:00,0.1999999999999978,0.6330862761239882
2025-05-06 08:00:00,0.1999999999999978,0.7861166587725033
2025-05-06 09:00:00,0.1999999999999978,0.2816898780760355
2025-05-06 10:00:00,0.1999999999999978,0.20900082570710546
2025-05-06 11:00:00,0.1999999999999978,0.33739617143702866
2025-05-06 12:00:00,0.1999999999999978,0.26361013616119455
2025-05-06 13:00:00,0.0,0.22373629725445085
2025-05-06 14:00:00,0.0,0.11949649243665315
2025-05-06 15:00:00,0.0,0.11179273097437091
2025-05-06 16:00:00,0.0,0.10556346727153891
2025-05-06 17:00:00,0.0,0.09590289279442903
2025-05-06 18:00:00,0.0,0.038841602376018136
2025-05-06 19:00:00,0.0,0.1019826001070839
2025-05-06 20:00:00,0.0,0.10505049291045919
2025-05-06 21:00:00,0.0,0.1198056132226142
2025-05-06 22:00:00,0.0,0.5539543160979342
2025-05-06 23:00:00,0.0,0.2915792395152985
2025-05-07 00:00:00,0.0,0.2742998342392181
2025-05-07 01:00:00,0.0,0.350555548039097
2025-05-07 02:00:00,0.0,0.2609625232166939
2025-05-07 03:00:00,0.0,0.2377442474603581
2025-05-07 04:00:00,0.1999999999999978,0.1747510470578962
2025-05-07 05:00:00,0.2999999999999978,0.13857510444488882
2025-05-07 06:00:00,0.2999999999999978,0.21083159460928447
2025-05-07 07:00:00,0.2999999999999978,0.36458687924616323
2025-05-07 08:00:00,0.2999999999999978,0.46313379597002785
2025-05-07 09:00:00,0.2999999999999978,0.2749196856662638
2025-05-07 10:00:00,0.09999999999999779,0.5949097217602126
2025-05-07 11:00:00,0.09999999999999779,0.369646570126413
2025-05-07 12:00:00,0.09999999999999779,0.21476333433293915
2025-05-07 13:00:00,0.09999999999999779,0.1175226113438092
2025-05-07 14:00:00,0.09999999999999779,0.11538741188370169
2025-05-07 15:00:00,0.09999999999999779,0.11153473644772434
2025-05-07 16:00:00,0.09999999999999779,0.11627884294793982
2025-05-07 17:00:00,0.0,0.07238598484388266
2025-05-07 18:00:00,0.0,0.29851777079189595
2025-05-07 19:00:00,0.0,0.5875738843318089
2025-05-07 20:00:00,0.0,0.338265368930218
2025-05-07 21:00:00,0.0,0.2980897821506911
2025-05-07 22:00:00,0.0,0.08825555977036081
2025-05-07 23:00:00,0.0,1.0172894907587535
2025-05-08 00:00:00,0.0,1.585559883126225
2025-05-08 01:00:00,0.0,0.37332900726873436
2025-05-08 02:00:00,11.099999999999998,0.16392837297649576
2025-05-08 03:00:00,11.499999999999998,0.24254744859669314
2025-05-08 04:00:00,11.499999999999998,0.3282895409755679
2025-05-08 05:00:00,11.499999999999998,0.12657479297618413
2025-05-08 06:00:00,11.499999999999998,0.25434593081958035
2025-05-08 07:00:00,11.499999999999998,0.3944453984739594
2025-05-08 08:00:00,0.39999999999999825,3.288563244259439
2025-05-08 09:00:00,0.0,2.2833138685753
2025-05-08 10:00:00,0.0,1.7187660094326265
2025-05-08 11:00:00,0.19999999999999823,2.0878860503962198
2025-05-08 12:00:00,0.19999999999999823,0.6236988615650488
2025-05-08 13:00:00,0.19999999999999823,0.6682001420948519
2025-05-08 14:00:00,0.19999999999999823,1.012129085863787
2025-05-08 15:00:00,0.19999999999999823,1.040147233049295
2025-05-08 16:00:00,0.19999999999999823,1.1327475832399134
2025-05-08 17:00:00,0.0,1.6662165718504005
2025-05-08 18:00:00,0.0,0.8766336067194442
2025-05-08 19:00:00,0.0,1.067554425301026
2025-05-08 20:00:00,0.0,0.7015930414021452
2025-05-08 21:00:00,0.0,0.6563726094582057
2025-05-08 22:00:00,0.0,0.7951674410118127
2025-05-08 23:00:00,0.0,1.2834028831954787
2025-05-09 00:00:00,0.0,2.1548003983999773
2025-05-09 01:00:00,0.0,1.9071410328738625
2025-05-09 02:00:00,0.0,1.7255305505941523
2025-05-09 03:00:00,0.0,2.3531368214662445
2025-05-09 04:00:00,0.0,2.0411148892971305
2025-05-09 05:00:00,0.0,1.7843155909298667
2025-05-09 06:00:00,0.0,0.7399501700956809
2025-05-09 07:00:00,0.0,1.5261390485673074
2025-05-09 08:00:00,0.19999999999999823,1.2289244505543555
2025-05-09 09:00:00,0.19999999999999823,0.2835591457152205
2025-05-09 10:00:00,0.19999999999999823,0.14958478002523304
2025-05-09 11:00:00,0.19999999999999823,0.41210602910737143
2025-05-09 12:00:00,0.19999999999999823,0.4421802484905401
2025-05-09 13:00:00,0.19999999999999823,0.2969504273723722
2025-05-09 14:00:00,0.0,0.15923773427937327
2025-05-09 15:00:00,0.0,0.27378864929165253
2025-05-09 16:00:00,0.0,0.024557360700347555
2025-05-09 17:00:00,0.0,0.17999134160263308
2025-05-09 18:00:00,0.0,0.14226531646174603
2025-05-09 19:00:00,0.0,1.0381919077373933
2025-05-09 20:00:00,0.0,0.9367853761158741
2025-05-09 21:00:00,0.0,0.08068001812995727
2025-05-09 22:00:00,0.0,0.09800275206779444
2025-05-09 23:00:00,0.0,0.1152879989535555
2025-05-10 00:00:00,0.0,0.3977383591701498
2025-05-10 01:00:00,0.0,0.5192827425905002
2025-05-10 02:00:00,0.0,0.6710325972366293
2025-05-10 03:00:00,0.0,0.060881576164544336
2025-05-10 04:00:00,0.0,0.6341840516611285
2025-05-10 05:00:00,0.0,0.15437814927039875
2025-05-10 06:00:00,0.0,0.18276928585641541
2025-05-10 07:00:00,0.0,0.5313156226962362
2025-05-10 08:00:00,1.1999999999999982,0.6899562249375676
2025-05-10 09:00:00,1.1999999999999982,0.450707249916708
2025-05-10 10:00:00,1.5999999999999983,0.6293961264968625
2025-05-10 11:00:00,1.5999999999999983,1.2535803904787761
2025-05-10 12:00:00,1.5999999999999983,0.6668554321067692
2025-05-10 13:00:00,1.5999999999999983,0.8362660491768972
2025-05-10 14:00:00,0.39999999999999825,0.9457002335297386
2025-05-10 15:00:00,0.39999999999999825,0.8546041965346899
2025-05-10 16:00:00,0.0,0.19277262766563044
2025-05-10 17:00:00,0.0,0.6318962357306976
2025-05-10 18:00:00,0.0,0.321869855472899
2025-05-10 19:00:00,0.0,0.19229482878475015
2025-05-10 20:00:00,0.0,0.19947832085868394
2025-05-10 21:00:00,0.0,0.25851983009383017
2025-05-10 22:00:00,0.0,0.12668294147267883
2025-05-10 23:00:00,0.0,0.14823276869360624
2025-05-11 00:00:00,0.0,0.03358886012476833
2025-05-11 01:00:00,0.0,0.11938228156916962
2025-05-11 02:00:00,0.0,0.08356980075045761
2025-05-11 03:00:00,0.0,0.013270494596525613
2025-05-11 04:00:00,0.0,0.0075539643569126295
2025-05-11 05:00:00,0.0,0.03817950290833958
2025-05-11 06:00:00,0.0,0.027976767201147768
2025-05-11 07:00:00,0.0,0.14246984541313906
2025-05-11 08:00:00,0.0,0.07501905525493378
2025-05-11 09:00:00,0.0,0.07303572392128764
2025-05-11 10:00:00,0.0,0.10168887648182916
2025-05-11 11:00:00,0.0,0.06753833483782795
2025-05-11 12:00:00,0.0,0.030219372730462036
2025-05-11 13:00:00,0.0,0.02603021666408431
2025-05-11 14:00:00,0.0,0.12610587347850838
2025-05-11 15:00:00,0.0,0.026479637829043595
2025-05-11 16:00:00,0.0,0.2607492269138892
2025-05-11 17:00:00,0.0,0.07822935089928164
2025-05-11 18:00:00,0.0,0.9173974787150935
2025-05-11 19:00:00,0.0,0.3873021933526966
2025-05-11 20:00:00,0.0,0.0802698386916168
2025-05-11 21:00:00,0.0,0.042122754357928185
2025-05-11 22:00:00,0.0,0.01348880294707375
2025-05-11 23:00:00,0.0,0.6044336257199657
2025-05-12 00:00:00,0.0,0.0006049931312273678
2025-05-12 01:00:00,0.0,0.0008266950966142637
2025-05-12 02:00:00,0.0,0.0006701958962006179
2025-05-12 03:00:00,0.0,0.003980159583585587
2025-05-12 04:00:00,0.0,0.0051124755764566585
2025-05-12 05:00:00,0.0,0.0011096414978451576
2025-05-12 06:00:00,0.0,0.004728659863461185
2025-05-12 07:00:00,0.0,0.0011279283833071523
2025-05-12 08:00:00,0.0,0.006817651257381949
2025-05-12 09:00:00,0.0,0.01601097587687358
2025-05-12 10:00:00,0.0,0.017632928733013083
2025-05-12 11:00:00,0.0,0.021264903881182885
2025-05-12 12:00:00,0.0,0.07995939373451934
2025-05-12 13:00:00,0.0,0.17810080529943778
2025-05-12 14:00:00,0.0,1.3968528534943396
2025-05-12 15:00:00,0.0,0.05587698869381242
2025-05-12 16:00:00,0.0,0.0527326075322989
2025-05-12 17:00:00,0.0,0.8967242711296028
2025-05-12 18:00:00,0.0,0.0008058502401098536
2025-05-12 19:00:00,0.0,0.07406189741969195
2025-05-12 20:00:00,0.0,0.0016703165654810784
2025-05-12 21:00:00,0.0,0.01997308556866931
2025-05-12 22:00:00,0.0,0.0013991474268030002
2025-05-12 23:00:00,0.0,0.0011905131437143985
2025-05-13 00:00:00,0.0,0.0005320165631315943
2025-05-13 01:00:00,0.0,0.0007325059456101279
2025-05-13 02:00:00,0.0,0.001062440471378464
2025-05-13 03:00:00,0.0,0.008994938588527146
2025-05-13 04:00:00,0.0,0.01312932089235868
2025-05-13 05:00:00,0.0,0.018097354086696132
2025-05-13 06:00:00,0.0,0.09937092489284316
2025-05-13 07:00:00,0.0,0.0012824130648233503
2025-05-13 08:00:00,0.0,0.040186359198883886
2025-05-13 09:00:00,0.0,0.030464460235703313
2025-05-13 10:00:00,0.0,0.06612967247811363
2025-05-13 11:00:00,0.0,0.09319472709185865
2025-05-13 12:00:00,0.0,0.10853705049410799
2025-05-13 13:00:00,0.0,0.18528881899442087
2025-05-13 14:00:00,0.0,0.12377901542637107
2025-05-13 15:00:00,0.0,0.02631792040647115
2025-05-13 16:00:00,0.0,0.029823581973573
2025-05-13 17:00:00,0.0,0.06385140210138786
2025-05-13 18:00:00,0.0,0.07408420442836766
2025-05-13 19:00:00,0.0,0.018453494861213664
2025-05-13 20:00:00,0.0,0.013416749957908867
2025-05-13 21:00:00,0.0,0.0019317571765111617
2025-05-13 22:00:00,0.0,0.0004059333312467551
2025-05-13 23:00:00,0.0,0.00022445602087507196
2025-05-14 00:00:00,0.0,0.0005926812876366417
2025-05-14 01:00:00,0.0,0.0008440372006545301
2025-05-14 02:00:00,0.0,0.0008440372006545301
2025-05-14 03:00:00,0.0,0.000705648224424824
2025-05-14 04:00:00,0.0,0.0006368294658757653
2025-05-14 05:00:00,0.0,0.0004896972746809863
2025-05-14 06:00:00,0.0,0.0021464351149504835
2025-05-14 07:00:00,0.0,0.002532178264097079
2025-05-14 08:00:00,0.0,0.030090918692217992
2025-05-14 09:00:00,0.0,0.0508015480203087
2025-05-14 10:00:00,0.0,0.05744202932697466
2025-05-14 11:00:00,0.0,0.1961322229475803
2025-05-14 12:00:00,0.0,0.02636175843352482
2025-05-14 13:00:00,0.0,0.009833879645646143
2025-05-14 14:00:00,0.0,0.0032443841463426814
2025-05-14 15:00:00,0.0,0.000830472049008204
2025-05-14 16:00:00,0.0,0.0015771387156748677
2025-05-14 17:00:00,0.0,0.17105961359572577
2025-05-14 18:00:00,0.0,0.018935782085747595
2025-05-14 19:00:00,0.0,0.01732633219074681
2025-05-14 20:00:00,0.0,0.020344861774401417
2025-05-14 21:00:00,0.0,0.0011374521462281535
2025-05-14 22:00:00,0.0,0.000302760917453654
2025-05-14 23:00:00,0.0,0.00020420942691396396
2025-05-15 00:00:00,0.0,0.003467137265959349
2025-05-15 01:00:00,0.0,0.001967714584317538
2025-05-15 02:00:00,0.0,0.0017896488701226213
2025-05-15 03:00:00,0.0,0.001063396841011788
2025-05-15 04:00:00,0.0,0.0007349304951492514
2025-05-15 05:00:00,0.0,0.0006812974399134036
2025-05-15 06:00:00,0.0,0.0008666290116381472
2025-05-15 07:00:00,0.0,0.0022613028155784526
2025-05-15 08:00:00,0.0,0.02760382478293404
2025-05-15 09:00:00,0.0,0.028426359864041587
2025-05-15 10:00:00,0.0,0.1998447102111257
2025-05-15 11:00:00,0.0,0.058170688268002736
2025-05-15 12:00:00,0.0,0.0022131271128483826
2025-05-15 13:00:00,0.0,0.00010642239492445913
2025-05-15 14:00:00,0.0,0.00010501888615252937
2025-05-15 15:00:00,0.0,0.00010501888615252937
2025-05-15 16:00:00,0.0,0.00010501888615252937
2025-05-15 17:00:00,0.0,0.0285378145174029
2025-05-15 18:00:00,0.0,0.011977360898273831
2025-05-15 19:00:00,0.0,0.01083888892037669
2025-05-15 20:00:00,0.0,0.0015232243151929187
2025-05-15 21:00:00,0.0,0.00031212815626812014
2025-05-15 22:00:00,0.0,0.00032017405822305794
2025-05-15 23:00:00,0.0,0.00022556758682634002
2025-05-16 00:00:00,0.0,0.000633024548972124
2025-05-16 01:00:00,0.0,0.0007182509381877564
2025-05-16 02:00:00,0.0,0.0013386986128921569
2025-05-16 03:00:00,0.0,0.0007449067812887513
2025-05-16 04:00:00,0.0,0.0006822991801746383
2025-05-16 05:00:00,0.0,0.01731919385788308
2025-05-16 06:00:00,0.0,0.010792669595175738
2025-05-16 07:00:00,0.0,0.16843420141500462
2025-05-16 08:00:00,0.0,0.00256438844279429
2025-05-16 09:00:00,0.0,0.03899355969266944
2025-05-16 10:00:00,0.0,0.048778951826564707
2025-05-16 11:00:00,0.0,0.03951702140992432
2025-05-16 12:00:00,0.0,0.01565331651725534
2025-05-16 13:00:00,0.0,0.02194762515482514
2025-05-16 14:00:00,0.0,0.023746221646053202
2025-05-16 15:00:00,0.0,0.013103393590610296
2025-05-16 16:00:00,0.0,0.011520728201575185
2025-05-16 17:00:00,0.0,0.25076810439285324
2025-05-16 18:00:00,0.0,0.0022014182309222346
2025-05-16 19:00:00,0.0,0.001427240956338713
2025-05-16 20:00:00,0.0,0.012922181016964428
2025-05-16 21:00:00,0.0,0.00048460952260095133
2025-05-16 22:00:00,0.0,0.0008920481438545086
2025-05-16 23:00:00,0.0,0.00026013524504507683
2025-05-17 00:00:00,0.0,0.0006827454810054538
2025-05-17 01:00:00,0.0,0.0010617226592012446
2025-05-17 02:00:00,0.0,0.002865983783062949
2025-05-17 03:00:00,0.0,0.40402230336125505
2025-05-17 04:00:00,0.0,0.3527265348241061
2025-05-17 05:00:00,0.0,0.1674249836336316
2025-05-17 06:00:00,0.0,0.12958989274950708
2025-05-17 07:00:00,0.0,0.0862096454289382
2025-05-17 08:00:00,0.0,0.04953030257751589
2025-05-17 09:00:00,0.0,0.07480410898791594
2025-05-17 10:00:00,0.0,0.11856355261988887
2025-05-17 11:00:00,0.0,0.037722467483855944
2025-05-17 12:00:00,0.0,0.1272048398169279
2025-05-17 13:00:00,0.0,0.13022927620882385
2025-05-17 14:00:00,0.0,0.13565773303321652
2025-05-17 15:00:00,0.0,0.15792234091619078
2025-05-17 16:00:00,0.0,0.03178616632881355
2025-05-17 17:00:00,0.0,0.0504989102893865
2025-05-17 18:00:00,0.0,0.001807616183662398
2025-05-17 19:00:00,0.0,0.012460579527969919
2025-05-17 20:00:00,0.0,0.09707942513534489
2025-05-17 21:00:00,0.0,0.00038736486174521995
2025-05-17 22:00:00,0.0,0.00035499491559006787
2025-05-17 23:00:00,0.0,0.0003280323163084832
2025-05-18 00:00:00,0.0,0.006085534703257069
2025-05-18 01:00:00,0.0,0.0012756730427362782
2025-05-18 02:00:00,0.0,0.001074618112345398
2025-05-18 03:00:00,0.0,0.0008586297424694405
2025-05-18 04:00:00,0.0,0.0015173565630951596
2025-05-18 05:00:00,0.0,0.001966906270051043
2025-05-18 06:00:00,0.0,0.002020419224291091
2025-05-18 07:00:00,0.0,0.0014875370175224086
2025-05-18 08:00:00,0.0,0.0032245240119415353
2025-05-18 09:00:00,0.0,0.0072449522652203975
2025-05-18 10:00:00,0.0,0.007476437808600965
2025-05-18 11:00:00,0.0,0.07682405836110182
2025-05-18 12:00:00,0.0,0.004139208242306731
2025-05-18 13:00:00,0.0,0.005251144463737524
2025-05-18 14:00:00,0.0,0.0858751676774733
2025-05-18 15:00:00,0.0,0.0031460070082437986
2025-05-18 16:00:00,0.0,0.008435853098075685
2025-05-18 17:00:00,0.0,0.009218328450495961
2025-05-18 18:00:00,0.0,0.005715230271465268
2025-05-18 19:00:00,0.0,0.005381440315781805
2025-05-18 20:00:00,0.0,0.07791688859700939
2025-05-18 21:00:00,0.0,0.0014235963916672944
2025-05-18 22:00:00,0.0,0.0021305101305006445
2025-05-18 23:00:00,0.0,0.00198136654124206
2025-05-19 00:00:00,0.0,0.0066263619806646015
2025-05-19 01:00:00,0.0,0.002415815869467493
2025-05-19 02:00:00,0.0,0.002410761080954942
2025-05-19 03:00:00,0.0,0.0021432374589130903
2025-05-19 04:00:00,0.0,0.002074241600754377
2025-05-19 05:00:00,0.0,0.002313621143492941
2025-05-19 06:00:00,0.0,0.12676903954878246
2025-05-19 07:00:00,0.0,0.17577863123119658
2025-05-19 08:00:00,0.0,0.03685372106401563
2025-05-19 09:00:00,0.0,0.03258866483798239
2025-05-19 10:00:00,0.0,0.005400245744242369
2025-05-19 11:00:00,0.0,0.1313756241470302
2025-05-19 12:00:00,0.0,0.01270323618023426
2025-05-19 13:00:00,0.0,0.08365206990733834
2025-05-19 14:00:00,0.0,0.09889564288510766
2025-05-19 15:00:00,0.0,0.0855132200587402
2025-05-19 16:00:00,0.0,0.1068249550169919
2025-05-19 17:00:00,0.0,0.007692009697316819
2025-05-19 18:00:00,0.0,0.019273667012066648
2025-05-19 19:00:00,0.0,0.006528763243023164
2025-05-19 20:00:00,0.0,0.00655989558457875
2025-05-19 21:00:00,0.0,0.040668315013708496
2025-05-19 22:00:00,0.0,0.002345104976922069
2025-05-19 23:00:00,0.0,0.0018858187093178068
2025-05-20 00:00:00,0.0,0.104036907228658
2025-05-20 01:00:00,0.0,0.0023423020615196003
2025-05-20 02:00:00,0.0,0.006764008260142841
2025-05-20 03:00:00,0.0,0.002475168289409834
2025-05-20 04:00:00,0.0,0.009615536115578464
2025-05-20 05:00:00,0.0,0.010579261600743158
2025-05-20 06:00:00,0.0,0.0037266364247365833
2025-05-20 07:00:00,0.0,0.0033915137235712455
2025-05-20 08:00:00,0.0,0.0049254684660548385
2025-05-20 09:00:00,0.0,0.007256361913673529
2025-05-20 10:00:00,0.0,0.005016002435326275
2025-05-20 11:00:00,0.0,0.006660172316124363
2025-05-20 12:00:00,0.0,0.008854648704543146
2025-05-20 13:00:00,0.0,0.10880528063156208
2025-05-20 14:00:00,0.0,0.0064477595182707665
2025-05-20 15:00:00,0.0,0.18426626275178767
2025-05-20 16:00:00,0.0,0.052037203303859615
2025-05-20 17:00:00,0.0,0.04553998026215737
2025-05-20 18:00:00,0.0,0.01840625740342334
2025-05-20 19:00:00,0.0,0.009631665231427982
2025-05-20 20:00:00,0.0,0.005441213636712205
2025-05-20 21:00:00,0.0,0.005621587364534064
2025-05-20 22:00:00,0.0,0.03626783529636249
2025-05-20 23:00:00,0.0,0.005793073056317043
2025-05-21 00:00:00,0.0,0.01434889122856523
2025-05-21 01:00:00,0.0,0.0058406309742559765
2025-05-21 02:00:00,0.0,0.005389394752282703
2025-05-21 03:00:00,0.0,0.0033016344451528364
2025-05-21 04:00:00,0.0,0.0022328440630905804
2025-05-21 05:00:00,0.0,0.009866151042480743
2025-05-21 06:00:00,0.0,0.06362810160937533
2025-05-21 07:00:00,0.0,0.015301964058775193
2025-05-21 08:00:00,0.0,0.0024408816748512155
2025-05-21 09:00:00,0.0,0.004095898121155955
2025-05-21 10:00:00,0.0,0.00540575999459101
2025-05-21 11:00:00,0.0,0.07289289353619444
2025-05-21 12:00:00,0.0,0.00868788891485141
2025-05-21 13:00:00,0.0,0.001965343597936726
2025-05-21 14:00:00,0.0,0.07401570933582068
2025-05-21 15:00:00,0.0,0.1514495745350589
2025-05-21 16:00:00,0.0,0.23883041601096833
2025-05-21 17:00:00,0.0,0.04920907609350899
2025-05-21 18:00:00,0.0,0.111969945073075
2025-05-21 19:00:00,0.0,0.0962018448996355
2025-05-21 20:00:00,0.0,0.2682930779841926
2025-05-21 21:00:00,0.0,0.5034301466947454
2025-05-21 22:00:00,0.0,0.5601049128168056
2025-05-21 23:00:00,0.0,0.5723770939000108
2025-05-22 00:00:00,0.0,0.4989716912055627
2025-05-22 01:00:00,0.0,0.42751165930863094
2025-05-22 02:00:00,0.0,0.0024016436478653835
2025-05-22 03:00:00,0.0,0.17529594987609554
2025-05-22 04:00:00,0.0,0.054125733611734096
2025-05-22 05:00:00,0.0,0.1501080075613594
2025-05-22 06:00:00,0.0,0.004308531427774464
2025-05-22 07:00:00,0.0,0.021448579890620215
2025-05-22 08:00:00,0.0,0.13031795198051885
2025-05-22 09:00:00,0.0,0.26676883755587116
2025-05-22 10:00:00,0.0,0.06368903914855903
2025-05-22 11:00:00,0.0,0.5518026366371154
2025-05-22 12:00:00,0.0,0.0049073932972489775
2025-05-22 13:00:00,0.0,0.0008234708774106406
2025-05-22 14:00:00,0.0,0.020667807400990907
2025-05-22 15:00:00,0.0,0.023954242577850893
2025-05-22 16:00:00,0.0,0.003867786468451213
2025-05-22 17:00:00,0.0,0.0051739840752959105
2025-05-22 18:00:00,0.0,0.0018196999087651362
2025-05-22 19:00:00,0.0,0.000963146376365189
2025-05-22 20:00:00,0.0,0.0021831264262037057
2025-05-22 21:00:00,0.0,0.00215599795623644
2025-05-22 22:00:00,0.0,0.002434313054908792
2025-05-22 23:00:00,0.0,0.0013685788736943817
2025-05-23 00:00:00,0.0,0.0016034184062878013
2025-05-23 01:00:00,0.0,0.002162074584666568
2025-05-23 02:00:00,0.0,0.0022817539382171026
2025-05-23 03:00:00,0.0,0.0017687346449431407
2025-05-23 04:00:00,0.0,0.0019234102574143858
2025-05-23 05:00:00,0.0,0.0021006740632844322
2025-05-23 06:00:00,0.0,0.0038421085274298514
2025-05-23 07:00:00,0.0,0.003739326129500947
2025-05-23 08:00:00,0.0,0.0036223829023060796
2025-05-23 09:00:00,0.0,0.0145387763431959
2025-05-23 10:00:00,0.0,0.0034361710652723175
2025-05-23 11:00:00,0.0,0.012565116739791188
2025-05-23 12:00:00,0.0,0.033734888171087
2025-05-23 13:00:00,0.0,0.0027295960890251947
2025-05-23 14:00:00,0.0,0.0007709407315584683
2025-05-23 15:00:00,0.0,0.005401683494172181
2025-05-23 16:00:00,0.0,0.0032016834941721896
2025-05-23 17:00:00,0.0,0.017529010483186832
2025-05-23 18:00:00,0.0,0.025195555410924532
2025-05-23 19:00:00,0.0,0.0032384760175928847
2025-05-23 20:00:00,0.0,0.005450261829933894
2025-05-23 21:00:00,0.0,0.002695413292139699
2025-05-23 22:00:00,0.0,0.021234213320651386
2025-05-23 23:00:00,0.0,0.007651594807282142
2025-05-24 00:00:00,0.0,0.8934615545363154
2025-05-24 01:00:00,0.0,0.0066889280721329205
2025-05-24 02:00:00,0.0,0.0032776673426466365
2025-05-24 03:00:00,0.0,0.06345433858477431
2025-05-24 04:00:00,0.0,0.002896735922153938
2025-05-24 05:00:00,0.0,0.002743279975197088
2025-05-24 06:00:00,0.0,0.05900921370564721
2025-05-24 07:00:00,0.0,0.09377557823936379
2025-05-24 08:00:00,0.0,0.008552392211117732
2025-05-24 09:00:00,0.0,0.00663388427378561
2025-05-24 10:00:00,0.0,0.006197785619654783
2025-05-24 11:00:00,0.0,0.390618484550747
2025-05-24 12:00:00,0.0,0.3133045680032617
2025-05-24 13:00:00,0.0,0.19501041680314932
2025-05-24 14:00:00,0.0,0.14026282011984367
2025-05-24 15:00:00,0.0,0.16602874754893243
2025-05-24 16:00:00,0.0,0.050366311032382496
2025-05-24 17:00:00,0.0,0.10202547018386436
2025-05-24 18:00:00,0.0,0.010920663791472402
2025-05-24 19:00:00,0.0,0.11267925035562866
2025-05-24 20:00:00,0.0,0.0013632514434548083
2025-05-24 21:00:00,0.0,0.000842359689378527
2025-05-24 22:00:00,0.0,0.0026369478168006646
2025-05-24 23:00:00,0.0,0.00225500318714713
2025-05-25 00:00:00,2.799999999999998,0.0383240484761186
2025-05-25 01:00:00,2.799999999999998,0.28446477737043185
2025-05-25 02:00:00,2.799999999999998,0.07757070200646564
2025-05-25 03:00:00,2.799999999999998,0.28995488409165393
2025-05-25 04:00:00,2.799999999999998,0.15027628011000368
2025-05-25 05:00:00,2.799999999999998,0.19916269155807514
2025-05-25 06:00:00,0.0,6.579206188087429
2025-05-25 07:00:00,0.0,3.101015524820996
2025-05-25 08:00:00,0.0,1.7688121923092979
2025-05-25 09:00:00,0.9999999999999982,1.4621580777286909
2025-05-25 10:00:00,1.4999999999999982,1.329297223859119
2025-05-25 11:00:00,1.4999999999999982,0.48341512807902043
2025-05-25 12:00:00,1.4999999999999982,1.9204572385165088
2025-05-25 13:00:00,1.4999999999999982,0.4423682912356145
2025-05-25 14:00:00,1.4999999999999982,0.5047159386101572
2025-05-25 15:00:00,0.4999999999999982,2.709020610245292
2025-05-25 16:00:00,0.0,0.8621634719149136
2025-05-25 17:00:00,0.0,0.4501916442820296
2025-05-25 18:00:00,0.0,0.9365910007852274
2025-05-25 19:00:00,0.0,0.44311968884052527
2025-05-25 20:00:00,0.0,0.7729579055477026
2025-05-25 21:00:00,0.0,0.8864895644495719
2025-05-25 22:00:00,0.0,0.9791604587016265
2025-05-25 23:00:00,0.0,0.8092589881553564
2025-05-26 00:00:00,0.0,0.9960352153322278
2025-05-26 01:00:00,0.0,0.6623480585880689
2025-05-26 02:00:00,0.0,0.6046762671427184
2025-05-26 03:00:00,0.0,0.6478118483465491
2025-05-26 04:00:00,0.0,0.6787580178966569
2025-05-26 05:00:00,0.0,2.2536902128076295
2025-05-26 06:00:00,0.0,0.5285559793936243
2025-05-26 07:00:00,0.0,0.6036672799383176
2025-05-26 08:00:00,0.0,0.5350734047345476
2025-05-26 09:00:00,0.0,0.30044510749863473
2025-05-26 10:00:00,0.0,0.21951051143145497
2025-05-26 11:00:00,0.0,0.03038723535205036
2025-05-26 12:00:00,0.0,0.019144972102101154
2025-05-26 13:00:00,0.0,0.020805328086279464
2025-05-26 14:00:00,0.0,0.0402127668949253
2025-05-26 15:00:00,0.0,0.055070615402186766
2025-05-26 16:00:00,0.0,0.10322936904415
2025-05-26 17:00:00,0.0,0.0011337102149484126
2025-05-26 18:00:00,0.0,0.35203981822003866
2025-05-26 19:00:00,0.0,0.12046907298486667
2025-05-26 20:00:00,0.0,0.08129987777479418
2025-05-26 21:00:00,0.0,0.11436037363246858
2025-05-26 22:00:00,0.0,0.035848384521154394
2025-05-26 23:00:00,0.0,0.03827779601388128
2025-05-27 00:00:00,0.0,0.02004491839581165
2025-05-27 01:00:00,0.0,0.020131064551000156
2025-05-27 02:00:00,0.0,0.006279777130509614
2025-05-27 03:00:00,0.0,0.01420364860473244
2025-05-27 04:00:00,0.0,0.006590096948013066
2025-05-27 05:00:00,0.0,0.004214250794538796
2025-05-27 06:00:00,0.0,0.008856140069913166
2025-05-27 07:00:00,0.0,0.015787519102404817
2025-05-27 08:00:00,0.0,0.005209239951903869
2025-05-27 09:00:00,0.0,0.005211037885411459
2025-05-27 10:00:00,0.0,0.04784513387646298
2025-05-27 11:00:00,0.0,0.13598079355098985
2025-05-27 12:00:00,0.0,0.03884160002525499
2025-05-27 13:00:00,0.0,0.011194642697433798
2025-05-27 14:00:00,0.0,0.02644322219547654
2025-05-27 15:00:00,0.0,0.02774350955826683
2025-05-27 16:00:00,0.0,0.04460946640523964
2025-05-27 17:00:00,0.0,0.010529352077759192
2025-05-27 18:00:00,0.0,0.10229413713265517
2025-05-27 19:00:00,0.0,0.0707644829635959
2025-05-27 20:00:00,0.0,0.12096266161257002
2025-05-27 21:00:00,0.0,0.09610946103435186
2025-05-27 22:00:00,0.0,0.04501299096915947
2025-05-27 23:00:00,0.0,0.0052227525920246955
2025-05-28 00:00:00,0.0,0.0036972062213105447
2025-05-28 01:00:00,0.0,0.006525505972057716
2025-05-28 02:00:00,0.0,0.00587519502945583
2025-05-28 03:00:00,0.0,0.25866946553919445
2025-05-28 04:00:00,0.0,0.05766641104691591
2025-05-28 05:00:00,0.09999999999999823,0.024687191333567934
2025-05-28 06:00:00,0.09999999999999823,0.004171273711899296
2025-05-28 07:00:00,0.09999999999999823,0.012009246918083881
2025-05-28 08:00:00,0.09999999999999823,0.5388886942329694
2025-05-28 09:00:00,0.09999999999999823,0.1476487347619249
2025-05-28 10:00:00,0.09999999999999823,0.03146204108335784
2025-05-28 11:00:00,0.0,0.1586689110455335
2025-05-28 12:00:00,0.2999999999999982,0.22357688398158934
2025-05-28 13:00:00,0.2999999999999982,0.14127093635480747
2025-05-28 14:00:00,0.2999999999999982,0.0800885868812323
2025-05-28 15:00:00,0.2999999999999982,0.0620559050796454
2025-05-28 16:00:00,0.2999999999999982,0.04454011843889789
2025-05-28 17:00:00,0.2999999999999982,0.27705179695063503
2025-05-28 18:00:00,0.0,0.2502053297192211
2025-05-28 19:00:00,0.0,0.48674613372616404
2025-05-28 20:00:00,0.0,0.6719384767539319
2025-05-28 21:00:00,0.0,0.32560161587119735
2025-05-28 22:00:00,0.0,0.3187244820438
2025-05-28 23:00:00,0.0,0.48147490507708196
2025-05-29 00:00:00,0.0,0.5536076032082955
2025-05-29 01:00:00,0.0,0.3779065951740537
2025-05-29 02:00:00,0.0,0.7019515389519749
2025-05-29 03:00:00,0.0,1.0111192764805104
2025-05-29 04:00:00,0.0,1.662734066037242
2025-05-29 05:00:00,0.09999999999999823,0.580180892105893
2025-05-29 06:00:00,0.09999999999999823,3.228000204229411
2025-05-29 07:00:00,0.09999999999999823,1.8750040538515529
2025-05-29 08:00:00,0.09999999999999823,1.0787901146610697
2025-05-29 09:00:00,0.09999999999999823,0.9157994162889029
2025-05-29 10:00:00,0.09999999999999823,0.5716423022284906
2025-05-29 11:00:00,0.0,0.4982104579127725
2025-05-29 12:00:00,0.0,0.3441919078547777
2025-05-29 13:00:00,0.0,0.24693998087525298
2025-05-29 14:00:00,0.0,0.4622161526456315
2025-05-29 15:00:00,0.0,0.268260144057439
2025-05-29 16:00:00,0.0,0.37243611358938006
2025-05-29 17:00:00,0.0,0.3284466551825132
2025-05-29 18:00:00,0.0,0.7866190117833692
2025-05-29 19:00:00,0.0,0.9229950460164194
2025-05-29 20:00:00,0.0,0.08140877030774338
2025-05-29 21:00:00,0.0,1.0082085123310507
2025-05-29 22:00:00,0.0,0.1708704730498315
2025-05-29 23:00:00,0.0,0.08079713928979587
2025-05-30 00:00:00,0.0,0.18405331109979628
2025-05-30 01:00:00,0.0,0.3031764462444012
2025-05-30 02:00:00,0.0,0.41604548683286835
2025-05-30 03:00:00,0.0,0.4077914123298766
2025-05-30 04:00:00,0.0,0.40719341798215464
2025-05-30 05:00:00,0.0,0.40719447283447535
2025-05-30 06:00:00,0.0,0.8525103802072248
2025-05-30 07:00:00,0.0,1.0156854764255077
2025-05-30 08:00:00,0.0,0.8101669925295236
2025-05-30 09:00:00,0.0,0.39925520973915096
2025-05-30 10:00:00,0.0,0.4798566527122284
2025-05-30 11:00:00,0.0,0.9863384014805392
2025-05-30 12:00:00,0.0,0.2573853730534582
2025-05-30 13:00:00,0.0,0.27724271819823076
2025-05-30 14:00:00,0.0,0.36470915986782326
2025-05-30 15:00:00,0.0,0.515685190292594
2025-05-30 16:00:00,0.0,0.46721665041234894
2025-05-30 17:00:00,0.0,0.4496688206861384
2025-05-30 18:00:00,0.0,0.46610882672764664
2025-05-30 19:00:00,0.0,0.6076652269077804
2025-05-30 20:00:00,0.0,0.26667753179919673
2025-05-30 21:00:00,0.0,0.2789498367744442
2025-05-30 22:00:00,0.0,0.5112886119410651
2025-05-30 23:00:00,0.0,0.05302498526530421
2025-05-31 00:00:00,0.0,0.6870511903677576
2025-05-31 01:00:00,0.0,0.44359737164017676
2025-05-31 02:00:00,0.0,0.4316201913876029
2025-05-31 03:00:00,0.0,0.4399316230772499
2025-05-31 04:00:00,0.0,0.6066719603264905
2025-05-31 05:00:00,0.0,0.02399650732877847
2025-05-31 06:00:00,0.0,0.12380331260604704
2025-05-31 07:00:00,0.0,0.11071351507528061
2025-05-31 08:00:00,0.0,0.08278490301915689
2025-05-31 09:00:00,0.0,0.0720520447035495
2025-05-31 10:00:00,0.0,0.05963285200824624
2025-05-31 11:00:00,0.0,0.004004063419888266
2025-05-31 12:00:00,0.2999999999999982,0.014697840362421733
2025-05-31 13:00:00,0.2999999999999982,0.00255727561259847
2025-05-31 14:00:00,0.2999999999999982,0.034646090749800205
2025-05-31 15:00:00,0.2999999999999982,0.10190331805668862
2025-05-31 16:00:00,0.2999999999999982,0.019742482000984406
2025-05-31 17:00:00,0.2999999999999982,0.16731336146397166
2025-05-31 18:00:00,0.0,1.4626243122013616
2025-05-31 19:00:00,0.0,0.8627968936187311
2025-05-31 20:00:00,0.0,1.3963013370884225
2025-05-31 21:00:00,0.0,1.1615407877033852
2025-05-31 22:00:00,0.0,1.3071355743529853
2025-05-31 23:00:00,0.0,0.39464634297236534
2025-06-01 00:00:00,0.0,0.6753120902835693
2025-06-01 01:00:00,0.0,0.6570118453807295
2025-06-01 02:00:00,0.0,0.800219460626649
2025-06-01 03:00:00,0.0,1.0826604982821346
2025-06-01 04:00:00,0.0,0.8230176238859997
2025-06-01 05:00:00,0.0,0.22745346206868064
2025-06-01 06:00:00,0.0,0.38112190471923907
2025-06-01 07:00:00,0.0,0.49790229002215874
2025-06-01 08:00:00,0.0,0.511105508145139
2025-06-01 09:00:00,0.0,0.18925243865557217
2025-06-01 10:00:00,0.0,0.23551294319160657
2025-06-01 11:00:00,0.0,0.4366911248037646
2025-06-01 12:00:00,0.0,0.13336806841217239
2025-06-01 13:00:00,0.0,0.07064453213444712
2025-06-01 14:00:00,0.0,0.2579489124809053
2025-06-01 15:00:00,0.0,0.14539925296259798
2025-06-01 16:00:00,0.0,0.2562496847929187
2025-06-01 17:00:00,0.0,0.1537467597281783
2025-06-01 18:00:00,0.0,0.2732133483052483
2025-06-01 19:00:00,0.0,0.16167365492203106
2025-06-01 20:00:00,0.0,0.1609137252362374
2025-06-01 21:00:00,0.0,0.1511568458130928
2025-06-01 22:00:00,0.0,0.14609514750301206
2025-06-01 23:00:00,0.0,0.15688172113133447
2025-06-02 00:00:00,0.0,0.0026966053956378865
2025-06-02 01:00:00,0.0,0.0017441623955371875
2025-06-02 02:00:00,0.0,0.157728779162982
2025-06-02 03:00:00,0.0,0.040434845283781835
2025-06-02 04:00:00,0.0,0.1346804949155373
2025-06-02 05:00:00,0.0,0.0024938487028108307
2025-06-02 06:00:00,0.0,1.300665335749018
2025-06-02 07:00:00,0.0,0.608321729404624
2025-06-02 08:00:00,0.0,0.021350427542907606
2025-06-02 09:00:00,0.5999999999999982,0.022784319991603724
2025-06-02 10:00:00,0.5999999999999982,0.01935972116757568
2025-06-02 11:00:00,0.5999999999999982,0.007366272423066815
2025-06-02 12:00:00,0.5999999999999982,0.005616209262761613
2025-06-02 13:00:00,0.5999999999999982,0.09240840638401891
2025-06-02 14:00:00,0.5999999999999982,0.018882698728745755
2025-06-02 15:00:00,0.0,0.11374187866289859
2025-06-02 16:00:00,0.0,0.19672335168217053
2025-06-02 17:00:00,0.0,0.05507328716030431
2025-06-02 18:00:00,0.0,0.334005062719124
2025-06-02 19:00:00,0.0,0.4359043522587186
2025-06-02 20:00:00,0.0,0.42397749673978713
2025-06-02 21:00:00,0.0,0.5797587657883922
2025-06-02 22:00:00,0.0,0.31168629721221314
2025-06-02 23:00:00,0.0,1.3098458057593363
2025-06-03 00:00:00,0.0,0.17531515757011368
2025-06-03 01:00:00,0.0,0.12820582073550643
2025-06-03 02:00:00,0.0,0.13503356519093385
2025-06-03 03:00:00,0.0,0.1440682726143852
2025-06-03 04:00:00,0.0,0.10503788500530806
2025-06-03 05:00:00,0.0,0.3777702105298979
2025-06-03 06:00:00,0.0,0.2921271639191355
2025-06-03 07:00:00,0.0,0.580098283834412
2025-06-03 08:00:00,0.0,0.3263049519662938
2025-06-03 09:00:00,0.0,0.2395044598822421
2025-06-03 10:00:00,0.0,0.24173964647675625
2025-06-03 11:00:00,0.0,0.22053071432435484
2025-06-03 12:00:00,0.0,0.2326062760957125
2025-06-03 13:00:00,0.0,0.2949827452439375
2025-06-03 14:00:00,0.0,0.07876246131078771
2025-06-03 15:00:00,0.0,0.12186282679879439
2025-06-03 16:00:00,0.0,0.011565468941138758
2025-06-03 17:00:00,0.0,0.02501411443519747
2025-06-03 18:00:00,0.0,0.0683889084928976
2025-06-03 19:00:00,0.0,0.25396725452708435
2025-06-03 20:00:00,0.0,0.0930784947661007
2025-06-03 21:00:00,0.0,0.13592922413134984
2025-06-03 22:00:00,0.0,0.05836384422424638
2025-06-03 23:00:00,0.0,0.19912591932929796
2025-06-04 00:00:00,0.0,0.17108162706404803
2025-06-04 01:00:00,0.0,0.18555379727216076
2025-06-04 02:00:00,0.0,0.3771108829527128
2025-06-04 03:00:00,0.0,1.9115277555535055
2025-06-04 04:00:00,0.0,0.8962104755562212
2025-06-04 05:00:00,0.0,0.09553849097606523
2025-06-04 06:00:00,0.0,0.09632427007379507
2025-06-04 07:00:00,0.39999999999999825,0.10276560309618965
2025-06-04 08:00:00,0.39999999999999825,0.13613833336953723
2025-06-04 09:00:00,0.39999999999999825,0.14534436061712888
2025-06-04 10:00:00,0.39999999999999825,0.004467562673655566
2025-06-04 11:00:00,0.39999999999999825,0.02477660660445883
2025-06-04 12:00:00,0.39999999999999825,0.01991268406491824
2025-06-04 13:00:00,0.0,0.24072483144906356
2025-06-04 14:00:00,0.0,0.053993181448673454
2025-06-04 15:00:00,0.0,0.15480317518499
2025-06-04 16:00:00,0.0,0.5418230235504755
2025-06-04 17:00:00,0.0,0.04604626756249096
2025-06-04 18:00:00,0.0,0.19841504276149044
2025-06-04 19:00:00,0.0,0.11444348624922432
2025-06-04 20:00:00,0.0,0.019388561775581202
2025-06-04 21:00:00,0.0,0.08603518788031013
2025-06-04 22:00:00,0.0,0.01678391588571814
2025-06-04 23:00:00,0.0,0.08187737026016952
2025-06-05 00:00:00,0.0,1.4005179965052121
2025-06-05 01:00:00,0.0,0.6612091418227101
2025-06-05 02:00:00,0.0,0.014363574699338959
2025-06-05 03:00:00,0.0,0.32911522816612687
2025-06-05 04:00:00,0.0,0.21401682661967886
2025-06-05 05:00:00,0.0,0.35944301306236837
2025-06-05 06:00:00,0.0,0.2198307446452336
2025-06-05 07:00:00,0.0,0.27352558713695063
2025-06-05 08:00:00,0.0,0.29992203229077047
2025-06-05 09:00:00,0.0,0.03462876463291639
2025-06-05 10:00:00,0.0,0.023934567317279245
2025-06-05 11:00:00,0.0,0.02599292582054777
2025-06-05 12:00:00,0.0,0.015389849997312894
2025-06-05 13:00:00,0.0,0.05234182191048229
2025-06-05 14:00:00,0.0,0.023107069712901804
2025-06-05 15:00:00,0.0,0.19010622219430773
2025-06-05 16:00:00,0.0,0.0955012411903414
2025-06-05 17:00:00,0.0,0.00894326035999994
2025-06-05 18:00:00,0.0,0.14629497181275786
2025-06-05 19:00:00,0.0,0.0893151925011908
2025-06-05 20:00:00,0.0,0.11110611026247992
2025-06-05 21:00:00,0.0,0.1991278306344325
2025-06-05 22:00:00,0.0,0.13312649696875098
2025-06-05 23:00:00,0.0,0.042857871770630725
2025-06-06 00:00:00,0.0,0.007730255676643085
2025-06-06 01:00:00,0.0,0.0026301038525266933
2025-06-06 02:00:00,0.0,0.002542036750310983
2025-06-06 03:00:00,0.0,0.02099681137999667
2025-06-06 04:00:00,0.0,0.20177625501036373
2025-06-06 05:00:00,0.0,0.022140542457286656
2025-06-06 06:00:00,0.0,0.0015648973193427634
2025-06-06 07:00:00,0.0,0.025696642722620316
2025-06-06 08:00:00,0.0,0.027103752657102614
2025-06-06 09:00:00,0.0,0.0055950824875531085
2025-06-06 10:00:00,0.0,0.02691344944693931
2025-06-06 11:00:00,0.0,0.024662773484673717
2025-06-06 12:00:00,0.0,0.09855274705552944
2025-06-06 13:00:00,0.0,0.04357111432573344
2025-06-06 14:00:00,0.0,0.07775867643968522
2025-06-06 15:00:00,0.0,0.020396443647032123
2025-06-06 16:00:00,0.0,0.001682260471839037
2025-06-06 17:00:00,0.0,0.010742456239398734
2025-06-06 18:00:00,0.0,0.02840831425793227
2025-06-06 19:00:00,0.0,0.021471077160784474
2025-06-06 20:00:00,0.0,0.0094216164640174
2025-06-06 21:00:00,0.0,0.0024874160480668987
2025-06-06 22:00:00,0.0,0.002386170924273605
2025-06-06 23:00:00,0.0,0.004421788366985059
2025-06-07 00:00:00,0.0,0.007812648481817466
2025-06-07 01:00:00,0.0,0.002678839797159568
2025-06-07 02:00:00,0.0,0.003648514661754416
2025-06-07 03:00:00,0.0,0.0027661571126716216
2025-06-07 04:00:00,0.0,0.002803254592776044
2025-06-07 05:00:00,0.0,0.002815066753820759
2025-06-07 06:00:00,0.0,0.0036986978362506273
2025-06-07 07:00:00,0.0,0.02172678143994573
2025-06-07 08:00:00,0.0,0.007576045005044412
2025-06-07 09:00:00,0.0,0.014072798779739765
2025-06-07 10:00:00,0.0,0.009745403126916255
2025-06-07 11:00:00,0.0,0.013491205387773578
2025-06-07 12:00:00,0.0,0.07656048508313783
2025-06-07 13:00:00,0.0,0.09531215794449854
2025-06-07 14:00:00,0.0,0.05408853842661109
2025-06-07 15:00:00,0.0,0.077598604699923
2025-06-07 16:00:00,0.0,0.007462750221113355
2025-06-07 17:00:00,0.0,0.0020474859574083053
2025-06-07 18:00:00,0.0,0.0018933278036679247
2025-06-07 19:00:00,0.0,0.07441044432157551
2025-06-07 20:00:00,0.0,0.009830779618951102
2025-06-07 21:00:00,0.0,0.003611277589035973
2025-06-07 22:00:00,0.0,0.0023034021854648
2025-06-07 23:00:00,0.0,0.0017736824513711572
2025-06-08 00:00:00,0.0,0.003301344631035442
2025-06-08 01:00:00,0.0,0.0030368315013036534
2025-06-08 02:00:00,0.0,0.0025315877535411198
2025-06-08 03:00:00,0.0,0.011189113259467623
2025-06-08 04:00:00,0.0,0.006800783638145923
2025-06-08 05:00:00,0.0,0.007169789961584642
2025-06-08 06:00:00,0.0,0.003822886789229727
2025-06-08 07:00:00,0.0,0.007967615196987712
2025-06-08 08:00:00,0.0,0.08079257840131707
2025-06-08 09:00:00,0.0,0.0797364346294797
2025-06-08 10:00:00,0.0,0.009825794371489064
2025-06-08 11:00:00,0.0,0.011055739746702153
2025-06-08 12:00:00,0.0,0.004474465955046123
2025-06-08 13:00:00,0.0,0.007811753672622579
2025-06-08 14:00:00,0.0,0.002393777819708429
2025-06-08 15:00:00,0.0,0.012167111153041726
2025-06-08 16:00:00,0.0,0.05317356569287066
2025-06-08 17:00:00,0.0,0.01110062553786813
2025-06-08 18:00:00,0.0,0.16237133751408736
2025-06-08 19:00:00,0.0,0.08124585399737828
2025-06-08 20:00:00,0.0,0.08464267677563334
2025-06-08 21:00:00,0.0,0.014705827539698136
2025-06-08 22:00:00,0.0,0.023519245812326662
2025-06-08 23:00:00,0.0,0.034570374452803906
2025-06-09 00:00:00,0.0,0.05926828614995901
2025-06-09 01:00:00,0.0,0.02861530051689001
2025-06-09 02:00:00,0.0,0.05212796014812308
2025-06-09 03:00:00,0.0,0.027921218693819305
2025-06-09 04:00:00,0.0,0.003697829025295427
2025-06-09 05:00:00,0.0,0.057599310161601
2025-06-09 06:00:00,0.0,0.018721935697950456
2025-06-09 07:00:00,0.0,0.09437571809575837
2025-06-09 08:00:00,0.0,0.02938063667634271
2025-06-09 09:00:00,0.0,0.0279085885966596
2025-06-09 10:00:00,0.0,0.022975707736046104
2025-06-09 11:00:00,0.0,0.011040154409287059
2025-06-09 12:00:00,0.0,0.011290169803341878
2025-06-09 13:00:00,0.0,0.016656780556894995
2025-06-09 14:00:00,0.0,0.04820799570472121
2025-06-09 15:00:00,0.0,0.04892531942025973
2025-06-09 16:00:00,0.0,0.058351961292282144
2025-06-09 17:00:00,0.0,0.018791494712251083
2025-06-09 18:00:00,0.0,0.11037305822718763
2025-06-09 19:00:00,0.0,0.5980529976844601
2025-06-09 20:00:00,0.0,0.7120696549512024
2025-06-09 21:00:00,0.0,0.07257465516419584
2025-06-09 22:00:00,0.0,0.0020477609721873706
2025-06-09 23:00:00,0.0,0.0004068589341413178
2025-06-10 00:00:00,0.0,0.0009906120437402962
2025-06-10 01:00:00,0.0,0.0009643310396850125
2025-06-10 02:00:00,0.0,0.0008440138225378386
2025-06-10 03:00:00,0.0,0.08491924366372214
2025-06-10 04:00:00,0.0,0.016417080781419877
2025-06-10 05:00:00,0.0,0.008929250298055314
2025-06-10 06:00:00,0.0,0.008918118830793109
2025-06-10 07:00:00,0.0,0.0015198890155595187
2025-06-10 08:00:00,0.0,0.006681784040464634
2025-06-10 09:00:00,0.0,0.06501003566124673
2025-06-10 10:00:00,0.0,0.007562665547603717
2025-06-10 11:00:00,0.0,0.0029816577342049685
2025-06-10 12:00:00,0.0,0.08597703837804237
2025-06-10 13:00:00,0.0,0.0007030860672054218
2025-06-10 14:00:00,0.0,0.003041829130938912
2025-06-10 15:00:00,0.0,0.011123164039914923
2025-06-10 16:00:00,0.0,0.0832097118346928
2025-06-10 17:00:00,0.0,0.02661700204648975
2025-06-10 18:00:00,0.0,0.05674200011289176
2025-06-10 19:00:00,0.0,0.1635249792543431
2025-06-10 20:00:00,0.0,0.07584428289983482
2025-06-10 21:00:00,0.0,0.05883495633829839
2025-06-10 22:00:00,0.0,0.1634643280223727
2025-06-10 23:00:00,0.0,0.09882283426815985
2025-06-11 00:00:00,0.0,0.10403721533232946
2025-06-11 01:00:00,0.0,0.02613931837454314
2025-06-11 02:00:00,0.0,0.061269568837629795
2025-06-11 03:00:00,0.0,0.04276126887864999
2025-06-11 04:00:00,0.0,0.01657112334259549
2025-06-11 05:00:00,0.0,0.009975199921965784
2025-06-11 06:00:00,0.0,0.17989418528528017
2025-06-11 07:00:00,0.0,0.029904920901675913
2025-06-11 08:00:00,0.0,0.01912088133482693
2025-06-11 09:00:00,0.0,0.018729582958975824
2025-06-11 10:00:00,0.0,0.024248879893868924
2025-06-11 11:00:00,0.0,0.01201176472000604
2025-06-11 12:00:00,0.0,0.06323209005084406
2025-06-11 13:00:00,0.0,0.024988446351417906
2025-06-11 14:00:00,0.0,0.023427414056099348
2025-06-11 15:00:00,0.0,0.06419521409398879
2025-06-11 16:00:00,0.0,0.1787870056019115
2025-06-11 17:00:00,0.0,0.10305744752544592
2025-06-11 18:00:00,0.0,0.019210529869273272
2025-06-11 19:00:00,0.0,0.05492327352132884
2025-06-11 20:00:00,0.0,0.055223107107229226
2025-06-11 21:00:00,0.0,0.12005042338818726
2025-06-11 22:00:00,0.0,0.8481443572859395
2025-06-11 23:00:00,0.0,0.2470682609791719
2025-06-12 00:00:00,0.0,1.6330184240257808
2025-06-12 01:00:00,0.0,1.0025976372706455
2025-06-12 02:00:00,0.0,0.11976767633177358
2025-06-12 03:00:00,0.0,0.008053806306388876
2025-06-12 04:00:00,0.0,0.25968501523957516
2025-06-12 05:00:00,0.0,0.1873304074531022
2025-06-12 06:00:00,0.0,0.19411488558964698
2025-06-12 07:00:00,0.0,0.15298375132675857
2025-06-12 08:00:00,0.0,0.05778666337296176
2025-06-12 09:00:00,0.0,0.0057115025653417684
2025-06-12 10:00:00,0.0,0.006790813254817185
2025-06-12 11:00:00,0.0,0.021327338770032477
2025-06-12 12:00:00,0.0,0.0030103362213365448
2025-06-12 13:00:00,0.0,0.0072151646283635535
2025-06-12 14:00:00,0.0,0.007330351973270507
2025-06-12 15:00:00,0.0,0.020403685306603792
2025-06-12 16:00:00,0.0,0.010205314196527138
2025-06-12 17:00:00,0.0,0.0017525536157086113
2025-06-12 18:00:00,0.0,0.022168671889428282
2025-06-12 19:00:00,0.0,0.10827168639268861
2025-06-12 20:00:00,0.0,0.014747058100883703
2025-06-12 21:00:00,0.0,0.010187228341865076
2025-06-12 22:00:00,0.0,0.04838011388725139
2025-06-12 23:00:00,0.0,0.2872478112376201
2025-06-13 00:00:00,0.0,0.332127366489551
2025-06-13 01:00:00,0.0,0.2212065640583216
2025-06-13 02:00:00,0.0,0.11787163410435593
2025-06-13 03:00:00,0.0,0.082243074245786
2025-06-13 04:00:00,0.0,0.006353520198358778
2025-06-13 05:00:00,0.0,0.004764317773102453
2025-06-13 06:00:00,0.0,0.1062744043534257
2025-06-13 07:00:00,0.0,0.026717990832072845
2025-06-13 08:00:00,0.0,0.6459517113777721
2025-06-13 09:00:00,0.0,0.15491125776144102
2025-06-13 10:00:00,0.0,0.3017440709263981
2025-06-13 11:00:00,0.0,0.05880294418683676
2025-06-13 12:00:00,0.0,0.01148698531902313
2025-06-13 13:00:00,0.0,0.0012132909316851343
2025-06-13 14:00:00,0.0,0.012659339211585538
2025-06-13 15:00:00,0.0,0.011646783310393968
2025-06-13 16:00:00,0.0,0.0963733487028963
2025-06-13 17:00:00,0.0,0.032272712871851364
2025-06-13 18:00:00,0.0,0.01225990621623193
2025-06-13 19:00:00,0.0,0.15248630911025654
2025-06-13 20:00:00,0.0,0.01826655785588269
2025-06-13 21:00:00,0.0,0.04325319417089663
2025-06-13 22:00:00,0.0,0.04571369356239059
2025-06-13 23:00:00,0.0,0.05448609841960066
2025-06-14 00:00:00,0.0,0.019505262074649803
2025-06-14 01:00:00,0.0,0.008393875616468899
2025-06-14 02:00:00,0.0,0.01601129866654101
2025-06-14 03:00:00,0.0,0.012313967155218295
2025-06-14 04:00:00,0.0,0.010179647496264927
2025-06-14 05:00:00,0.0,0.010372124715527084
2025-06-14 06:00:00,0.0,0.009740866099460569
2025-06-14 07:00:00,0.0,0.06338667342792438
2025-06-14 08:00:00,0.0,0.01678193928922062
2025-06-14 09:00:00,0.0,0.013975224180139932
2025-06-14 10:00:00,0.0,0.015291923206947654
2025-06-14 11:00:00,0.0,0.004824613855060117
2025-06-14 12:00:00,0.0,0.0077832074050383565
2025-06-14 13:00:00,0.0,0.05198407450233343
2025-06-14 14:00:00,0.0,0.021072028107225884
2025-06-14 15:00:00,0.0,0.056261721266426694
2025-06-14 16:00:00,0.0,0.15504337767380455
2025-06-14 17:00:00,0.0,0.036496128728727116
2025-06-14 18:00:00,0.0,0.004714946529067933
2025-06-14 19:00:00,0.0,0.004430239705326515
2025-06-14 20:00:00,0.0,0.014634284864271744
2025-06-14 21:00:00,0.0,0.007800465000460699
2025-06-14 22:00:00,0.0,0.0024807748647706802
2025-06-14 23:00:00,0.0,0.05134908663696091
2025-06-15 00:00:00,0.0,0.0217793208964515
2025-06-15 01:00:00,0.0,0.20060170801005134
2025-06-15 02:00:00,0.0,0.015683867146756406
2025-06-15 03:00:00,0.0,0.5697284917534565
2025-06-15 04:00:00,0.0,0.0066555055962127544
2025-06-15 05:00:00,0.0,0.014151461749004775
2025-06-15 06:00:00,0.0,0.0898769989741937
2025-06-15 07:00:00,0.0,0.3862025256012454
2025-06-15 08:00:00,0.0,0.5208078357410416
2025-06-15 09:00:00,0.0,0.2523019011823998
2025-06-15 10:00:00,0.0,0.36024200720816524
2025-06-15 11:00:00,0.0,0.18778247984616592
2025-06-15 12:00:00,0.0,0.14111293343003953
2025-06-15 13:00:00,0.0,0.17918100562540354
2025-06-15 14:00:00,0.0,0.2670598791912702
2025-06-15 15:00:00,0.0,0.10901642052864818
2025-06-15 16:00:00,0.0,0.05606320779004627
2025-06-15 17:00:00,0.0,0.15901879087457257
2025-06-15 18:00:00,0.0,0.12010752677264909
2025-06-15 19:00:00,0.0,0.7377199543422862
2025-06-15 20:00:00,0.0,1.3894539506324475
2025-06-15 21:00:00,0.0,1.0687370398610074
2025-06-15 22:00:00,0.2999999999999982,0.7632525029583465
2025-06-15 23:00:00,4.299999999999998,1.167899341237372
2025-06-16 00:00:00,4.499999999999998,0.9690465049797108
2025-06-16 01:00:00,4.799999999999998,1.2701075804846975
2025-06-16 02:00:00,5.099999999999998,0.4341364118942194
2025-06-16 03:00:00,5.199999999999998,0.5689975973044505
2025-06-16 04:00:00,4.899999999999999,1.3646118542645769
2025-06-16 05:00:00,0.8999999999999982,3.6931586403315095
2025-06-16 06:00:00,0.6999999999999982,3.2898013766842458
2025-06-16 07:00:00,0.39999999999999825,4.609630789121853
2025-06-16 08:00:00,0.09999999999999823,2.4841175908777986
2025-06-16 09:00:00,0.0,2.168878031582934
2025-06-16 10:00:00,0.0,2.157545692617325
2025-06-16 11:00:00,0.0,3.3684315919876964
2025-06-16 12:00:00,0.0,0.8402669415756575
2025-06-16 13:00:00,0.0,0.33703337014602325
2025-06-16 14:00:00,0.0,0.21706019346063735
2025-06-16 15:00:00,0.0,0.24503237908086287
2025-06-16 16:00:00,0.0,0.18373283898428755
2025-06-16 17:00:00,0.0,0.7755786819766278
2025-06-16 18:00:00,0.0,1.4511414264995526
2025-06-16 19:00:00,0.0,3.100626750807653
2025-06-16 20:00:00,0.39999999999999825,6.840682154698843
2025-06-16 21:00:00,0.6999999999999982,2.712684803729836
2025-06-16 22:00:00,0.7999999999999983,3.7351052311296575
2025-06-16 23:00:00,1.2999999999999983,4.629811393294091
2025-06-17 00:00:00,1.4999999999999982,5.644576249255615
2025-06-17 01:00:00,1.4999999999999982,5.047501294120394
2025-06-17 02:00:00,1.0999999999999983,4.983429099763565
2025-06-17 03:00:00,0.7999999999999983,5.1903615224846735
2025-06-17 04:00:00,0.7999999999999983,7.250483542550259
2025-06-17 05:00:00,0.39999999999999825,3.858027019101474
2025-06-17 06:00:00,0.19999999999999823,2.1404849730061444
2025-06-17 07:00:00,0.19999999999999823,1.608447656223842
2025-06-17 08:00:00,0.19999999999999823,1.1340521375542558
2025-06-17 09:00:00,0.19999999999999823,0.5236730405586276
2025-06-17 10:00:00,0.09999999999999823,0.6361370669780297
2025-06-17 11:00:00,0.0,0.7361255051807609
2025-06-17 12:00:00,0.09999999999999823,0.4533723411132874
2025-06-17 13:00:00,0.09999999999999823,0.25460727566224706
2025-06-17 14:00:00,0.4999999999999982,0.19201076930260802
2025-06-17 15:00:00,0.4999999999999982,0.13488038906657515
2025-06-17 16:00:00,0.5999999999999982,0.20326641587220984
2025-06-17 17:00:00,1.299999999999998,0.23100624711307965
2025-06-17 18:00:00,1.9999999999999982,2.4631089940177815
2025-06-17 19:00:00,2.299999999999998,2.6758480056354794
2025-06-17 20:00:00,2.0999999999999983,2.4323547678634196
2025-06-17 21:00:00,2.399999999999998,2.861064441956236
2025-06-17 22:00:00,2.699999999999998,3.7429304099965623
2025-06-17 23:00:00,2.6999999999999984,2.620613545962315
2025-06-18 00:00:00,1.8999999999999981,5.038539998550892
2025-06-18 01:00:00,1.5999999999999983,4.167621701829566
2025-06-18 02:00:00,1.3999999999999981,4.554810397634915
2025-06-18 03:00:00,1.0999999999999983,4.875249807410638
2025-06-18 04:00:00,0.6999999999999982,4.01521049543977
2025-06-18 05:00:00,0.0,5.140444892597024
2025-06-18 06:00:00,0.0,1.354118782397007
2025-06-18 07:00:00,0.0,2.628993304964737
2025-06-18 08:00:00,0.0,1.8476968521432506
2025-06-18 09:00:00,0.0,1.354966587168658
2025-06-18 10:00:00,0.0,0.6071510842863432
2025-06-18 11:00:00,0.0,0.48404099009636004
2025-06-18 12:00:00,0.0,0.45474251701060153
2025-06-18 13:00:00,0.0,0.339041532335559
2025-06-18 14:00:00,0.0,0.40884105681517885
2025-06-18 15:00:00,0.0,0.4489506692540383
2025-06-18 16:00:00,0.09999999999999823,0.3214763202360122
2025-06-18 17:00:00,0.8999999999999982,0.678689505536924
2025-06-18 18:00:00,1.3999999999999981,2.0949538498741593
2025-06-18 19:00:00,1.5999999999999983,4.040695317704237
2025-06-18 20:00:00,1.5999999999999983,4.851660400995148
2025-06-18 21:00:00,1.5999999999999983,5.9535599702712965
2025-06-18 22:00:00,1.4999999999999982,7.42541698559862
2025-06-18 23:00:00,0.6999999999999982,3.9029118918262764
2025-06-19 00:00:00,0.19999999999999823,6.699114257136709
2025-06-19 01:00:00,0.0,8.069720199948268
2025-06-19 02:00:00,0.0,2.4336367810965864
2025-06-19 03:00:00,0.0,2.6334651605361277
2025-06-19 04:00:00,0.09999999999999823,0.960159645494305
2025-06-19 05:00:00,0.19999999999999823,1.6884978919041773
2025-06-19 06:00:00,0.4999999999999982,0.9470452858090684
2025-06-19 07:00:00,0.5999999999999982,1.0588092164773293
2025-06-19 08:00:00,0.5999999999999982,0.9672237527627697
2025-06-19 09:00:00,0.6999999999999982,1.0323561569259019
2025-06-19 10:00:00,0.5999999999999983,1.0958616013202689
2025-06-19 11:00:00,0.4999999999999982,1.676260855630231
2025-06-19 12:00:00,0.19999999999999823,1.333830890875445
2025-06-19 13:00:00,0.09999999999999823,1.152288395068912
2025-06-19 14:00:00,0.09999999999999823,0.519992013487534
2025-06-19 15:00:00,0.0,0.31998089566439486
2025-06-19 16:00:00,0.0,0.2905320147399555
2025-06-19 17:00:00,0.0,0.2961297369150557
2025-06-19 18:00:00,0.0,1.0655548129237382
2025-06-19 19:00:00,0.0,2.1801767399893306
2025-06-19 20:00:00,0.0,0.5164738007628794
2025-06-19 21:00:00,0.0,0.5740030480304303
2025-06-19 22:00:00,0.0,0.7670869325801911
2025-06-19 23:00:00,0.0,0.5408710534369572
2025-06-20 00:00:00,0.0,1.0176940421341871
2025-06-20 01:00:00,0.0,1.1603933015920052
2025-06-20 02:00:00,0.0,2.6921580922616903
2025-06-20 03:00:00,0.09999999999999823,3.0029874852406375
2025-06-20 04:00:00,0.5999999999999982,1.9163742427633221
2025-06-20 05:00:00,0.9999999999999982,1.1998554277188793
2025-06-20 06:00:00,1.0999999999999983,1.9384492968448392
2025-06-20 07:00:00,1.0999999999999983,2.1888140657115756
2025-06-20 08:00:00,1.0999999999999983,1.5266548314852237
2025-06-20 09:00:00,0.9999999999999982,1.4649539837850445
2025-06-20 10:00:00,0.4999999999999982,1.4405115882764896
2025-06-20 11:00:00,0.09999999999999823,1.6225893167226662
2025-06-20 12:00:00,0.0,1.6012480904483772
2025-06-20 13:00:00,0.0,0.846736642197065
2025-06-20 14:00:00,0.0,0.5858934858650823
2025-06-20 15:00:00,0.0,0.5069735758011229
2025-06-20 16:00:00,0.0,0.6321824458221795
2025-06-20 17:00:00,0.0,0.8030918614549694
2025-06-20 18:00:00,0.0,0.8057268456983703
2025-06-20 19:00:00,0.0,0.9490618131842176
2025-06-20 20:00:00,0.0,0.9734705766717827
2025-06-20 21:00:00,0.0,1.096639224979726
2025-06-20 22:00:00,0.0,1.8409457467561121
2025-06-20 23:00:00,0.0,1.9119117165712431
2025-06-21 00:00:00,0.0,2.0154798774910474
2025-06-21 01:00:00,0.0,2.059623730328009
2025-06-21 02:00:00,0.0,1.322766101452082
2025-06-21 03:00:00,0.0,2.6811491281243742
2025-06-21 04:00:00,0.09999999999999823,1.9676109897741507
2025-06-21 05:00:00,0.19999999999999823,2.0801479704605006
2025-06-21 06:00:00,0.19999999999999823,2.608064892372495
2025-06-21 07:00:00,0.19999999999999823,0.8571677636901714
2025-06-21 08:00:00,0.19999999999999823,1.1983690759867616
2025-06-21 09:00:00,0.19999999999999823,0.7582576817850291
2025-06-21 10:00:00,0.09999999999999823,0.5974717384432441
2025-06-21 11:00:00,0.0,0.9354234370174761
2025-06-21 12:00:00,0.0,0.37029121110029706
2025-06-21 13:00:00,0.0,0.47695237911069194
2025-06-21 14:00:00,0.0,0.4077924307729733
2025-06-21 15:00:00,0.0,0.23172124977051214
2025-06-21 16:00:00,0.0,0.6088233748169435
2025-06-21 17:00:00,0.0,0.09659214529305082
2025-06-21 18:00:00,0.0,0.4140213877057197
2025-06-21 19:00:00,0.0,0.18250135417285948
2025-06-21 20:00:00,0.0,1.3245257269854718
2025-06-21 21:00:00,0.0,1.1141675489081042
2025-06-21 22:00:00,0.0,0.6878317029152017
2025-06-21 23:00:00,0.0,0.1987942319109908
2025-06-22 00:00:00,0.0,0.3608177080226078
2025-06-22 01:00:00,0.0,0.740546288780889
2025-06-22 02:00:00,0.0,0.46475230405162266
2025-06-22 03:00:00,0.09999999999999823,0.5164184695626276
2025-06-22 04:00:00,0.19999999999999823,0.6584339419119001
2025-06-22 05:00:00,1.1999999999999982,0.5162282641936875
2025-06-22 06:00:00,1.3999999999999981,0.7147037541529059
2025-06-22 07:00:00,1.3999999999999981,1.2197450283775275
2025-06-22 08:00:00,1.3999999999999981,0.8355166337952562
2025-06-22 09:00:00,1.299999999999998,1.0379396660219453
2025-06-22 10:00:00,1.1999999999999982,1.2057581934804114
2025-06-22 11:00:00,0.19999999999999823,0.9116349355118859
2025-06-22 12:00:00,0.0,1.1378176829171265
2025-06-22 13:00:00,0.0,0.8258837383002102
2025-06-22 14:00:00,0.0,0.48813644517536137
2025-06-22 15:00:00,0.0,0.2950420543471918
2025-06-22 16:00:00,0.0,0.43031973751880187
2025-06-22 17:00:00,0.0,0.670197379630332
2025-06-22 18:00:00,0.0,0.31983251336536
2025-06-22 19:00:00,0.0,0.3223170012003693
2025-06-22 20:00:00,0.0,0.22120821236006583
2025-06-22 21:00:00,0.0,0.7617649566431824
2025-06-22 22:00:00,0.09999999999999823,1.9295932723683815
2025-06-22 23:00:00,0.09999999999999823,1.0175608979663973
2025-06-23 00:00:00,0.09999999999999823,4.4307678101511865
2025-06-23 01:00:00,0.09999999999999823,2.184582290333426
2025-06-23 02:00:00,0.09999999999999823,1.563813260022322
2025-06-23 03:00:00,0.09999999999999823,3.735739778778507
2025-06-23 04:00:00,0.09999999999999823,3.016266360091939
2025-06-23 05:00:00,0.09999999999999823,2.1978455656158156
2025-06-23 06:00:00,0.19999999999999823,1.392147593506036
2025-06-23 07:00:00,0.29999999999999827,0.5053625714542946
2025-06-23 08:00:00,0.29999999999999827,0.8663165816173394
2025-06-23 09:00:00,0.39999999999999825,0.867587072328836
2025-06-23 10:00:00,0.29999999999999827,1.017957267481153
2025-06-23 11:00:00,0.29999999999999827,0.25428646196771715
2025-06-23 12:00:00,0.19999999999999823,0.2976646286621589
2025-06-23 13:00:00,0.09999999999999823,0.2474604349259286
2025-06-23 14:00:00,0.09999999999999823,0.6403776260053622
2025-06-23 15:00:00,0.0,0.6378423464532551
2025-06-23 16:00:00,0.0,0.49295346405517737
2025-06-23 17:00:00,0.0,0.22327296390626852
2025-06-23 18:00:00,0.0,1.2660746043959334
2025-06-23 19:00:00,0.0,0.559218317811518
2025-06-23 20:00:00,0.0,0.816417049742084
2025-06-23 21:00:00,0.0,0.6808011044274201
2025-06-23 22:00:00,0.0,0.41065219789716007
2025-06-23 23:00:00,0.0,0.35460456576185356
2025-06-24 00:00:00,0.0,1.7046350217918953
2025-06-24 01:00:00,0.0,2.3236330209369487
2025-06-24 02:00:00,0.0,2.3921372786238444
2025-06-24 03:00:00,0.0,2.770543797735361
2025-06-24 04:00:00,0.0,3.3464070008702724
2025-06-24 05:00:00,0.0,2.4271412072375207
2025-06-24 06:00:00,0.0,3.130480532819992
2025-06-24 07:00:00,0.09999999999999823,1.3962343033845501
2025-06-24 08:00:00,0.09999999999999823,0.5788575548931942
2025-06-24 09:00:00,0.09999999999999823,0.6194586132670173
2025-06-24 10:00:00,0.09999999999999823,0.7706612194164099
2025-06-24 11:00:00,0.09999999999999823,0.36239206773970395
2025-06-24 12:00:00,0.09999999999999823,0.2364330278301002
2025-06-24 13:00:00,0.0,0.0838263042213347
2025-06-24 14:00:00,0.0,0.14129212547457515
2025-06-24 15:00:00,0.0,0.27466691439598895
2025-06-24 16:00:00,0.0,0.559911255013606
2025-06-24 17:00:00,0.0,0.49749785325165846
2025-06-24 18:00:00,0.0,0.5709107230832394
2025-06-24 19:00:00,0.0,1.281323528984208
2025-06-24 20:00:00,0.0,0.47927754058473915
2025-06-24 21:00:00,5.199999999999998,0.6123292002727553
2025-06-24 22:00:00,24.099999999999998,0.7294273162707802
2025-06-24 23:00:00,25.799999999999997,0.8439294682123675
2025-06-25 00:00:00,28.4,1.2086621969681879
2025-06-25 01:00:00,32.5,1.2450770035268486
2025-06-25 02:00:00,33.0,1.2011783235574924
2025-06-25 03:00:00,28.2,5.234800677451187
2025-06-25 04:00:00,9.899999999999999,14.697788480889821
2025-06-25 05:00:00,8.6,18.43473573046003
2025-06-25 06:00:00,6.199999999999999,22.13681965367965
2025-06-25 07:00:00,2.1,21.592648571428562
2025-06-25 08:00:00,1.7,35.12354035714284
2025-06-25 09:00:00,1.2999999999999998,17.57545523809524
2025-06-25 10:00:00,0.7000000000000001,5.683234529876955
2025-06-25 11:00:00,0.30000000000000004,4.386133703494481
2025-06-25 12:00:00,0.1,4.089981086407129
2025-06-25 13:00:00,0.1,2.0518802942756613
2025-06-25 14:00:00,0.0,1.4207122690965743
2025-06-25 15:00:00,0.0,1.695874944182609
2025-06-25 16:00:00,0.0,1.8685372507858933
2025-06-25 17:00:00,0.0,0.635801502477119
2025-06-25 18:00:00,0.0,1.385777971207981
2025-06-25 19:00:00,0.0,0.5437674301223022
2025-06-25 20:00:00,0.0,1.3264732142704703
2025-06-25 21:00:00,0.1,1.8474974388241114
2025-06-25 22:00:00,0.2,1.9489333898221672
2025-06-25 23:00:00,1.0,3.663195735470515
2025-06-26 00:00:00,1.0,8.395319013194094
2025-06-26 01:00:00,1.0,6.81565435269541
2025-06-26 02:00:00,1.0,7.342173608845926
2025-06-26 03:00:00,0.9,8.485545217147598
2025-06-26 04:00:00,0.9,9.0375922540734
2025-06-26 05:00:00,0.1,5.241205573877869
2025-06-26 06:00:00,0.1,3.898990911534954
2025-06-26 07:00:00,0.1,3.864357172479531
2025-06-26 08:00:00,0.1,1.496223977184664
2025-06-26 09:00:00,0.1,0.8330681142756274
2025-06-26 10:00:00,0.0,0.6896512523343613
2025-06-26 11:00:00,0.0,0.7894537505182135
2025-06-26 12:00:00,0.0,0.3468384709732846
2025-06-26 13:00:00,0.0,0.24411682676050095
2025-06-26 14:00:00,0.0,0.17697257586006981
2025-06-26 15:00:00,0.0,0.2639310012747434
2025-06-26 16:00:00,0.0,0.132126307406178
2025-06-26 17:00:00,0.0,0.3370308380125511
2025-06-26 18:00:00,0.0,0.2529902680911727
2025-06-26 19:00:00,0.0,1.0668078455760877
2025-06-26 20:00:00,0.0,0.6692039647372052
2025-06-26 21:00:00,0.0,1.4582539021894125
2025-06-26 22:00:00,0.0,1.3658805767410116
2025-06-26 23:00:00,0.0,0.9147359977862718
2025-06-27 00:00:00,0.1,1.3156716065023049
2025-06-27 01:00:00,0.30000000000000004,0.9278769292785111
2025-06-27 02:00:00,0.4,0.550012517603416
2025-06-27 03:00:00,1.7999999999999998,0.6586763441856308
2025-06-27 04:00:00,1.9,0.7826099674904073
2025-06-27 05:00:00,1.9999999999999998,0.9970074114862806
2025-06-27 06:00:00,1.9999999999999998,0.4924770199391097
2025-06-27 07:00:00,1.7999999999999998,0.523954487540143
2025-06-27 08:00:00,1.6999999999999997,0.5451613649144277
2025-06-27 09:00:00,0.2999999999999998,1.1377539506004757
2025-06-27 10:00:00,0.1999999999999998,1.1589231344928212
2025-06-27 11:00:00,0.09999999999999978,1.0754755353399479
2025-06-27 12:00:00,0.0,1.1767965484013234
2025-06-27 13:00:00,0.0,0.8510831089010734
2025-06-27 14:00:00,0.0,0.5800852826617313
2025-06-27 15:00:00,0.0,0.8816433764093701
2025-06-27 16:00:00,0.0,0.4319245172103125
2025-06-27 17:00:00,0.0,0.7574936496286633
2025-06-27 18:00:00,1.2999999999999998,0.6112289308942461
2025-06-27 19:00:00,4.3,0.46564459591107416
2025-06-27 20:00:00,4.3,0.40535639754333863
2025-06-27 21:00:00,4.3,1.1007695841160956
2025-06-27 22:00:00,4.3,0.8025015606297641
2025-06-27 23:00:00,4.3,2.4061182252588287
2025-06-28 00:00:00,3.0,7.546681882767885
2025-06-28 01:00:00,0.0,5.927207986680529
2025-06-28 02:00:00,0.0,5.867662691319465
2025-06-28 03:00:00,0.0,5.751642427750793
2025-06-28 04:00:00,0.1,1.751175407487704
2025-06-28 05:00:00,0.2,2.801753957906787
2025-06-28 06:00:00,0.2,1.3111673668150625
2025-06-28 07:00:00,0.2,1.445886482291642
2025-06-28 08:00:00,0.2,1.0603199620971413
2025-06-28 09:00:00,0.2,1.3423140447709647
2025-06-28 10:00:00,0.1,0.930471244885731
2025-06-28 11:00:00,0.0,2.7001871024747848
2025-06-28 12:00:00,0.0,1.06199320399915
2025-06-28 13:00:00,0.0,1.0305972977255977
2025-06-28 14:00:00,0.0,0.7620816875246818
2025-06-28 15:00:00,0.0,0.5456007265059644
2025-06-28 16:00:00,0.0,1.4942477086309736
2025-06-28 17:00:00,0.0,1.9386499863084472
2025-06-28 18:00:00,2.8,3.808881459844401
2025-06-28 19:00:00,16.9,5.045184340886039
2025-06-28 20:00:00,17.8,6.797253868547477
2025-06-28 21:00:00,19.0,4.380322125135718
2025-06-28 22:00:00,19.6,5.459303666263963
2025-06-28 23:00:00,19.8,5.97715819442643
2025-06-29 00:00:00,17.1,8.681575622530277
2025-06-29 01:00:00,6.400000000000002,7.903329098976076
2025-06-29 02:00:00,6.200000000000001,9.553794557222488
2025-06-29 03:00:00,5.900000000000002,10.97149356754252
2025-06-29 04:00:00,6.200000000000001,8.333096071352191
2025-06-29 05:00:00,6.500000000000002,9.082072459050824
2025-06-29 06:00:00,6.600000000000001,4.77306102288247
2025-06-29 07:00:00,4.100000000000001,6.6645367069606944
2025-06-29 08:00:00,3.5000000000000018,8.346056968143788
2025-06-29 09:00:00,2.700000000000002,8.308313702358376
2025-06-29 10:00:00,1.900000000000002,6.405330085857807
2025-06-29 11:00:00,1.400000000000002,4.673232722998616
2025-06-29 12:00:00,1.200000000000002,3.931066534845969
2025-06-29 13:00:00,0.3000000000000018,2.9960542334153817
2025-06-29 14:00:00,7.600000000000002,2.5818819077445596
2025-06-29 15:00:00,8.000000000000004,2.1843491317265316
2025-06-29 16:00:00,8.000000000000002,2.1741066546083965
2025-06-29 17:00:00,8.000000000000002,1.927840026092025
2025-06-29 18:00:00,17.700000000000003,1.026217728424087
2025-06-29 19:00:00,21.0,0.9883584583666599
2025-06-29 20:00:00,14.4,7.266416542326365
2025-06-29 21:00:00,17.1,8.061805644514502
2025-06-29 22:00:00,20.2,7.349416207013648
2025-06-29 23:00:00,22.099999999999998,4.955787087997486
2025-06-30 00:00:00,16.5,10.824285961114915
2025-06-30 01:00:00,14.200000000000001,10.662210486691666
2025-06-30 02:00:00,14.300000000000002,9.248205859304953
2025-06-30 03:00:00,11.9,10.748587733734517
2025-06-30 04:00:00,9.700000000000003,11.198287785547787
2025-06-30 05:00:00,8.900000000000002,10.636588590883742
2025-06-30 06:00:00,5.8000000000000025,16.646040897435903
2025-06-30 07:00:00,5.500000000000002,14.342953939393935
2025-06-30 08:00:00,4.900000000000001,7.724986694104514
2025-06-30 09:00:00,4.300000000000002,2.5898051815368452
2025-06-30 10:00:00,5.900000000000002,2.368324681982047
2025-06-30 11:00:00,17.0,2.6183728286532784
2025-06-30 12:00:00,16.0,2.3304043929804035
2025-06-30 13:00:00,15.3,2.117952303242454
2025-06-30 14:00:00,15.000000000000002,1.5485833701045426
2025-06-30 15:00:00,14.8,1.9056975311181492
2025-06-30 16:00:00,12.200000000000001,1.9420749014744703
2025-06-30 17:00:00,0.0,4.95291200606284
2025-06-30 18:00:00,0.0,4.431378702540123
2025-06-30 19:00:00,0.0,6.538430324123163
2025-06-30 20:00:00,0.0,4.535836235554804
2025-06-30 21:00:00,0.0,6.056227098923725
2025-06-30 22:00:00,0.0,7.082957206300007
2025-06-30 23:00:00,0.0,3.22450999195807
2025-07-01 00:00:00,0.0,4.3633556920436085
2025-07-01 01:00:00,0.0,4.742700413331911
2025-07-01 02:00:00,0.0,4.140841046174324
2025-07-01 03:00:00,0.0,4.969241501165916
2025-07-01 04:00:00,0.0,4.530777649981203
2025-07-01 05:00:00,0.0,2.811532342948183
2025-07-01 06:00:00,0.0,4.79202068639821
2025-07-01 07:00:00,0.0,3.8476805229061997
2025-07-01 08:00:00,0.0,3.5475586513942265
2025-07-01 09:00:00,0.0,3.176624657740977
2025-07-01 10:00:00,0.10000000000000178,2.7289617580739267
2025-07-01 11:00:00,0.10000000000000178,2.7067789651534206
2025-07-01 12:00:00,0.10000000000000178,2.3860472854439765
2025-07-01 13:00:00,0.10000000000000178,1.8323792910363563
2025-07-01 14:00:00,0.10000000000000178,1.2874514653725466
2025-07-01 15:00:00,0.10000000000000178,1.0598724668830817
2025-07-01 16:00:00,0.0,2.905931368344084
2025-07-01 17:00:00,0.0,0.3799260796912089
2025-07-01 18:00:00,0.0,0.16301818817894687
2025-07-01 19:00:00,0.0,0.4854378293621134
2025-07-01 20:00:00,0.0,0.9789426124079774
2025-07-01 21:00:00,0.0,0.7342835047450891
2025-07-01 22:00:00,0.0,0.5929524378999484
2025-07-01 23:00:00,0.0,0.6226608587386462
2025-07-02 00:00:00,0.0,0.9341156691880793
2025-07-02 01:00:00,0.0,0.9918731582649183
2025-07-02 02:00:00,0.0,0.9709294297631789
2025-07-02 03:00:00,0.0,0.8443971417260132
2025-07-02 04:00:00,0.0,0.8625541465569309
2025-07-02 05:00:00,0.9000000000000018,0.8333521374623383
2025-07-02 06:00:00,1.3000000000000018,1.0548990340382665
2025-07-02 07:00:00,1.3000000000000018,0.9184634225956928
2025-07-02 08:00:00,1.3000000000000018,0.598090917611673
2025-07-02 09:00:00,1.3000000000000018,0.9590916826850644
2025-07-02 10:00:00,1.3000000000000018,0.5081732161882545
2025-07-02 11:00:00,0.4000000000000018,0.9607645266220625
2025-07-02 12:00:00,0.0,0.6295750663961563
2025-07-02 13:00:00,0.0,0.6767667678136363
2025-07-02 14:00:00,0.0,0.8214033891341949
2025-07-02 15:00:00,0.0,0.5602332209244427
2025-07-02 16:00:00,0.0,0.3590082603262172
2025-07-02 17:00:00,0.0,0.36788291610898405
2025-07-02 18:00:00,0.0,0.29854121378333254
2025-07-02 19:00:00,0.0,0.2409402499398713
2025-07-02 20:00:00,0.0,0.45610993661610144
2025-07-02 21:00:00,0.0,1.1141739259595325
2025-07-02 22:00:00,0.0,1.13828901293536
2025-07-02 23:00:00,2.9000000000000017,0.30383862832518244
2025-07-03 00:00:00,2.9000000000000017,0.9105533069488903
2025-07-03 01:00:00,2.9000000000000017,0.7655242717259273
2025-07-03 02:00:00,2.9000000000000017,1.2106686501367527
2025-07-03 03:00:00,2.9000000000000017,1.2177518204734625
2025-07-03 04:00:00,3.100000000000002,1.4677018490372746
2025-07-03 05:00:00,0.2000000000000018,3.692509369371719
2025-07-03 06:00:00,0.5000000000000018,1.790977188330195
2025-07-03 07:00:00,0.5000000000000018,2.509155085582471
2025-07-03 08:00:00,0.5000000000000018,1.262037192428847
2025-07-03 09:00:00,0.6000000000000018,1.0036517576847717
2025-07-03 10:00:00,1.0000000000000018,1.9574240948317971
2025-07-03 11:00:00,1.1000000000000016,1.8058871481611063
2025-07-03 12:00:00,0.8000000000000016,1.6631675631208411
2025-07-03 13:00:00,0.8000000000000016,1.8712728506884335
2025-07-03 14:00:00,0.8000000000000016,1.7135567902422204
2025-07-03 15:00:00,0.7000000000000016,1.210214725232682
2025-07-03 16:00:00,0.10000000000000167,2.3622362822461547
2025-07-03 17:00:00,0.0,2.9920897964966104
2025-07-03 18:00:00,0.0,1.3628227342997772
2025-07-03 19:00:00,0.0,1.2054924449505577
2025-07-03 20:00:00,0.0,0.9653752826794065
2025-07-03 21:00:00,0.0,1.2251303137705365
2025-07-03 22:00:00,0.0,2.739918557893984
2025-07-03 23:00:00,0.0,2.6879973031811493
2025-07-04 00:00:00,0.0,4.418260044367036
2025-07-04 01:00:00,0.0,1.9158555137515598
2025-07-04 02:00:00,0.0,1.8308349847525573
2025-07-04 03:00:00,0.10000000000000167,1.625259207957166
2025-07-04 04:00:00,0.10000000000000167,2.1759529609065815
2025-07-04 05:00:00,0.10000000000000167,0.6874697943588474
2025-07-04 06:00:00,0.10000000000000167,0.3212114088671871
2025-07-04 07:00:00,0.20000000000000168,0.39961458096450914
2025-07-04 08:00:00,0.3000000000000017,0.361859624586804
2025-07-04 09:00:00,0.20000000000000168,0.7810504468444439
2025-07-04 10:00:00,0.20000000000000168,0.6539931984838115
2025-07-04 11:00:00,0.20000000000000168,0.6077397516495231
2025-07-04 12:00:00,0.20000000000000168,0.5318239796171662
2025-07-04 13:00:00,0.10000000000000167,0.7459183852216211
2025-07-04 14:00:00,0.0,0.5530759342969408
2025-07-04 15:00:00,0.0,0.2659989875396562
2025-07-04 16:00:00,0.0,0.5750905179126478
2025-07-04 17:00:00,0.0,0.32341485878531745
2025-07-04 18:00:00,0.0,0.6817656269417617
2025-07-04 19:00:00,0.0,2.5506061995681564
2025-07-04 20:00:00,0.0,1.6771037917929126
2025-07-04 21:00:00,0.0,1.491812789742632
2025-07-04 22:00:00,0.0,0.43054589195893267
2025-07-04 23:00:00,0.0,0.5316150924140759
2025-07-05 00:00:00,0.0,0.6467323281428341
2025-07-05 01:00:00,0.0,1.640099300249493
2025-07-05 02:00:00,0.0,1.3144196055819428
2025-07-05 03:00:00,0.0,1.7299847178086059
2025-07-05 04:00:00,0.0,1.5697253492588101
2025-07-05 05:00:00,0.0,0.5697420992235601
2025-07-05 06:00:00,0.0,1.6242127044538277
2025-07-05 07:00:00,0.20000000000000168,1.7494720165595523
2025-07-05 08:00:00,0.4000000000000017,1.5384170678925706
2025-07-05 09:00:00,0.4000000000000017,1.1488497219722402
2025-07-05 10:00:00,0.4000000000000017,1.16794187877549
2025-07-05 11:00:00,0.4000000000000017,0.8645545581932094
2025-07-05 12:00:00,0.4000000000000017,0.8111747575534803
2025-07-05 13:00:00,0.20000000000000168,1.269273416545732
2025-07-05 14:00:00,0.0,0.7532264233823072
2025-07-05 15:00:00,0.0,0.8783969122797863
2025-07-05 16:00:00,0.0,0.8992056044867511
2025-07-05 17:00:00,0.0,0.5919859004845023
2025-07-05 18:00:00,0.0,0.6355721106870852
2025-07-05 19:00:00,0.0,0.5844384515934417
2025-07-05 20:00:00,0.0,0.4880069150106429
2025-07-05 21:00:00,0.0,0.907802134077049
2025-07-05 22:00:00,0.0,1.89395892836432
2025-07-05 23:00:00,0.0,0.5199284895839607
2025-07-06 00:00:00,0.0,1.1533112629123554
2025-07-06 01:00:00,0.4000000000000017,0.8587883819352645
2025-07-06 02:00:00,0.7000000000000017,1.3070527135663932
2025-07-06 03:00:00,0.8000000000000017,1.3093828023185379
2025-07-06 04:00:00,0.9000000000000017,1.9475179004544458
2025-07-06 05:00:00,1.0000000000000018,2.012335687277966
2025-07-06 06:00:00,1.0000000000000018,1.0190729077191987
2025-07-06 07:00:00,0.6000000000000016,1.4255594111040202
2025-07-06 08:00:00,0.3000000000000017,0.6933148075704163
2025-07-06 09:00:00,0.20000000000000168,0.7430290857777425
2025-07-06 10:00:00,0.10000000000000167,0.7278339144402569
2025-07-06 11:00:00,0.0,0.7838595067209674
2025-07-06 12:00:00,0.0,0.7259429037331359
2025-07-06 13:00:00,0.0,0.45149634060380645
2025-07-06 14:00:00,0.0,0.28241834380316505
2025-07-06 15:00:00,0.0,0.24327560857406277
2025-07-06 16:00:00,4.300000000000002,0.41569942644497093
2025-07-06 17:00:00,5.700000000000001,0.42672285505633795
2025-07-06 18:00:00,7.300000000000002,0.7413225244446687
2025-07-06 19:00:00,7.600000000000001,2.0218849238940155
2025-07-06 20:00:00,7.800000000000002,1.910856062793066
2025-07-06 21:00:00,8.000000000000002,1.9883430085642793
2025-07-06 22:00:00,3.700000000000002,4.545048696494738
2025-07-06 23:00:00,2.300000000000002,4.362650194577589
2025-07-07 00:00:00,0.7000000000000017,6.0944593307261785
2025-07-07 01:00:00,0.4000000000000018,6.062364622980436
2025-07-07 02:00:00,0.2000000000000018,3.935252227152565
2025-07-07 03:00:00,0.0,1.747962453024397
2025-07-07 04:00:00,0.0,3.867418352755725
2025-07-07 05:00:00,0.10000000000000178,3.5494457101594126
2025-07-07 06:00:00,0.2000000000000018,2.8365272919761977
2025-07-07 07:00:00,0.2000000000000018,1.6269994724401062
2025-07-07 08:00:00,0.2000000000000018,1.7117495747328748
2025-07-07 09:00:00,0.2000000000000018,1.5871588434816963
2025-07-07 10:00:00,0.2000000000000018,1.0230752994946162
2025-07-07 11:00:00,0.10000000000000178,1.8094440407907961
2025-07-07 12:00:00,0.0,2.4257651615837528
2025-07-07 13:00:00,0.0,2.1193795886211646
2025-07-07 14:00:00,0.0,0.6456136587973724
2025-07-07 15:00:00,0.0,0.4911137068121696
2025-07-07 16:00:00,0.0,0.6653625653958292
2025-07-07 17:00:00,0.0,0.4225207019864227
2025-07-07 18:00:00,0.0,0.8040090204550354
2025-07-07 19:00:00,0.0,1.4755102494411758
2025-07-07 20:00:00,0.0,3.7538544072525393
2025-07-07 21:00:00,0.0,5.499244783013726
2025-07-07 22:00:00,0.0,6.706118037718678
2025-07-07 23:00:00,0.0,0.7909649983060437
2025-07-08 00:00:00,0.10000000000000178,1.3357642780438
2025-07-08 01:00:00,0.10000000000000178,1.4994972012326415
2025-07-08 02:00:00,0.10000000000000178,1.2433943046116356
2025-07-08 03:00:00,0.2000000000000018,0.5902570283916958
2025-07-08 04:00:00,0.2000000000000018,0.5445384472768057
2025-07-08 05:00:00,0.3000000000000018,0.6076077442742632
2025-07-08 06:00:00,0.2000000000000018,1.885675055052063
2025-07-08 07:00:00,0.2000000000000018,2.7955448958470646
2025-07-08 08:00:00,0.2000000000000018,1.8198194929698859
2025-07-08 09:00:00,0.10000000000000178,1.5720437463341883
2025-07-08 10:00:00,0.4000000000000018,0.9479039363529947
2025-07-08 11:00:00,0.30000000000000177,0.8376661037160951
2025-07-08 12:00:00,0.3000000000000017,0.7466260514973901
2025-07-08 13:00:00,0.3000000000000017,0.3842394489589054
2025-07-08 14:00:00,0.3000000000000017,0.7856235840409362
2025-07-08 15:00:00,0.3000000000000017,1.3634703872413458
2025-07-08 16:00:00,0.0,0.88602981399945
2025-07-08 17:00:00,0.0,1.2796610320655577
2025-07-08 18:00:00,0.0,1.4836206434303556
2025-07-08 19:00:00,0.0,1.3999932608465746
2025-07-08 20:00:00,1.8000000000000018,1.3290356066807736
2025-07-08 21:00:00,5.900000000000001,3.7066335686446337
2025-07-08 22:00:00,6.100000000000001,3.678044513263783
2025-07-08 23:00:00,6.100000000000001,6.508797490783371
2025-07-09 00:00:00,6.100000000000001,4.183985665266054
2025-07-09 01:00:00,6.100000000000001,3.5874420697576768
2025-07-09 02:00:00,4.300000000000002,3.60312760278007
2025-07-09 03:00:00,0.2000000000000018,2.755000588233378
2025-07-09 04:00:00,0.2000000000000018,3.1131254485575135
2025-07-09 05:00:00,5.500000000000002,2.2459931461167133
2025-07-09 06:00:00,5.700000000000002,3.4405193405421306
2025-07-09 07:00:00,5.700000000000002,3.4411868135480477
2025-07-09 08:00:00,5.700000000000002,2.1944879109216204
2025-07-09 09:00:00,5.700000000000002,1.4857162743062013
2025-07-09 10:00:00,5.500000000000002,2.244636884421095
2025-07-09 11:00:00,0.2000000000000018,2.587845628213485
2025-07-09 12:00:00,0.0,2.5013109822852417
2025-07-09 13:00:00,0.0,1.9198585698945483
2025-07-09 14:00:00,0.0,1.5906027064373287
2025-07-09 15:00:00,0.0,1.3440146322123152
2025-07-09 16:00:00,0.0,0.6040070430938539
2025-07-09 17:00:00,0.0,0.5480272855597873
2025-07-09 18:00:00,4.300000000000002,1.018802282043176
2025-07-09 19:00:00,6.500000000000002,1.2254509460278589
2025-07-09 20:00:00,6.700000000000002,1.1452539506669563
2025-07-09 21:00:00,6.700000000000002,1.4711433708681663
2025-07-09 22:00:00,6.700000000000002,1.9238474104810328
2025-07-09 23:00:00,6.700000000000002,2.388032219087341
2025-07-10 00:00:00,2.900000000000002,7.089986180622779
2025-07-10 01:00:00,0.8000000000000018,6.055457453181375
2025-07-10 02:00:00,0.6000000000000019,4.564474034997231
2025-07-10 03:00:00,0.6000000000000019,6.9261182058484065
2025-07-10 04:00:00,0.6000000000000019,2.5061243002335694
2025-07-10 05:00:00,0.6000000000000019,3.2283522809791068
2025-07-10 06:00:00,0.10000000000000184,3.201461404631558
2025-07-10 07:00:00,0.0,2.521919960123213
2025-07-10 08:00:00,0.0,1.6371561780709878
2025-07-10 09:00:00,0.0,1.4148690041333432
2025-07-10 10:00:00,0.0,0.9061237245396426
2025-07-10 11:00:00,0.0,1.063012977520372
2025-07-10 12:00:00,0.0,1.0117941412911462
2025-07-10 13:00:00,0.0,0.9389025696435314
2025-07-10 14:00:00,0.10000000000000184,0.516498905084273
2025-07-10 15:00:00,0.10000000000000184,0.638237151921505
2025-07-10 16:00:00,0.20000000000000184,0.7566048643710324
2025-07-10 17:00:00,0.20000000000000184,0.9104148714434538
2025-07-10 18:00:00,0.20000000000000184,1.9938215579516758
2025-07-10 19:00:00,0.20000000000000184,1.7747927134471695
2025-07-10 20:00:00,0.10000000000000184,2.3513638518833964
2025-07-10 21:00:00,0.10000000000000184,2.2303627737180305
2025-07-10 22:00:00,0.0,3.2202147433365886
2025-07-10 23:00:00,0.0,3.6573022902708967
2025-07-11 00:00:00,0.0,13.546754853576639
2025-07-11 01:00:00,0.0,1.933720105535313
2025-07-11 02:00:00,0.0,1.5468591390265078
2025-07-11 03:00:00,0.0,0.8624596605684435
2025-07-11 04:00:00,0.0,1.1999371416284053
2025-07-11 05:00:00,0.20000000000000184,1.3193902203689136
2025-07-11 06:00:00,0.3000000000000018,1.74676614999791
2025-07-11 07:00:00,0.3000000000000018,0.496356176505004
2025-07-11 08:00:00,0.3000000000000018,0.8589299982165393
2025-07-11 09:00:00,0.3000000000000018,0.5529413210737908
2025-07-11 10:00:00,0.3000000000000018,0.426760627672709
2025-07-11 11:00:00,0.10000000000000184,1.8666084194567363
2025-07-11 12:00:00,0.3000000000000018,0.9718937079495648
2025-07-11 13:00:00,0.3000000000000018,0.8212536959590502
2025-07-11 14:00:00,0.3000000000000018,0.9987884946529205
2025-07-11 15:00:00,0.3000000000000018,0.41968985313447055
2025-07-11 16:00:00,0.3000000000000018,0.3396386431419496
2025-07-11 17:00:00,0.3000000000000018,0.4672615208480048
2025-07-11 18:00:00,0.0,0.8497633353665717
2025-07-11 19:00:00,0.0,0.8643415580885144
2025-07-11 20:00:00,0.0,2.21104498249785
2025-07-11 21:00:00,0.0,2.076563172956544
2025-07-11 22:00:00,0.0,2.270684933755642
2025-07-11 23:00:00,0.0,0.5522962775951381
2025-07-12 00:00:00,0.0,1.0628093355908077
2025-07-12 01:00:00,0.0,0.8542636759163722
2025-07-12 02:00:00,0.0,1.7004982799537711
2025-07-12 03:00:00,0.0,0.6316219642911316
2025-07-12 04:00:00,0.0,0.6134661064177046
2025-07-12 05:00:00,0.0,0.9517669215540703
2025-07-12 06:00:00,0.0,2.408070618353988
2025-07-12 07:00:00,0.0,1.3062535273257498
2025-07-12 08:00:00,0.0,0.9507607866588077
2025-07-12 09:00:00,0.10000000000000184,0.5650888152545749
2025-07-12 10:00:00,3.600000000000002,0.5476118582316948
2025-07-12 11:00:00,3.800000000000002,0.23772468202724742
2025-07-12 12:00:00,9.600000000000001,0.2893912643838347
2025-07-12 13:00:00,11.200000000000003,0.3537644967944173
2025-07-12 14:00:00,11.800000000000002,0.36434757333192247
2025-07-12 15:00:00,11.800000000000002,0.6376291238986428
2025-07-12 16:00:00,8.300000000000002,1.8871432686608898
2025-07-12 17:00:00,8.100000000000001,0.5200487366075884
2025-07-12 18:00:00,2.300000000000003,3.384401278365337
2025-07-12 19:00:00,0.7000000000000026,2.3695342172727414
2025-07-12 20:00:00,0.10000000000000267,3.952202737433292
2025-07-12 21:00:00,0.0,4.739509318857351
2025-07-12 22:00:00,0.0,4.142728883077628
2025-07-12 23:00:00,0.0,4.10855372903419
2025-07-13 00:00:00,0.0,4.700553356800895
2025-07-13 01:00:00,1.0000000000000027,4.375696831471759
2025-07-13 02:00:00,1.8000000000000027,6.115421111196505
2025-07-13 03:00:00,1.8000000000000027,5.052079001863744
2025-07-13 04:00:00,1.8000000000000027,2.2693553344400845
2025-07-13 05:00:00,1.9000000000000028,2.762049745100581
2025-07-13 06:00:00,2.0000000000000027,1.7225774097542272
2025-07-13 07:00:00,1.1000000000000028,3.041682493657257
2025-07-13 08:00:00,2.400000000000003,2.2909198325365305
2025-07-13 09:00:00,7.000000000000003,2.306874053465309
2025-07-13 10:00:00,7.000000000000003,2.2661270977660486
2025-07-13 11:00:00,6.900000000000003,1.1143579822247536
2025-07-13 12:00:00,6.8000000000000025,1.4931390267262055
2025-07-13 13:00:00,6.900000000000003,1.56134690788165
2025-07-13 14:00:00,4.8000000000000025,1.6467077503662648
2025-07-13 15:00:00,0.5000000000000027,2.227808096082226
2025-07-13 16:00:00,0.5000000000000027,2.9531929701831245
2025-07-13 17:00:00,0.5000000000000027,1.844597479068768
2025-07-13 18:00:00,0.5000000000000027,1.1617676155826293
2025-07-13 19:00:00,0.30000000000000265,1.8622610678906788
2025-07-13 20:00:00,0.30000000000000265,1.6282718849593918
2025-07-13 21:00:00,0.0,2.8675881954775533
2025-07-13 22:00:00,0.0,2.050088633014431
2025-07-13 23:00:00,0.0,2.5654888072567013
2025-07-14 00:00:00,0.4000000000000027,1.7279566982748098
2025-07-14 01:00:00,0.7000000000000026,3.034349085032183
2025-07-14 02:00:00,0.8000000000000027,2.26155557850891
2025-07-14 03:00:00,0.8000000000000027,1.5468748228307936
2025-07-14 04:00:00,0.9000000000000027,1.5307391180026653
2025-07-14 05:00:00,1.0000000000000027,1.1169553258939724
2025-07-14 06:00:00,0.6000000000000026,3.4036556691369713
2025-07-14 07:00:00,0.3000000000000027,3.893947417959971
2025-07-14 08:00:00,0.3000000000000027,3.5319818096075473
2025-07-14 09:00:00,0.3000000000000027,3.158659501791691
2025-07-14 10:00:00,0.8000000000000027,3.2830240939245585
2025-07-14 11:00:00,1.9000000000000026,4.5518786085861445
2025-07-14 12:00:00,1.9000000000000028,4.752627649620557
2025-07-14 13:00:00,1.9000000000000028,4.921974878886225
2025-07-14 14:00:00,1.9000000000000028,5.311514089095373
2025-07-14 15:00:00,1.9000000000000028,1.7937112230900183
2025-07-14 16:00:00,1.300000000000003,1.5856762713751367
2025-07-14 17:00:00,0.10000000000000289,2.307417630651497
2025-07-14 18:00:00,0.10000000000000289,2.6458000954226795
2025-07-14 19:00:00,0.10000000000000289,3.003467558329988
2025-07-14 20:00:00,0.0,2.4470344472266055
2025-07-14 21:00:00,0.0,4.207805892146092
2025-07-14 22:00:00,0.0,4.728754686880587
2025-07-14 23:00:00,0.0,4.6077595581977135
2025-07-15 00:00:00,0.0,3.0084082825727694
2025-07-15 01:00:00,0.10000000000000289,2.6867346496869096
2025-07-15 02:00:00,0.2000000000000029,3.1519586397276704
2025-07-15 03:00:00,0.2000000000000029,2.9421598551352566
2025-07-15 04:00:00,0.30000000000000293,3.2746144520370986
2025-07-15 05:00:00,0.5000000000000029,3.4378333243445867
2025-07-15 06:00:00,0.600000000000003,2.3437252222709377
2025-07-15 07:00:00,0.900000000000003,2.7802191510903103
2025-07-15 08:00:00,1.1000000000000028,3.8294964302515826
2025-07-15 09:00:00,1.4000000000000028,2.1830979308373513
2025-07-15 10:00:00,1.500000000000003,1.7037862284237733
2025-07-15 11:00:00,1.4000000000000028,1.5541321628800169
2025-07-15 12:00:00,1.400000000000003,1.5762626519498475
2025-07-15 13:00:00,1.0000000000000029,1.8255111969685773
2025-07-15 14:00:00,0.8000000000000029,1.1924642942976555
2025-07-15 15:00:00,0.6000000000000029,1.6987972626711507
2025-07-15 16:00:00,0.4000000000000029,1.5962058524370555
2025-07-15 17:00:00,0.30000000000000293,0.908626008908083
2025-07-15 18:00:00,0.2000000000000029,1.0867480712019553
2025-07-15 19:00:00,0.2000000000000029,2.249180975802565
2025-07-15 20:00:00,0.10000000000000289,3.079736743470339
2025-07-15 21:00:00,0.10000000000000289,2.7289332784520863
2025-07-15 22:00:00,1.0000000000000029,3.817453605007831
2025-07-15 23:00:00,1.400000000000003,4.937956746411155
2025-07-16 00:00:00,1.400000000000003,1.8912583168003971
2025-07-16 01:00:00,1.400000000000003,2.667944198701415
2025-07-16 02:00:00,1.400000000000003,2.5391948221065825
2025-07-16 03:00:00,1.800000000000003,3.0395311602356596
2025-07-16 04:00:00,2.200000000000003,5.416018585766572
2025-07-16 05:00:00,1.900000000000003,3.334560795978623
2025-07-16 06:00:00,8.200000000000003,2.8511555220987033
2025-07-16 07:00:00,8.600000000000003,1.5585992985223456
2025-07-16 08:00:00,8.900000000000002,1.4672227692684898
2025-07-16 09:00:00,8.500000000000004,2.1753205208375106
2025-07-16 10:00:00,7.200000000000002,1.411267494461142
2025-07-16 11:00:00,7.400000000000002,2.5545540597124625
2025-07-16 12:00:00,1.1000000000000028,2.6988168167710187
2025-07-16 13:00:00,0.7000000000000026,1.6384622014090962
2025-07-16 14:00:00,0.40000000000000263,2.2773254313534355
2025-07-16 15:00:00,0.3000000000000026,1.8031782144997952
2025-07-16 16:00:00,0.3000000000000026,1.0996110809056765
2025-07-16 17:00:00,0.0,0.9782856065696466
2025-07-16 18:00:00,0.0,1.8716806836776994
2025-07-16 19:00:00,0.0,1.0116986619251875
2025-07-16 20:00:00,0.0,1.2824545028985477
2025-07-16 21:00:00,0.0,1.4700528065447693
2025-07-16 22:00:00,0.0,1.7012120950216645
2025-07-16 23:00:00,0.0,2.536760352668934
2025-07-17 00:00:00,0.0,1.4396971645748324
2025-07-17 01:00:00,0.0,1.3755687048135692
2025-07-17 02:00:00,0.0,1.2188584750279103
2025-07-17 03:00:00,0.0,1.4291794861541187
2025-07-17 04:00:00,0.0,1.4897760006399279
2025-07-17 05:00:00,0.6000000000000026,2.0466446007705565
2025-07-17 06:00:00,0.7000000000000026,1.7556261851533248
2025-07-17 07:00:00,0.8000000000000027,1.6235775093654337
2025-07-17 08:00:00,0.8000000000000027,1.6720151638194158
2025-07-17 09:00:00,0.8000000000000027,1.206747389380999
2025-07-17 10:00:00,0.8000000000000027,1.040957677444612
2025-07-17 11:00:00,0.20000000000000268,2.8333890723673396
2025-07-17 12:00:00,0.10000000000000267,1.9791820339309847
2025-07-17 13:00:00,0.0,1.2343779366386516
2025-07-17 14:00:00,0.7000000000000026,0.5641050671754111
2025-07-17 15:00:00,1.1000000000000028,0.25929798912177
2025-07-17 16:00:00,1.7000000000000026,0.2676440618472241
2025-07-17 17:00:00,2.1000000000000028,0.23523664218748258
2025-07-17 18:00:00,2.200000000000003,0.27976847854635156
2025-07-17 19:00:00,2.200000000000003,1.7794892945076477
2025-07-17 20:00:00,1.5000000000000027,1.9341134080619025
2025-07-17 21:00:00,1.1000000000000028,2.4590669741600557
2025-07-17 22:00:00,0.5000000000000027,4.4882475595774185
2025-07-17 23:00:00,0.10000000000000267,6.401932733828405
2025-07-18 00:00:00,0.0,4.882109348236124
2025-07-18 01:00:00,0.0,2.81079719774899
2025-07-18 02:00:00,0.0,2.3794645209391505
2025-07-18 03:00:00,0.0,2.7007948201944276
2025-07-18 04:00:00,0.0,1.75639158969951
2025-07-18 05:00:00,0.0,0.9050831701099197
2025-07-18 06:00:00,0.0,1.194369453308859
2025-07-18 07:00:00,0.10000000000000267,1.6043736172060534
2025-07-18 08:00:00,0.4000000000000027,1.9396169323633714
2025-07-18 09:00:00,0.40000000000000263,1.3495897771632932
2025-07-18 10:00:00,1.1000000000000025,2.5045683543949777
2025-07-18 11:00:00,1.1000000000000025,1.2925292396351225
2025-07-18 12:00:00,1.1000000000000025,0.777502251078636
2025-07-18 13:00:00,1.0000000000000024,0.6597006418474343
2025-07-18 14:00:00,0.7000000000000025,0.9577210398462349
2025-07-18 15:00:00,0.7000000000000025,0.8782448740803384
2025-07-18 16:00:00,0.0,0.6090438496757015
2025-07-18 17:00:00,0.0,0.46442723463321095
2025-07-18 18:00:00,0.0,0.6553776717164985
2025-07-18 19:00:00,0.0,0.6649746987472004
2025-07-18 20:00:00,0.0,0.5640801599275226
2025-07-18 21:00:00,0.0,0.3526290531548894
2025-07-18 22:00:00,0.0,0.39808808657188766
2025-07-18 23:00:00,0.0,0.4001540753557284
2025-07-19 00:00:00,0.0,1.107861985624491
2025-07-19 01:00:00,0.0,1.0344196016800573
2025-07-19 02:00:00,0.0,1.1523021175342072
2025-07-19 03:00:00,0.0,1.1044066319079198
2025-07-19 04:00:00,0.0,1.4088086090641387
2025-07-19 05:00:00,0.0,0.9437043988164721
2025-07-19 06:00:00,0.0,1.3060363799977317
2025-07-19 07:00:00,0.0,0.8952696334819206
2025-07-19 08:00:00,0.0,0.4977810301115231
2025-07-19 09:00:00,0.0,0.4923258155326751
2025-07-19 10:00:00,0.0,0.5310403119149959
2025-07-19 11:00:00,0.0,0.5148364485410722
2025-07-19 12:00:00,0.0,0.3340381414550767
2025-07-19 13:00:00,0.0,0.23716990906512472
2025-07-19 14:00:00,0.0,0.19593721115479645
2025-07-19 15:00:00,0.0,0.19801669163678662
2025-07-19 16:00:00,0.0,0.5266291101943055
2025-07-19 17:00:00,0.0,0.16399180045526626
2025-07-19 18:00:00,0.0,0.14551189496319503
2025-07-19 19:00:00,0.0,1.2771205444536144
2025-07-19 20:00:00,0.0,1.0719300969880998
2025-07-19 21:00:00,0.0,0.7831595901223687
2025-07-19 22:00:00,0.0,0.9175653784511881
2025-07-19 23:00:00,0.0,1.055636296216932
2025-07-20 00:00:00,0.0,0.9641683512679285
2025-07-20 01:00:00,0.0,0.9140030720430649
2025-07-20 02:00:00,0.0,0.7943223592447044
2025-07-20 03:00:00,0.0,0.8243629103033764
2025-07-20 04:00:00,0.0,0.7151413549637377
2025-07-20 05:00:00,0.0,0.7680656721899893
2025-07-20 06:00:00,0.0,0.7441168224765258
2025-07-20 07:00:00,0.0,0.8339071249611452
2025-07-20 08:00:00,0.0,1.1297914294285691
2025-07-20 09:00:00,0.0,1.0364937640764922
2025-07-20 10:00:00,0.0,0.9278135948835815
2025-07-20 11:00:00,0.0,0.8870012702020523
2025-07-20 12:00:00,0.0,0.4539512895699591
2025-07-20 13:00:00,0.0,0.32130730844416716
2025-07-20 14:00:00,0.0,0.24860370374621993
2025-07-20 15:00:00,0.0,0.46792582839788627
2025-07-20 16:00:00,0.0,0.3260422877763565
2025-07-20 17:00:00,0.0,0.2969736361458447
2025-07-20 18:00:00,0.0,0.6974063387950523
2025-07-20 19:00:00,0.0,0.7736172844421714
2025-07-20 20:00:00,0.0,0.9485657397958113
2025-07-20 21:00:00,0.0,1.3164103778868628
2025-07-20 22:00:00,0.0,1.4627740770629336
2025-07-20 23:00:00,0.0,1.2644684903597332
2025-07-21 00:00:00,0.0,1.1363103010609055
2025-07-21 01:00:00,0.0,1.1623053545036766
2025-07-21 02:00:00,0.0,1.0957057981520502
2025-07-21 03:00:00,1.1000000000000028,0.9972792820912433
2025-07-21 04:00:00,2.5000000000000027,1.219906032351832
2025-07-21 05:00:00,3.6000000000000028,1.4765457800108812
2025-07-21 06:00:00,4.700000000000003,0.8043052477489728
2025-07-21 07:00:00,5.100000000000003,0.6878537095767125
2025-07-21 08:00:00,5.200000000000003,0.6599441775212458
2025-07-21 09:00:00,4.200000000000003,1.5416787160156575
2025-07-21 10:00:00,2.900000000000003,2.6481337964755336
2025-07-21 11:00:00,1.9000000000000028,3.0641696609622335
2025-07-21 12:00:00,1.0000000000000027,2.767020142209961
2025-07-21 13:00:00,0.6000000000000028,2.73758266435776
2025-07-21 14:00:00,0.5000000000000027,1.795920898448483
2025-07-21 15:00:00,0.4000000000000027,1.5046332191229554
2025-07-21 16:00:00,0.3000000000000027,1.1249193863680846
2025-07-21 17:00:00,0.20000000000000268,1.443416981286596
2025-07-21 18:00:00,0.0,1.561922828815688
2025-07-21 19:00:00,0.0,2.3725090214384332
2025-07-21 20:00:00,0.0,2.2860983325822275
2025-07-21 21:00:00,0.0,1.8359687720939728
2025-07-21 22:00:00,0.0,1.7133159122734922
2025-07-21 23:00:00,0.0,3.2417326443047396
2025-07-22 00:00:00,0.0,2.633386868350756
2025-07-22 01:00:00,0.0,2.7608621859821665
2025-07-22 02:00:00,0.0,1.6346571113019062
2025-07-22 03:00:00,0.0,2.6556739924440995
2025-07-22 04:00:00,0.0,1.5026951943043518
2025-07-22 05:00:00,0.0,0.9828163448623752
2025-07-22 06:00:00,0.0,1.6014161819738666
2025-07-22 07:00:00,0.0,2.092370504759772
2025-07-22 08:00:00,0.0,1.923784558640774
2025-07-22 09:00:00,0.0,1.3772245588403036
2025-07-22 10:00:00,0.0,5.643758253564047
2025-07-22 11:00:00,0.0,0.7998918106821441
2025-07-22 12:00:00,0.0,0.3347560750946425
2025-07-22 13:00:00,0.0,0.1604339254471957
2025-07-22 14:00:00,0.0,0.38740429098886486
2025-07-22 15:00:00,0.0,0.18151157524381958
2025-07-22 16:00:00,0.0,0.29336878174389913
2025-07-22 17:00:00,0.0,0.40243981204948726
2025-07-22 18:00:00,0.0,0.6526332234414529
2025-07-22 19:00:00,0.20000000000000268,1.162328064908186
2025-07-22 20:00:00,0.20000000000000268,0.8197473520142369
2025-07-22 21:00:00,0.3000000000000027,0.8129378729649834
2025-07-22 22:00:00,0.3000000000000027,1.0191023128265913
2025-07-22 23:00:00,0.3000000000000027,0.8951561714667018
2025-07-23 00:00:00,0.4000000000000027,0.9869415339595066
2025-07-23 01:00:00,0.20000000000000268,1.0039213503603721
2025-07-23 02:00:00,0.20000000000000268,1.069053495821551
2025-07-23 03:00:00,0.8000000000000026,1.8465888328927382
2025-07-23 04:00:00,0.8000000000000026,1.9466323807537018
2025-07-23 05:00:00,0.9000000000000026,1.8330387422375805
2025-07-23 06:00:00,0.8000000000000026,1.8427580364479759
2025-07-23 07:00:00,0.8000000000000026,0.8570454230234206
2025-07-23 08:00:00,0.8000000000000026,0.7754939162247297
2025-07-23 09:00:00,0.10000000000000267,0.8172077183450025
2025-07-23 10:00:00,0.10000000000000267,1.1486908192532364
2025-07-23 11:00:00,0.0,1.2013601536520717
2025-07-23 12:00:00,0.0,1.087254906101306
2025-07-23 13:00:00,0.0,0.9901906056498413
2025-07-23 14:00:00,0.0,0.5159136063988905
2025-07-23 15:00:00,0.0,0.5838363983106302
2025-07-23 16:00:00,0.0,0.3434905949502563
2025-07-23 17:00:00,0.0,0.4943947446787559
2025-07-23 18:00:00,0.0,0.6499249276664191
2025-07-23 19:00:00,0.0,0.609338771988276
2025-07-23 20:00:00,0.0,1.4998635425037357
2025-07-23 21:00:00,0.0,0.9948724984155655
2025-07-23 22:00:00,0.0,1.2659957813362834
2025-07-23 23:00:00,0.0,2.6533993087075785
2025-07-24 00:00:00,0.0,1.8764812130673887
2025-07-24 01:00:00,0.0,1.130763457956105
2025-07-24 02:00:00,0.0,2.5546267727064693
2025-07-24 03:00:00,0.0,2.0084580285063156
2025-07-24 04:00:00,0.0,5.872774198643718
2025-07-24 05:00:00,0.0,3.1429490173882444
2025-07-24 06:00:00,0.0,1.898228364654339
2025-07-24 07:00:00,0.0,1.4359390850959821
2025-07-24 08:00:00,0.0,0.4828874275815779
2025-07-24 09:00:00,0.0,0.5553855027925967
2025-07-24 10:00:00,0.0,0.4212229024500375
2025-07-24 11:00:00,0.0,0.45085490105023923
2025-07-24 12:00:00,0.0,0.41755282137572003
2025-07-24 13:00:00,0.0,0.525522035045919
2025-07-24 14:00:00,0.0,0.3773262461182315
2025-07-24 15:00:00,0.0,0.6167690340175456
2025-07-24 16:00:00,0.0,1.571779681200211
2025-07-24 17:00:00,0.0,0.9539343574509691
2025-07-24 18:00:00,0.0,0.9053549529687558
2025-07-24 19:00:00,0.0,0.8759300759731415
2025-07-24 20:00:00,0.0,0.7968893342718469
2025-07-24 21:00:00,0.0,0.7452542523600286
2025-07-24 22:00:00,0.0,0.8864059110167535
2025-07-24 23:00:00,0.0,0.25513433523172585
2025-07-25 00:00:00,0.0,0.22455630043420002
2025-07-25 01:00:00,0.0,1.0928780358110581
2025-07-25 02:00:00,0.0,0.3235263813928427
2025-07-25 03:00:00,0.0,0.3532491325849724
2025-07-25 04:00:00,0.0,0.41036126694200414
2025-07-25 05:00:00,0.0,0.5833876946556812
2025-07-25 06:00:00,0.0,0.7288269295478478
2025-07-25 07:00:00,0.0,0.8753834321622379
2025-07-25 08:00:00,0.0,0.9830521629656866
2025-07-25 09:00:00,0.0,0.5340034043559343
2025-07-25 10:00:00,0.0,0.21619780331344002
2025-07-25 11:00:00,0.0,0.2677380662226278
2025-07-25 12:00:00,0.0,0.29204571203141827
2025-07-25 13:00:00,0.0,0.2753913259186163
2025-07-25 14:00:00,0.0,0.30515928358411104
2025-07-25 15:00:00,0.0,0.2990643959570061
2025-07-25 16:00:00,0.20000000000000268,0.9272250113823415
2025-07-25 17:00:00,0.8000000000000027,0.9196319517906819
2025-07-25 18:00:00,0.8000000000000026,0.42145164406311375
2025-07-25 19:00:00,0.8000000000000026,1.614560039799921
2025-07-25 20:00:00,0.8000000000000026,1.7953313190436864
2025-07-25 21:00:00,0.8000000000000026,1.636867791738611
2025-07-25 22:00:00,0.7000000000000025,1.7015180102356513
2025-07-25 23:00:00,0.10000000000000267,2.8623772741203664
2025-07-26 00:00:00,1.0000000000000027,3.0035413849906956
2025-07-26 01:00:00,1.0000000000000027,2.354414166796177
2025-07-26 02:00:00,1.0000000000000027,1.5088012582678263
2025-07-26 03:00:00,1.0000000000000027,1.1791316289629108
2025-07-26 04:00:00,0.9000000000000027,1.5295343602639904
2025-07-26 05:00:00,0.9000000000000027,1.5216410963831972
2025-07-26 06:00:00,0.0,3.364358364316648
2025-07-26 07:00:00,0.0,2.6686950000411382
2025-07-26 08:00:00,0.0,2.0039257687998893
2025-07-26 09:00:00,0.0,1.2856437998134624
2025-07-26 10:00:00,0.0,1.4242263573863791
2025-07-26 11:00:00,0.0,1.4486301895403668
2025-07-26 12:00:00,0.0,1.2479562115577567
2025-07-26 13:00:00,0.0,0.7328359271197711
2025-07-26 14:00:00,0.0,0.9857840950258541
2025-07-26 15:00:00,0.0,1.772935859954396
2025-07-26 16:00:00,0.0,1.8927731622672597
2025-07-26 17:00:00,0.0,2.04981793912982
2025-07-26 18:00:00,0.0,1.6679817410988529
2025-07-26 19:00:00,0.0,0.8687459161777593
2025-07-26 20:00:00,0.0,1.7558962542815713
2025-07-26 21:00:00,0.0,0.6165300091757714
2025-07-26 22:00:00,0.0,0.4947494885668896
2025-07-26 23:00:00,0.0,3.746911580432837
2025-07-27 00:00:00,0.0,2.8268894794923485
2025-07-27 01:00:00,0.0,1.8456385347424902
2025-07-27 02:00:00,0.0,2.062358421594328
2025-07-27 03:00:00,0.0,1.2799089812684645
2025-07-27 04:00:00,0.0,1.5935854419755053
2025-07-27 05:00:00,0.0,1.365783274770566
2025-07-27 06:00:00,0.0,0.7826574472355206
2025-07-27 07:00:00,0.20000000000000268,0.9333743177751347
2025-07-27 08:00:00,0.3000000000000027,0.8750565038992405
2025-07-27 09:00:00,0.3000000000000027,0.43864847217031
2025-07-27 10:00:00,0.3000000000000027,0.507366269522777
2025-07-27 11:00:00,0.3000000000000027,0.3641923069374644
2025-07-27 12:00:00,0.3000000000000027,0.40609955217861105
2025-07-27 13:00:00,0.10000000000000267,0.6174548205396126
2025-07-27 14:00:00,0.0,0.42759838986945703
2025-07-27 15:00:00,0.0,0.8897897015728607
2025-07-27 16:00:00,0.0,0.521427467035972
2025-07-27 17:00:00,0.0,0.2899785547961814
2025-07-27 18:00:00,0.0,0.2494502315420835
2025-07-27 19:00:00,0.0,0.9420270376677748
2025-07-27 20:00:00,0.0,0.49964813769767474
2025-07-27 21:00:00,0.0,0.5891132921948687
2025-07-27 22:00:00,0.0,0.8582347087861533
2025-07-27 23:00:00,0.0,1.5038330297724827
2025-07-28 00:00:00,0.0,1.158845745793472
2025-07-28 01:00:00,0.0,2.3145576154818697
2025-07-28 02:00:00,0.0,2.5665271692183995
2025-07-28 03:00:00,0.0,1.9416180216276853
2025-07-28 04:00:00,0.0,2.480085001512006
2025-07-28 05:00:00,0.20000000000000268,2.241089634418773
2025-07-28 06:00:00,0.5000000000000027,0.6772298157554265
2025-07-28 07:00:00,0.7000000000000026,0.6470306682478408
2025-07-28 08:00:00,0.9000000000000027,0.5260199027155688
2025-07-28 09:00:00,1.3000000000000027,0.9485441581101619
2025-07-28 10:00:00,1.3000000000000027,0.6992533690486226
2025-07-28 11:00:00,1.1000000000000028,0.6665188722870328
2025-07-28 12:00:00,0.8000000000000027,0.5458933232895703
2025-07-28 13:00:00,0.6000000000000028,0.9278349343776975
2025-07-28 14:00:00,0.4000000000000027,1.0266643737480325
2025-07-28 15:00:00,0.0,2.4801598872652186
2025-07-28 16:00:00,0.0,2.9228623204614013
2025-07-28 17:00:00,0.0,2.2073231704575615
2025-07-28 18:00:00,0.0,1.3252391396086878
2025-07-28 19:00:00,0.0,0.9006094452785173
2025-07-28 20:00:00,0.0,0.7717752161985241
2025-07-28 21:00:00,0.0,0.7603020510476026
2025-07-28 22:00:00,0.0,1.2230123250209295
2025-07-28 23:00:00,0.20000000000000268,1.7756396780387353
2025-07-29 00:00:00,0.20000000000000268,2.124951355352883
2025-07-29 01:00:00,0.4000000000000027,1.668357018125057
2025-07-29 02:00:00,0.7000000000000026,1.5584782815346205
2025-07-29 03:00:00,0.8000000000000027,1.1515345353493143
2025-07-29 04:00:00,0.8000000000000027,1.018263878250514
2025-07-29 05:00:00,0.6000000000000028,1.4565171843454403
2025-07-29 06:00:00,0.6000000000000028,1.1349971331699111
2025-07-29 07:00:00,0.6000000000000026,1.4250804726596782
2025-07-29 08:00:00,0.9000000000000026,2.073556718953965
2025-07-29 09:00:00,0.9000000000000027,2.157214149264865
2025-07-29 10:00:00,0.9000000000000027,2.2753782363698662
2025-07-29 11:00:00,1.8000000000000027,2.511703401574929
2025-07-29 12:00:00,1.8000000000000027,0.463171381176867
2025-07-29 13:00:00,1.6000000000000028,0.9902496091305841
2025-07-29 14:00:00,1.0000000000000027,1.6144235131767153
2025-07-29 15:00:00,0.9000000000000027,2.0980072596701476
2025-07-29 16:00:00,0.9000000000000027,1.8341025050473334
2025-07-29 17:00:00,0.0,2.0822668779063105
2025-07-29 18:00:00,0.0,2.330528638915089
2025-07-29 19:00:00,0.0,2.5302855723805093
2025-07-29 20:00:00,0.0,3.175733648544404
2025-07-29 21:00:00,0.0,2.4345067927257733
2025-07-29 22:00:00,0.0,2.7529804550262207
2025-07-29 23:00:00,0.0,3.5932187379851226
2025-07-30 00:00:00,0.10000000000000267,2.0024487598003424
2025-07-30 01:00:00,0.10000000000000267,2.3176479636796925
2025-07-30 02:00:00,0.10000000000000267,2.3387151230051244
2025-07-30 03:00:00,0.20000000000000268,1.6604270012191547
2025-07-30 04:00:00,0.3000000000000027,1.6880965597430684
2025-07-30 05:00:00,0.4000000000000027,2.522947349339428
2025-07-30 06:00:00,4.900000000000002,1.7399444483535293
2025-07-30 07:00:00,7.3000000000000025,1.4137560451648632
2025-07-30 08:00:00,7.500000000000002,1.4045032195409681
2025-07-30 09:00:00,7.400000000000002,1.752636940946354
2025-07-30 10:00:00,7.400000000000002,1.2892842599424703
2025-07-30 11:00:00,16.5,2.36676900973006
2025-07-30 12:00:00,11.900000000000002,3.0288479890911266
2025-07-30 13:00:00,11.400000000000002,2.705600919676768
2025-07-30 14:00:00,11.300000000000002,3.239066529331625
2025-07-30 15:00:00,11.400000000000002,0.8884291499143302
2025-07-30 16:00:00,11.400000000000002,0.6663323289224031
2025-07-30 17:00:00,2.2000000000000033,11.417180409728095
2025-07-30 18:00:00,4.900000000000004,5.534327051186907
2025-07-30 19:00:00,11.300000000000004,5.10031051078247
2025-07-30 20:00:00,15.500000000000004,2.6499682863857617
2025-07-30 21:00:00,15.700000000000005,4.452310572177346
2025-07-30 22:00:00,15.900000000000004,3.7946715276157783
2025-07-30 23:00:00,16.100000000000005,5.225847333041679
2025-07-31 00:00:00,14.300000000000004,6.810907940617849
2025-07-31 01:00:00,6.700000000000003,8.908001474274192
2025-07-31 02:00:00,2.5000000000000036,11.684730926964967
2025-07-31 03:00:00,2.4000000000000035,9.721892844250595
2025-07-31 04:00:00,2.3000000000000034,8.572164101947871
2025-07-31 05:00:00,2.400000000000004,5.355990620256734
2025-07-31 06:00:00,1.7000000000000035,3.594665859789744
2025-07-31 07:00:00,5.100000000000003,3.117222259842345
2025-07-31 08:00:00,7.800000000000003,4.33871435447361
2025-07-31 09:00:00,7.800000000000003,4.215995953696373
2025-07-31 10:00:00,7.800000000000003,4.227671500854416
2025-07-31 11:00:00,7.700000000000003,4.4020156259884
2025-07-31 12:00:00,8.000000000000004,5.043506094659879
2025-07-31 13:00:00,4.200000000000004,3.5631991474842937
2025-07-31 14:00:00,2.0000000000000036,3.0883339896726425
2025-07-31 15:00:00,2.4000000000000035,1.9503486264630951
2025-07-31 16:00:00,2.600000000000003,1.6566774399434983
2025-07-31 17:00:00,3.1000000000000036,2.1920514678563268
2025-07-31 18:00:00,8.900000000000002,3.0480054237387346
2025-07-31 19:00:00,8.800000000000004,3.37309234253042
2025-07-31 20:00:00,8.300000000000002,5.064438318932357
2025-07-31 21:00:00,7.700000000000003,6.182045948249887
2025-07-31 22:00:00,7.300000000000003,6.583420670360486
2025-07-31 23:00:00,7.400000000000004,7.219457405642548
2025-08-01 00:00:00,2.0000000000000036,7.644656505094103
2025-08-01 01:00:00,1.9000000000000037,6.1669154472101635
2025-08-01 02:00:00,1.8000000000000036,6.521841962338654
2025-08-01 03:00:00,1.8000000000000036,2.3335499356120404
2025-08-01 04:00:00,1.9000000000000037,1.6005767200902767
2025-08-01 05:00:00,1.2000000000000035,3.205961847128759
2025-08-01 06:00:00,0.4000000000000036,3.6663915681289017
2025-08-01 07:00:00,0.4000000000000036,2.7814098079528904
2025-08-01 08:00:00,0.6000000000000036,2.9704257018306945
2025-08-01 09:00:00,4.100000000000003,1.9200975797220396
2025-08-01 10:00:00,4.400000000000004,2.1433536808439473
2025-08-01 11:00:00,4.700000000000004,3.667942788044893
2025-08-01 12:00:00,4.700000000000004,3.7764537619067786
2025-08-01 13:00:00,4.600000000000003,2.5339394593685354
2025-08-01 14:00:00,4.500000000000004,2.904068392704339
2025-08-01 15:00:00,1.0000000000000036,1.104789602563378
2025-08-01 16:00:00,0.6000000000000036,1.3949846613140149
2025-08-01 17:00:00,0.20000000000000356,0.9657210403347906
2025-08-01 18:00:00,0.10000000000000356,1.5331026643729229
2025-08-01 19:00:00,0.10000000000000356,1.4003045541726251
2025-08-01 20:00:00,0.0,1.145060364428834
2025-08-01 21:00:00,0.0,3.1615731185461637
2025-08-01 22:00:00,0.0,3.1993790397896777
2025-08-01 23:00:00,0.0,3.0008399717506817
2025-08-02 00:00:00,0.0,2.2326676623214716
2025-08-02 01:00:00,0.0,2.9554354524266517
2025-08-02 02:00:00,0.0,2.975242841913498
2025-08-02 03:00:00,0.0,2.2280756374068442
2025-08-02 04:00:00,0.0,1.3329554709993774
2025-08-02 05:00:00,0.0,0.8546840997250605
2025-08-02 06:00:00,0.0,1.3633862968562476
2025-08-02 07:00:00,0.0,1.1824059471216888
2025-08-02 08:00:00,0.0,1.3126167697401283
2025-08-02 09:00:00,0.0,1.1755640981888238
2025-08-02 10:00:00,0.0,1.2103071621303487
2025-08-02 11:00:00,0.0,0.5817771595874599
2025-08-02 12:00:00,0.0,0.7101046698337266
2025-08-02 13:00:00,0.0,0.7662501569545918
2025-08-02 14:00:00,0.0,3.674340009275025
2025-08-02 15:00:00,0.0,1.7657304559733675
2025-08-02 16:00:00,0.0,0.3728168748650611
2025-08-02 17:00:00,0.0,0.17344473352669673
2025-08-02 18:00:00,0.0,0.09265614504525432
2025-08-02 19:00:00,0.0,0.08314022834088201
2025-08-02 20:00:00,0.0,0.3669382061780036
2025-08-02 21:00:00,0.0,0.23066857347348196
2025-08-02 22:00:00,0.0,0.4955925604088111
2025-08-02 23:00:00,4.700000000000004,0.5218002615547436
2025-08-03 00:00:00,5.200000000000004,0.30114730207086415
2025-08-03 01:00:00,5.700000000000004,0.4066640014359306
2025-08-03 02:00:00,5.800000000000003,0.29787020107082446
2025-08-03 03:00:00,5.800000000000003,0.3121423626960422
2025-08-03 04:00:00,5.800000000000003,0.34970280053594827
2025-08-03 05:00:00,1.1000000000000036,4.37764086337956
2025-08-03 06:00:00,0.7000000000000035,3.310976100271296
2025-08-03 07:00:00,0.3000000000000036,3.027749736720812
2025-08-03 08:00:00,0.20000000000000356,3.020869088298318
2025-08-03 09:00:00,0.20000000000000356,2.118389965612573
2025-08-03 10:00:00,0.4000000000000036,2.2480666663019524
2025-08-03 11:00:00,0.5000000000000036,2.3261150929195678
2025-08-03 12:00:00,0.7000000000000036,2.8289768077082647
2025-08-03 13:00:00,0.6000000000000036,2.965758848293404
2025-08-03 14:00:00,0.6000000000000036,3.337759491984965
2025-08-03 15:00:00,0.7000000000000036,4.0215765196791535
2025-08-03 16:00:00,0.5000000000000036,3.7440503364939293
2025-08-03 17:00:00,0.6000000000000036,3.3881842191803724
2025-08-03 18:00:00,0.6000000000000035,1.394795837690373
2025-08-03 19:00:00,0.9000000000000035,1.7607883708403285
2025-08-03 20:00:00,1.6000000000000034,1.5114534166201385
2025-08-03 21:00:00,1.6000000000000034,1.5724446970451031
2025-08-03 22:00:00,1.6000000000000034,2.0867211393176386
2025-08-03 23:00:00,1.4000000000000035,2.7187380013718285
2025-08-04 00:00:00,1.1000000000000036,2.606308845715113
2025-08-04 01:00:00,0.8000000000000035,5.429146471725818
2025-08-04 02:00:00,0.20000000000000356,6.599710726256277
2025-08-04 03:00:00,0.5000000000000036,4.464493071141019
2025-08-04 04:00:00,1.1000000000000036,2.2563761268364626
2025-08-04 05:00:00,1.5000000000000036,2.1973428456753124
2025-08-04 06:00:00,1.7000000000000035,8.464292116834025
2025-08-04 07:00:00,2.2000000000000037,2.4663690267591885
2025-08-04 08:00:00,2.3000000000000034,2.324703694430773
2025-08-04 09:00:00,2.1000000000000036,2.241417368800774
2025-08-04 10:00:00,1.8000000000000034,2.244052589856885
2025-08-04 11:00:00,1.7000000000000035,2.647016678095703
2025-08-04 12:00:00,1.5000000000000036,2.2608287344842823
2025-08-04 13:00:00,1.0000000000000036,1.9248233392258156
2025-08-04 14:00:00,0.8000000000000036,2.713190259253608
2025-08-04 15:00:00,0.6000000000000035,2.420069583050607
2025-08-04 16:00:00,0.30000000000000354,1.9815562704769756
2025-08-04 17:00:00,0.0,1.837059432662936
2025-08-04 18:00:00,0.0,1.8026989835510907
2025-08-04 19:00:00,0.0,1.0886576390020468
2025-08-04 20:00:00,0.0,1.0455879443235574
2025-08-04 21:00:00,0.5000000000000036,1.3096343321080717
2025-08-04 22:00:00,1.9000000000000035,1.3817218968799079
2025-08-04 23:00:00,2.3000000000000034,1.791971537068132
2025-08-05 00:00:00,2.3000000000000034,1.9417235117489364
2025-08-05 01:00:00,2.5000000000000036,1.6385915927357944
2025-08-05 02:00:00,4.100000000000003,2.2999823306788794
2025-08-05 03:00:00,5.600000000000003,2.2909167493376486
2025-08-05 04:00:00,4.5000000000000036,2.7584517186898196
2025-08-05 05:00:00,4.400000000000004,2.101179510635974
2025-08-05 06:00:00,4.700000000000004,2.306551359991454
2025-08-05 07:00:00,4.700000000000004,2.2424232005979428
2025-08-05 08:00:00,3.5000000000000036,2.4316621812601427
2025-08-05 09:00:00,1.5000000000000036,2.047630264295857
2025-08-05 10:00:00,1.2000000000000035,1.410931836214013
2025-08-05 11:00:00,1.4000000000000035,1.8634825410688893
2025-08-05 12:00:00,1.1000000000000036,1.998024562624906
2025-08-05 13:00:00,0.9000000000000036,2.025574105183528
2025-08-05 14:00:00,0.5000000000000036,1.5274962167188042
2025-08-05 15:00:00,0.5000000000000036,1.7047251756341353
2025-08-05 16:00:00,0.9000000000000036,1.0535474039027946
2025-08-05 17:00:00,1.3000000000000036,0.7420921545351499
2025-08-05 18:00:00,2.1000000000000036,1.1149363523844624
2025-08-05 19:00:00,2.7000000000000037,1.1247366314886846
2025-08-05 20:00:00,3.0000000000000036,1.088402533448379
2025-08-05 21:00:00,3.0000000000000036,0.7064618721199512
2025-08-05 22:00:00,2.6000000000000036,1.8705299321326594
2025-08-05 23:00:00,1.7000000000000035,3.94237141977737
2025-08-06 00:00:00,0.9000000000000035,8.439563118479406
2025-08-06 01:00:00,0.30000000000000354,8.423225158154134
2025-08-06 02:00:00,0.0,2.8334045457865153
2025-08-06 03:00:00,0.0,4.63024240427769
2025-08-06 04:00:00,0.0,1.5936939843196958
2025-08-06 05:00:00,0.0,1.9826198651747415
2025-08-06 06:00:00,0.0,2.1402091092091817
2025-08-06 07:00:00,0.0,1.3886182398361333
2025-08-06 08:00:00,0.0,1.6505127788958203
2025-08-06 09:00:00,0.0,1.6601178891244237
2025-08-06 10:00:00,0.5000000000000036,2.184700650123737
2025-08-06 11:00:00,0.6000000000000035,2.1256394421961247
2025-08-06 12:00:00,0.6000000000000035,0.8973776325971927
2025-08-06 13:00:00,0.6000000000000035,2.3792975131489467
2025-08-06 14:00:00,0.6000000000000035,1.0744396349053025
2025-08-06 15:00:00,0.6000000000000035,0.9514874245873919
2025-08-06 16:00:00,0.10000000000000356,1.3764539065441341
2025-08-06 17:00:00,0.0,1.4975612519531138
2025-08-06 18:00:00,0.0,2.0970153103341094
2025-08-06 19:00:00,0.0,1.252535570505609
2025-08-06 20:00:00,0.0,0.745236941251969
2025-08-06 21:00:00,0.0,0.860765161424593
2025-08-06 22:00:00,0.0,1.8418199860912
2025-08-06 23:00:00,0.0,0.7106151479589272
2025-08-07 00:00:00,0.0,0.8749718681719393
2025-08-07 01:00:00,0.0,0.14372755848380453
2025-08-07 02:00:00,0.0,0.13322619704585112
2025-08-07 03:00:00,0.0,0.1646292759931912
2025-08-07 04:00:00,0.0,0.06325844093350703
2025-08-07 05:00:00,0.0,0.08802975567396361
2025-08-07 06:00:00,0.0,0.21442218826463663
2025-08-07 07:00:00,0.0,0.47623327275133215
2025-08-07 08:00:00,0.0,0.2627290468523404
2025-08-07 09:00:00,0.0,0.21320390003969736
2025-08-07 10:00:00,0.0,0.3364469491569969
2025-08-07 11:00:00,0.0,0.5453600764694698
2025-08-07 12:00:00,0.0,0.3506172646793544
2025-08-07 13:00:00,0.0,0.17649235078900177
2025-08-07 14:00:00,0.0,0.16249245200863222
2025-08-07 15:00:00,0.0,0.2972415426527971
2025-08-07 16:00:00,0.0,0.31417396937794606
2025-08-07 17:00:00,0.0,0.12189092524764542
2025-08-07 18:00:00,0.0,0.12203554710910322
2025-08-07 19:00:00,0.0,0.22473622178947378
2025-08-07 20:00:00,0.0,0.13935111244804713
2025-08-07 21:00:00,0.0,0.13091880384616747
2025-08-07 22:00:00,0.0,0.1302872588073609
2025-08-07 23:00:00,0.0,0.044482851078225256
2025-08-08 00:00:00,0.0,0.14670640167845106
2025-08-08 01:00:00,0.0,0.1320382772135135
2025-08-08 02:00:00,0.0,0.11157430728008985
2025-08-08 03:00:00,0.0,0.10568498432559939
2025-08-08 04:00:00,0.0,0.1989018411656113
2025-08-08 05:00:00,0.0,0.15049308722749483
2025-08-08 06:00:00,0.0,0.11287975078489446
2025-08-08 07:00:00,0.0,0.1822109781066853
2025-08-08 08:00:00,0.0,0.28209174663447556
2025-08-08 09:00:00,0.0,0.20818913943849768
2025-08-08 10:00:00,0.0,0.1830731986087927
2025-08-08 11:00:00,0.30000000000000354,0.17928478038097498
2025-08-08 12:00:00,0.30000000000000354,0.2182329411073641
2025-08-08 13:00:00,0.30000000000000354,0.15152743786580444
2025-08-08 14:00:00,0.30000000000000354,0.184559910871862
2025-08-08 15:00:00,0.30000000000000354,0.18113700019226722
2025-08-08 16:00:00,0.30000000000000354,0.0915074628975641
2025-08-08 17:00:00,0.0,1.3614098703652968
2025-08-08 18:00:00,0.0,1.0329615986731284
2025-08-08 19:00:00,0.0,1.4490918495032175
2025-08-08 20:00:00,0.0,1.1327613640319438
2025-08-08 21:00:00,0.0,1.0440456899348471
2025-08-08 22:00:00,5.900000000000004,1.014748794029264
2025-08-08 23:00:00,7.100000000000004,1.1646440885135998
2025-08-09 00:00:00,11.300000000000004,1.594411508730569
2025-08-09 01:00:00,12.100000000000005,1.6891204427768924
2025-08-09 02:00:00,13.900000000000004,1.4184043847097503
2025-08-09 03:00:00,16.000000000000004,1.2594978247017323
2025-08-09 04:00:00,10.200000000000005,3.8070661516857474
2025-08-09 05:00:00,9.400000000000006,3.1861827440646793
2025-08-09 06:00:00,5.700000000000004,4.912631060170452
2025-08-09 07:00:00,5.0000000000000036,4.373347831157356
2025-08-09 08:00:00,3.4000000000000035,4.1635513483116275
2025-08-09 09:00:00,1.5000000000000036,3.323643569185414
2025-08-09 10:00:00,1.4000000000000035,2.678410267763021
2025-08-09 11:00:00,1.0000000000000036,1.8439887623296982
2025-08-09 12:00:00,0.5000000000000036,2.6305990277367672
2025-08-09 13:00:00,0.4000000000000036,3.2709372001847177
2025-08-09 14:00:00,0.20000000000000356,3.0040568049872416
2025-08-09 15:00:00,0.0,2.125411176803418
2025-08-09 16:00:00,0.0,1.544580013500754
2025-08-09 17:00:00,0.0,1.2015060106600728
2025-08-09 18:00:00,0.0,0.48938133659595895
2025-08-09 19:00:00,0.0,0.3854395254148119
2025-08-09 20:00:00,0.0,0.3148866955012544
2025-08-09 21:00:00,0.0,0.8049662593561715
2025-08-09 22:00:00,0.0,0.563920183410296
2025-08-09 23:00:00,0.0,1.0092475285139684
2025-08-10 00:00:00,0.0,2.1105823737593674
2025-08-10 01:00:00,0.0,1.0834905049972976
2025-08-10 02:00:00,0.10000000000000356,1.0479676687797603
2025-08-10 03:00:00,0.10000000000000356,1.5359609176559053
2025-08-10 04:00:00,0.20000000000000356,1.5273644920718545
2025-08-10 05:00:00,0.3000000000000036,1.614525252818303
2025-08-10 06:00:00,0.4000000000000036,1.5871234758445936
2025-08-10 07:00:00,0.5000000000000036,2.234984715282837
2025-08-10 08:00:00,0.5000000000000036,2.8391260478868423
2025-08-10 09:00:00,0.6000000000000001,1.553610778644083
2025-08-10 10:00:00,4.0000000000000036,2.0698023087182924
2025-08-10 11:00:00,4.100000000000003,1.8474700850823318
2025-08-10 12:00:00,4.200000000000004,1.4532352493566054
2025-08-10 13:00:00,4.100000000000003,0.8096069383186685
2025-08-10 14:00:00,4.0000000000000036,0.6614985908763221
2025-08-10 15:00:00,3.9000000000000035,0.4487220519314772
2025-08-10 16:00:00,0.4000000000000036,1.2853550392315585
2025-08-10 17:00:00,0.20000000000000356,0.9065777296901003
2025-08-10 18:00:00,0.0,1.263903063375097
2025-08-10 19:00:00,0.10000000000000356,2.507727594841571
2025-08-10 20:00:00,0.20000000000000356,2.890710909579146
2025-08-10 21:00:00,0.20000000000000356,1.4600320603406975
2025-08-10 22:00:00,0.4000000000000036,1.1944841479926298
2025-08-10 23:00:00,0.4000000000000036,0.827633644957339
2025-08-11 00:00:00,0.6000000000000036,2.70492146904682
2025-08-11 01:00:00,0.9000000000000037,2.8576986799605817
2025-08-11 02:00:00,0.8000000000000036,2.399475089632955
2025-08-11 03:00:00,0.8000000000000036,2.3860921381571596
2025-08-11 04:00:00,0.6000000000000036,3.2669346603693254
2025-08-11 05:00:00,0.6000000000000036,2.90757677693889
2025-08-11 06:00:00,0.4000000000000036,2.563812210417509
2025-08-11 07:00:00,0.0,2.212776154336393
2025-08-11 08:00:00,0.6000000000000035,2.5100280195134994
2025-08-11 09:00:00,0.8000000000000036,2.9079002333220707
2025-08-11 10:00:00,1.2000000000000035,1.5796166163955576
2025-08-11 11:00:00,1.2000000000000035,1.6544072034544641
2025-08-11 12:00:00,1.2000000000000035,1.393272082815334
2025-08-11 13:00:00,1.2000000000000035,1.3850878809924774
2025-08-11 14:00:00,0.6000000000000036,3.166662857575744
2025-08-11 15:00:00,0.4000000000000036,2.819191975606144
2025-08-11 16:00:00,0.0,2.6593179607956783
2025-08-11 17:00:00,0.0,2.1274038865162743
2025-08-11 18:00:00,0.0,2.278173536217507
2025-08-11 19:00:00,3.2000000000000037,2.219698660915271
2025-08-11 20:00:00,6.700000000000004,3.271601964615654
2025-08-11 21:00:00,7.600000000000004,3.8499192827593123
2025-08-11 22:00:00,7.700000000000004,4.056907087624201
2025-08-11 23:00:00,7.700000000000004,2.592627712072876
2025-08-12 00:00:00,7.700000000000004,2.2270654317618606
2025-08-12 01:00:00,4.5000000000000036,5.367863282845089
2025-08-12 02:00:00,1.0000000000000036,5.377494972357759
2025-08-12 03:00:00,0.10000000000000356,3.9233422092297485
2025-08-12 04:00:00,0.10000000000000356,3.7966568151126543
2025-08-12 05:00:00,0.10000000000000356,3.0489062191211205
2025-08-12 06:00:00,0.10000000000000356,1.9296970191510858
2025-08-12 07:00:00,0.10000000000000356,2.735295695728848
2025-08-12 08:00:00,0.10000000000000356,1.668606296785248
2025-08-12 09:00:00,0.10000000000000356,1.6346866994629314
2025-08-12 10:00:00,0.0,2.7145381422011194
2025-08-12 11:00:00,0.0,2.6165134905669927
2025-08-12 12:00:00,0.0,1.82161369498204
2025-08-12 13:00:00,0.0,1.2235865900286271
2025-08-12 14:00:00,0.0,2.3750807291643756
2025-08-12 15:00:00,0.0,0.8061676745789892
2025-08-12 16:00:00,0.0,0.9697721083020947
2025-08-12 17:00:00,0.0,1.1434996232862074
2025-08-12 18:00:00,0.0,3.4291770891039017
2025-08-12 19:00:00,0.0,2.783930150292722
2025-08-12 20:00:00,0.0,2.2344533535994944
2025-08-12 21:00:00,0.0,2.4890129378722254
2025-08-12 22:00:00,0.0,1.8777769507984423
2025-08-12 23:00:00,0.0,2.345317184973871
2025-08-13 00:00:00,0.0,2.5815392887424853
2025-08-13 01:00:00,0.0,2.315845878956308
2025-08-13 02:00:00,0.0,1.7679131689174552
2025-08-13 03:00:00,0.0,0.2123081732324263
2025-08-13 04:00:00,0.0,0.09827016447607653
2025-08-13 05:00:00,0.0,0.09704786802812877
2025-08-13 06:00:00,0.0,0.22984983461368907
2025-08-13 07:00:00,0.0,0.37066359695795154
2025-08-13 08:00:00,0.0,0.30339577690288605
2025-08-13 09:00:00,0.0,0.4830881079027481
2025-08-13 10:00:00,0.0,0.40155441978080136
2025-08-13 11:00:00,0.0,0.30530489488513424
2025-08-13 12:00:00,0.0,0.18108817891155968
2025-08-13 13:00:00,0.0,0.37305934744386604
2025-08-13 14:00:00,0.0,0.3350932507800385
2025-08-13 15:00:00,0.0,0.2543640826282479
2025-08-13 16:00:00,0.0,0.11817012869982232
2025-08-13 17:00:00,0.0,0.39943707424444186
2025-08-13 18:00:00,0.0,0.14995266509748817
2025-08-13 19:00:00,0.0,0.20407819007694764
2025-08-13 20:00:00,0.0,0.389573088095315
2025-08-13 21:00:00,0.0,0.37062432472213624
2025-08-13 22:00:00,0.0,0.4018468347744092
2025-08-13 23:00:00,0.10000000000000356,0.12134442567890724
2025-08-14 00:00:00,0.5000000000000036,0.4339987537314855
2025-08-14 01:00:00,1.8000000000000036,0.3788722074602813
2025-08-14 02:00:00,2.4000000000000035,1.0628125278122753
2025-08-14 03:00:00,2.9000000000000035,0.3739855391232883
2025-08-14 04:00:00,4.400000000000004,0.2959300306228308
2025-08-14 05:00:00,4.900000000000004,0.39882706706083887
2025-08-14 06:00:00,5.0000000000000036,2.1528448986317428
2025-08-14 07:00:00,5.100000000000003,2.149119166686633
2025-08-14 08:00:00,8.200000000000003,1.9578937085903252
2025-08-14 09:00:00,7.900000000000003,2.6374283041843056
2025-08-14 10:00:00,6.400000000000004,3.3149092772246327
2025-08-14 11:00:00,5.800000000000003,2.3585369285182485
2025-08-14 12:00:00,5.400000000000004,1.959010470785615
2025-08-14 13:00:00,4.0000000000000036,2.03347310726774
2025-08-14 14:00:00,0.3000000000000036,1.409596247393478
2025-08-14 15:00:00,0.10000000000000356,1.5230971250553424
2025-08-14 16:00:00,0.10000000000000356,0.8799699795608934
2025-08-14 17:00:00,0.10000000000000356,0.8463236581268329
2025-08-14 18:00:00,0.0,0.7305112335852906
2025-08-14 19:00:00,0.0,1.213780603304012
2025-08-14 20:00:00,0.0,1.4075681310996249
2025-08-14 21:00:00,0.0,0.5443846380875935
2025-08-14 22:00:00,0.0,1.159663510780233
2025-08-14 23:00:00,0.0,1.0159974473098081
2025-08-15 00:00:00,0.0,1.7690070514172629
2025-08-15 01:00:00,0.0,1.2798742737734994
2025-08-15 02:00:00,0.0,1.2021499935559297
2025-08-15 03:00:00,0.10000000000000356,0.5286703174738983
2025-08-15 04:00:00,0.20000000000000356,0.5339565176756017
2025-08-15 05:00:00,0.3000000000000036,0.771454242234068
2025-08-15 06:00:00,0.4000000000000036,0.6579721918056459
2025-08-15 07:00:00,6.100000000000004,2.1300169059586307
2025-08-15 08:00:00,7.300000000000004,1.6485567755944712
2025-08-15 09:00:00,7.300000000000004,2.647740594615961
2025-08-15 10:00:00,7.200000000000004,3.448719968841433
2025-08-15 11:00:00,7.100000000000004,3.3955255186390327
2025-08-15 12:00:00,7.0000000000000036,3.3549963348329808
2025-08-15 13:00:00,1.3000000000000036,2.7102139448052687
2025-08-15 14:00:00,0.10000000000000356,2.042708093829341
2025-08-15 15:00:00,0.0,1.334820360299516
2025-08-15 16:00:00,0.0,0.8654927917494798
2025-08-15 17:00:00,0.0,0.2446965777877675
2025-08-15 18:00:00,0.0,0.29946875568425835
2025-08-15 19:00:00,0.0,0.3137945839302176
2025-08-15 20:00:00,0.0,0.19027736150572802
2025-08-15 21:00:00,0.0,0.3987812091461397
2025-08-15 22:00:00,0.0,0.8648328913792277
2025-08-15 23:00:00,0.0,0.9682643474282937
2025-08-16 00:00:00,0.0,1.2874487200819282
2025-08-16 01:00:00,0.0,0.7306514257660219
2025-08-16 02:00:00,0.20000000000000356,1.230843228236508
2025-08-16 03:00:00,5.100000000000004,0.7867459118970183
2025-08-16 04:00:00,5.300000000000004,0.9779336722077223
2025-08-16 05:00:00,11.200000000000005,1.0865494811773977
2025-08-16 06:00:00,11.500000000000005,1.9689569665045061
2025-08-16 07:00:00,11.700000000000005,1.7871771461426003
2025-08-16 08:00:00,11.500000000000005,2.6763383753179193
2025-08-16 09:00:00,6.600000000000004,1.8283272495101899
2025-08-16 10:00:00,6.400000000000004,1.6595770546913708
2025-08-16 11:00:00,0.5000000000000036,2.9851922368644477
2025-08-16 12:00:00,0.20000000000000356,2.3025915004717232
2025-08-16 13:00:00,0.0,2.547264933152124
2025-08-16 14:00:00,0.0,2.0353566013320386
2025-08-16 15:00:00,0.0,1.3124441132404412
2025-08-16 16:00:00,0.0,1.3857582364404943
2025-08-16 17:00:00,0.0,2.549672635218261
2025-08-16 18:00:00,0.0,1.9589877997162048
2025-08-16 19:00:00,0.0,0.8710063939444722
2025-08-16 20:00:00,0.0,0.8387862126289224
2025-08-16 21:00:00,0.0,0.6955772555927601
2025-08-16 22:00:00,0.0,0.7287624477008556
2025-08-16 23:00:00,0.0,3.099990349647423
2025-08-17 00:00:00,0.6000000000000035,2.0270253751705045
2025-08-17 01:00:00,1.3000000000000034,1.970432472439263
2025-08-17 02:00:00,1.6000000000000034,1.5497318328918461
2025-08-17 03:00:00,3.8000000000000034,1.5267729663971397
2025-08-17 04:00:00,4.900000000000004,1.0056770835909334
2025-08-17 05:00:00,6.900000000000004,1.1655042485884122
2025-08-17 06:00:00,6.700000000000004,3.2424600317500283
2025-08-17 07:00:00,6.200000000000004,3.0972847596026547
2025-08-17 08:00:00,6.0000000000000036,1.725696388615552
2025-08-17 09:00:00,3.8000000000000034,2.647487179544742
2025-08-17 10:00:00,2.7000000000000033,1.5508777057511103
2025-08-17 11:00:00,0.7000000000000032,2.4720557047723206
2025-08-17 12:00:00,0.6000000000000031,1.9090753146563075
2025-08-17 13:00:00,0.4000000000000031,1.5657220590954317
2025-08-17 14:00:00,0.30000000000000304,1.2639874292051194
2025-08-17 15:00:00,0.30000000000000304,1.162816368579187
2025-08-17 16:00:00,0.30000000000000304,0.5739896124432697
2025-08-17 17:00:00,0.30000000000000304,0.5006919479922209
2025-08-17 18:00:00,0.0,2.054827515208106
2025-08-17 19:00:00,0.0,2.209311519625066
2025-08-17 20:00:00,0.0,1.4189140266630085
2025-08-17 21:00:00,0.0,0.8179962845293045
2025-08-17 22:00:00,0.0,0.7844487285399626
2025-08-17 23:00:00,0.10000000000000311,1.1206327320384613
2025-08-18 00:00:00,0.10000000000000311,1.6741304298032489
2025-08-18 01:00:00,0.10000000000000311,1.4894049909969462
2025-08-18 02:00:00,0.20000000000000312,1.2223152308123635
2025-08-18 03:00:00,0.30000000000000315,1.5673272858241951
2025-08-18 04:00:00,0.30000000000000315,2.0728888129648273
2025-08-18 05:00:00,0.20000000000000312,3.7658299330101697
2025-08-18 06:00:00,0.20000000000000312,4.761086948599681
2025-08-18 07:00:00,0.20000000000000312,3.867970814659299
2025-08-18 08:00:00,0.10000000000000311,2.914881283808804
2025-08-18 09:00:00,0.0,5.771676579692187
2025-08-18 10:00:00,0.0,5.370815052294202
2025-08-18 11:00:00,0.0,1.4155566152730692
2025-08-18 12:00:00,0.0,0.7566066077524183
2025-08-18 13:00:00,0.0,0.6356900100468064
2025-08-18 14:00:00,0.0,0.4042822914969529
2025-08-18 15:00:00,0.0,0.26243200061506705
2025-08-18 16:00:00,0.0,0.06958826371713123
2025-08-18 17:00:00,0.0,0.03960753458692143
2025-08-18 18:00:00,0.0,0.22507945377345193
2025-08-18 19:00:00,0.0,0.34788478838634035
2025-08-18 20:00:00,0.0,0.3620659609293516
2025-08-18 21:00:00,0.0,0.6033085627794313
2025-08-18 22:00:00,0.0,0.6727569085318743
2025-08-18 23:00:00,0.0,0.8939140103483085
2025-08-19 00:00:00,0.0,0.8767269801710224
2025-08-19 01:00:00,0.0,1.7499560706262087
2025-08-19 02:00:00,0.0,1.6456137496083523
2025-08-19 03:00:00,0.10000000000000311,1.6856983345718004
2025-08-19 04:00:00,0.10000000000000311,0.6418547308527127
2025-08-19 05:00:00,0.30000000000000315,0.17491028353570892
2025-08-19 06:00:00,5.5000000000000036,0.22634258376339986
2025-08-19 07:00:00,5.600000000000003,0.3814429034227954
2025-08-19 08:00:00,5.700000000000004,0.16486054160856456
2025-08-19 09:00:00,5.700000000000004,0.313151675470122
2025-08-19 10:00:00,5.700000000000004,0.29982818319575655
2025-08-19 11:00:00,5.5000000000000036,0.7489466365006452
2025-08-19 12:00:00,0.3000000000000036,2.128100410989422
2025-08-19 13:00:00,0.20000000000000356,2.1838483655112872
2025-08-19 14:00:00,0.10000000000000356,1.66623637317254
2025-08-19 15:00:00,0.0,0.6801965967703967
2025-08-19 16:00:00,0.0,0.4527473740219696
2025-08-19 17:00:00,0.0,0.4270383580837287
2025-08-19 18:00:00,0.0,0.7680445864567917
2025-08-19 19:00:00,0.0,0.6313721694878844
2025-08-19 20:00:00,0.0,0.8934370971575085
2025-08-19 21:00:00,0.0,0.6606041797128276
2025-08-19 22:00:00,0.0,0.9584477754910147
2025-08-19 23:00:00,0.0,1.6375870326676265
2025-08-20 00:00:00,2.8000000000000034,2.3544569210504243
2025-08-20 01:00:00,2.9000000000000035,1.862442294146259
2025-08-20 02:00:00,3.2000000000000033,0.9776212339765775
2025-08-20 03:00:00,3.4000000000000035,1.0764779317360136
2025-08-20 04:00:00,3.600000000000003,0.9650057886851006
2025-08-20 05:00:00,3.9000000000000035,0.8519229737969073
2025-08-20 06:00:00,1.7000000000000035,3.758326958837719
2025-08-20 07:00:00,1.8000000000000034,2.9231312002778065
2025-08-20 08:00:00,1.6000000000000036,2.51299191049415
2025-08-20 09:00:00,1.4000000000000035,2.317685769237546
2025-08-20 10:00:00,1.2000000000000035,3.0261686124603435
2025-08-20 11:00:00,0.9000000000000035,3.0488447501806957
2025-08-20 12:00:00,0.3000000000000036,4.765151970626866
2025-08-20 13:00:00,0.10000000000000356,3.455285517973133
2025-08-20 14:00:00,0.0,2.9569032992878572
2025-08-20 15:00:00,0.0,3.549859195367013
2025-08-20 16:00:00,0.0,1.4565795223308777
2025-08-20 17:00:00,0.0,0.9774400546046693
2025-08-20 18:00:00,0.0,0.6572087677499152
2025-08-20 19:00:00,0.0,0.40706360710237266
2025-08-20 20:00:00,0.0,0.9907716778443931
2025-08-20 21:00:00,0.0,0.9079369728368215
2025-08-20 22:00:00,0.0,1.0606921497723738
2025-08-20 23:00:00,0.0,1.5258611738409873
2025-08-21 00:00:00,0.0,1.8091866523923825
2025-08-21 01:00:00,0.0,2.1726584341406494
2025-08-21 02:00:00,0.0,2.0706650169315473
2025-08-21 03:00:00,0.20000000000000356,1.3923125285012417
2025-08-21 04:00:00,0.20000000000000356,0.9995593558235044
2025-08-21 05:00:00,0.20000000000000356,1.4997636928344826
2025-08-21 06:00:00,0.20000000000000356,1.917758540260003
2025-08-21 07:00:00,0.3000000000000036,0.7798194759033444
2025-08-21 08:00:00,0.3000000000000036,0.6606434779751317
2025-08-21 09:00:00,0.10000000000000356,1.1797627182085493
2025-08-21 10:00:00,0.10000000000000356,1.0399598556856553
2025-08-21 11:00:00,0.10000000000000356,0.6428937710208055
2025-08-21 12:00:00,0.10000000000000356,0.3504731578917917
2025-08-21 13:00:00,0.0,0.2543845803266184
2025-08-21 14:00:00,0.0,0.20082334678684732
2025-08-21 15:00:00,0.0,0.10093393374866416
2025-08-21 16:00:00,0.0,0.18051192328363833
2025-08-21 17:00:00,0.0,0.4490137066373207
2025-08-21 18:00:00,0.0,0.5968385975651476
2025-08-21 19:00:00,0.0,0.4039455253470255
2025-08-21 20:00:00,0.0,0.2461709709935291
2025-08-21 21:00:00,0.0,0.230465095412719
2025-08-21 22:00:00,0.0,0.10468925536034122
2025-08-21 23:00:00,0.0,0.24472844135964553
2025-08-22 00:00:00,0.0,0.31779321866903953
2025-08-22 01:00:00,0.0,0.5445344240866714
2025-08-22 02:00:00,0.0,0.18319997539108782
2025-08-22 03:00:00,0.20000000000000356,0.5851951158520151
2025-08-22 04:00:00,0.4000000000000036,1.236557513364096
2025-08-22 05:00:00,0.4000000000000036,0.3842665575355737
2025-08-22 06:00:00,0.4000000000000036,0.6907456211130159
2025-08-22 07:00:00,0.4000000000000036,2.0181913224705603
2025-08-22 08:00:00,0.4000000000000036,2.107235516366226
2025-08-22 09:00:00,0.20000000000000356,1.7198623352593607
2025-08-22 10:00:00,1.4000000000000035,1.0415317423342458
2025-08-22 11:00:00,1.5000000000000036,0.9874236979359858
2025-08-22 12:00:00,1.5000000000000036,0.9177901439772146
2025-08-22 13:00:00,1.5000000000000036,1.2040782818062339
2025-08-22 14:00:00,1.5000000000000036,1.1251044579308325
2025-08-22 15:00:00,1.5000000000000036,1.8153702352619625
2025-08-22 16:00:00,0.10000000000000356,1.3189331617073832
2025-08-22 17:00:00,0.0,1.514984604254372
2025-08-22 18:00:00,0.0,1.4033973812318992
2025-08-22 19:00:00,0.0,1.7008279602434238
2025-08-22 20:00:00,0.0,1.8883076927313895
2025-08-22 21:00:00,0.0,2.448653572978306
2025-08-22 22:00:00,0.0,2.7676851510675573
2025-08-22 23:00:00,0.10000000000000356,2.261403909667478
2025-08-23 00:00:00,0.10000000000000356,1.975642755621927
2025-08-23 01:00:00,0.10000000000000356,2.0480853771269945
2025-08-23 02:00:00,0.20000000000000356,1.9119232518612386
2025-08-23 03:00:00,0.3000000000000036,1.670828420681494
2025-08-23 04:00:00,0.5000000000000036,3.0574464686086356
2025-08-23 05:00:00,0.5000000000000036,3.1185449707231894
2025-08-23 06:00:00,0.6000000000000036,2.5130606783430913
2025-08-23 07:00:00,4.5000000000000036,1.2254232982624034
2025-08-23 08:00:00,4.5000000000000036,1.599718723472597
2025-08-23 09:00:00,9.200000000000003,2.287986158583338
2025-08-23 10:00:00,9.000000000000004,3.1453739806508008
2025-08-23 11:00:00,8.900000000000002,2.360397966462983
2025-08-23 12:00:00,8.900000000000002,2.0668379595295874
2025-08-23 13:00:00,5.000000000000003,1.8476395000453498
2025-08-23 14:00:00,4.900000000000003,2.652340688423056
2025-08-23 15:00:00,0.6000000000000035,4.998905393204139
2025-08-23 16:00:00,0.7000000000000035,1.5660563353213588
2025-08-23 17:00:00,0.7000000000000035,1.6281379040097888
2025-08-23 18:00:00,0.6000000000000035,2.7721613958704623
2025-08-23 19:00:00,0.6000000000000035,3.2527621398717033
2025-08-23 20:00:00,0.6000000000000035,2.7279756777120814
2025-08-23 21:00:00,0.10000000000000356,4.005326824222234
2025-08-23 22:00:00,0.0,4.079860395987679
2025-08-23 23:00:00,0.0,4.149150719164371
2025-08-24 00:00:00,0.0,2.564918260672404
2025-08-24 01:00:00,0.0,1.8074497878246212
2025-08-24 02:00:00,0.0,1.7863764405923754
2025-08-24 03:00:00,0.5000000000000036,1.5192182400824168
2025-08-24 04:00:00,0.7000000000000035,1.7607858535693768
2025-08-24 05:00:00,6.400000000000004,1.8281263268420536
2025-08-24 06:00:00,13.400000000000004,0.7549340506105834
2025-08-24 07:00:00,17.300000000000004,0.8187562400062456
2025-08-24 08:00:00,17.500000000000004,0.914619355226195
2025-08-24 09:00:00,17.600000000000005,3.7535140483373994
2025-08-24 10:00:00,27.900000000000006,4.115141211174264
2025-08-24 11:00:00,27.400000000000002,2.9614196655932195
2025-08-24 12:00:00,20.400000000000006,6.196364260309946
2025-08-24 13:00:00,16.500000000000004,5.1792231832820566
2025-08-24 14:00:00,17.700000000000003,3.045478242706003
2025-08-24 15:00:00,17.1,4.050629152669043
2025-08-24 16:00:00,8.000000000000004,27.867365563756312
2025-08-24 17:00:00,3.0000000000000036,25.91853634920636
2025-08-24 18:00:00,3.5000000000000036,12.722287246852757
2025-08-24 19:00:00,3.600000000000003,10.675599321789313
2025-08-24 20:00:00,2.2000000000000033,7.502757687147024
2025-08-24 21:00:00,2.2000000000000033,6.809007974398798
2025-08-24 22:00:00,0.8000000000000036,14.951301269841272
2025-08-24 23:00:00,0.6000000000000036,9.05991204284561
2025-08-25 00:00:00,0.10000000000000361,9.66573270840118
2025-08-25 01:00:00,0.0,7.215663380303052
2025-08-25 02:00:00,0.10000000000000361,5.748664765669488
2025-08-25 03:00:00,0.10000000000000361,5.275525394116585
2025-08-25 04:00:00,0.10000000000000361,6.162927554509162
2025-08-25 05:00:00,1.2000000000000037,3.268859354573804
2025-08-25 06:00:00,1.3000000000000038,5.154707878216407
2025-08-25 07:00:00,2.800000000000004,3.942538156747859
2025-08-25 08:00:00,2.900000000000004,4.452311710439331
2025-08-25 09:00:00,3.2000000000000037,3.329964509073666
2025-08-25 10:00:00,7.100000000000003,4.093526641074703
2025-08-25 11:00:00,11.100000000000003,6.055430530147331
2025-08-25 12:00:00,11.000000000000004,7.029966123397933
2025-08-25 13:00:00,9.500000000000004,4.549301847160323
2025-08-25 14:00:00,9.400000000000002,4.209868117655589
2025-08-25 15:00:00,9.200000000000001,6.440944832142382
2025-08-25 16:00:00,5.400000000000003,4.9724522765186165
2025-08-25 17:00:00,0.3000000000000036,7.015521831711164
2025-08-25 18:00:00,0.6000000000000035,6.060884925292545
2025-08-25 19:00:00,4.400000000000003,3.4004738635055807
2025-08-25 20:00:00,13.900000000000002,1.7471726143720396
2025-08-25 21:00:00,14.400000000000004,4.183741319651068
2025-08-25 22:00:00,14.500000000000004,3.569424769662233
2025-08-25 23:00:00,14.700000000000003,4.476544888780701
2025-08-26 00:00:00,16.100000000000005,4.813800236661239
2025-08-26 01:00:00,14.000000000000004,7.866918856558643
2025-08-26 02:00:00,5.700000000000004,11.21805371184371
2025-08-26 03:00:00,5.300000000000004,9.699162510238294
2025-08-26 04:00:00,5.300000000000003,10.296386656111405
2025-08-26 05:00:00,5.400000000000004,6.043875450678855
2025-08-26 06:00:00,3.9000000000000035,5.623414536904486
2025-08-26 07:00:00,4.5000000000000036,5.255550526688169
2025-08-26 08:00:00,3.7000000000000037,5.693182607674917
2025-08-26 09:00:00,5.300000000000003,5.010663303608986
2025-08-26 10:00:00,5.100000000000003,4.173450047754438
2025-08-26 11:00:00,4.800000000000003,3.984564851302884
2025-08-26 12:00:00,4.600000000000003,4.527450120093339
2025-08-26 13:00:00,2.3000000000000034,3.21213894798026
2025-08-26 14:00:00,1.8000000000000036,3.501633068963179
2025-08-26 15:00:00,0.0,3.123539591213212
2025-08-26 16:00:00,0.0,2.5572972189828054
2025-08-26 17:00:00,0.0,2.6669876102539827
2025-08-26 18:00:00,0.0,0.584753081063322
2025-08-26 19:00:00,0.0,0.7367753319865361
2025-08-26 20:00:00,0.0,1.252588327965961
2025-08-26 21:00:00,0.0,1.744195468494795
2025-08-26 22:00:00,0.0,1.795687962809073
2025-08-26 23:00:00,0.10000000000000356,1.685173401173179
2025-08-27 00:00:00,0.10000000000000356,3.0824265869251057
2025-08-27 01:00:00,0.10000000000000356,3.239596712354534
2025-08-27 02:00:00,0.10000000000000356,1.4528920759493171
2025-08-27 03:00:00,0.10000000000000356,1.07723842991831
2025-08-27 04:00:00,0.20000000000000356,1.3689879322282514
2025-08-27 05:00:00,0.20000000000000356,2.85019432629996
2025-08-27 06:00:00,0.3000000000000036,3.0422320416659034
2025-08-27 07:00:00,0.3000000000000036,2.3496916206275786
2025-08-27 08:00:00,0.3000000000000036,1.822796018778828
2025-08-27 09:00:00,0.3000000000000036,1.4919187273074908
2025-08-27 10:00:00,0.20000000000000356,3.1725071788322086
2025-08-27 11:00:00,0.10000000000000356,3.651949251556995
2025-08-27 12:00:00,0.10000000000000356,2.662899682385695
2025-08-27 13:00:00,0.10000000000000356,1.8100322188125617
2025-08-27 14:00:00,0.10000000000000356,0.6706056057329107
2025-08-27 15:00:00,0.10000000000000356,0.4359178904728424
2025-08-27 16:00:00,0.10000000000000356,0.6267618764336563
2025-08-27 17:00:00,0.10000000000000356,0.27935710501882194
2025-08-27 18:00:00,0.0,0.9785501651331664
2025-08-27 19:00:00,0.0,0.722732384020219
2025-08-27 20:00:00,0.0,0.1554556476764858
2025-08-27 21:00:00,0.0,0.6512936844441486
2025-08-27 22:00:00,0.0,1.1126571294467777
2025-08-27 23:00:00,5.200000000000004,0.7329922185814237
2025-08-28 00:00:00,5.200000000000004,0.598343311160264
2025-08-28 01:00:00,5.200000000000004,0.5730078734793365
2025-08-28 02:00:00,5.200000000000004,1.294136401385345
2025-08-28 03:00:00,5.200000000000004,1.3789970771112101
2025-08-28 04:00:00,5.300000000000003,1.3226045701038949
2025-08-28 05:00:00,0.20000000000000356,5.524664701671609
2025-08-28 06:00:00,0.3000000000000036,3.0112140404231322
2025-08-28 07:00:00,0.6000000000000035,3.193205770551849
2025-08-28 08:00:00,0.6000000000000035,1.9343551651819
2025-08-28 09:00:00,0.6000000000000035,1.594267367534591
2025-08-28 10:00:00,0.5000000000000036,1.5263263881241342
2025-08-28 11:00:00,1.0000000000000036,3.6482648307361214
2025-08-28 12:00:00,0.9000000000000035,2.858524632567703
2025-08-28 13:00:00,0.6000000000000034,2.695158097225492
2025-08-28 14:00:00,0.6000000000000034,2.468131149452852
2025-08-28 15:00:00,0.6000000000000034,3.2437584943772673
2025-08-28 16:00:00,0.6000000000000034,2.4235673286894626
2025-08-28 17:00:00,0.0,5.038541861124642
2025-08-28 18:00:00,0.0,2.6174870412111697
2025-08-28 19:00:00,0.30000000000000343,2.657805620213335
2025-08-28 20:00:00,3.4000000000000035,1.2089396549926592
2025-08-28 21:00:00,4.5000000000000036,1.4257155214980384
2025-08-28 22:00:00,6.100000000000003,1.797245488872096
2025-08-28 23:00:00,13.200000000000003,2.0502155091855254
2025-08-29 00:00:00,13.300000000000002,1.6393555172159664
2025-08-29 01:00:00,13.100000000000001,3.301531997411997
2025-08-29 02:00:00,11.300000000000002,3.8281699740888646
2025-08-29 03:00:00,11.100000000000003,3.932281671933852
2025-08-29 04:00:00,9.700000000000003,3.2640718241987763
2025-08-29 05:00:00,7.900000000000003,5.133198556060299
2025-08-29 06:00:00,8.200000000000003,2.58894452487372
2025-08-29 07:00:00,8.300000000000004,3.549110011802218
2025-08-29 08:00:00,7.200000000000003,3.85067650093917
2025-08-29 09:00:00,6.400000000000003,2.0612511536727323
2025-08-29 10:00:00,6.200000000000004,2.709518157645802
2025-08-29 11:00:00,0.9000000000000036,2.855938757914259
2025-08-29 12:00:00,0.5000000000000036,3.0175128327293583
2025-08-29 13:00:00,0.3000000000000036,2.7460040462586353
2025-08-29 14:00:00,0.10000000000000356,3.4667299072797775
2025-08-29 15:00:00,0.0,2.546121624682971
2025-08-29 16:00:00,0.0,2.055548481679519
2025-08-29 17:00:00,0.10000000000000356,1.9143692389205234
2025-08-29 18:00:00,0.5000000000000036,0.9204361705727608
2025-08-29 19:00:00,0.6000000000000035,0.9646833293315805
2025-08-29 20:00:00,2.1000000000000036,0.8165113326515804
2025-08-29 21:00:00,2.6000000000000036,1.0453921898422796
2025-08-29 22:00:00,2.800000000000004,1.338697973086347
2025-08-29 23:00:00,4.600000000000003,3.69681135403467
2025-08-30 00:00:00,4.200000000000003,5.266641501468147
2025-08-30 01:00:00,4.100000000000003,5.035784056373049
2025-08-30 02:00:00,2.600000000000003,7.95388500280361
2025-08-30 03:00:00,2.100000000000003,6.0203887018538715
2025-08-30 04:00:00,1.9000000000000035,4.568220165204901
2025-08-30 05:00:00,0.0,4.909105962125665
2025-08-30 06:00:00,0.0,2.3131147671356085
2025-08-30 07:00:00,0.0,3.133232398993939
2025-08-30 08:00:00,0.0,2.5680297597365764
2025-08-30 09:00:00,0.0,3.0562081644884467
2025-08-30 10:00:00,0.0,2.878198803949785
2025-08-30 11:00:00,0.0,2.721698189872063
2025-08-30 12:00:00,0.0,1.9809493584748634
2025-08-30 13:00:00,0.0,1.7026446897437386
2025-08-30 14:00:00,0.0,1.745789370747681
2025-08-30 15:00:00,0.0,2.034769926867317
2025-08-30 16:00:00,0.0,1.7461733761732756
2025-08-30 17:00:00,0.0,1.717578177227075
2025-08-30 18:00:00,0.0,1.5994036374113694
2025-08-30 19:00:00,0.0,1.0749703149669945
2025-08-30 20:00:00,0.0,2.1467269619265665
2025-08-30 21:00:00,0.0,2.4871898581381595
2025-08-30 22:00:00,0.0,2.438677196136797
2025-08-30 23:00:00,0.0,2.4105823994011284
2025-08-31 00:00:00,0.10000000000000356,1.9972082371032194
2025-08-31 01:00:00,0.10000000000000356,2.091663332156441
2025-08-31 02:00:00,0.20000000000000356,1.8705433137960377
2025-08-31 03:00:00,3.0000000000000036,1.8356528677962334
2025-08-31 04:00:00,8.200000000000003,2.9574002731066042
2025-08-31 05:00:00,10.100000000000003,1.1613995509249606
2025-08-31 06:00:00,10.200000000000005,0.8326861045341517
2025-08-31 07:00:00,10.200000000000005,1.5821192426371828
2025-08-31 08:00:00,11.600000000000005,0.9022047008478915
2025-08-31 09:00:00,9.300000000000004,2.6470946970899596
2025-08-31 10:00:00,4.800000000000003,2.8835644861190284
2025-08-31 11:00:00,2.9000000000000035,2.4624477665649396
2025-08-31 12:00:00,2.8000000000000034,2.2337737229496164
2025-08-31 13:00:00,2.8000000000000034,4.265394022603586
2025-08-31 14:00:00,1.3000000000000036,2.67275468743941
2025-08-31 15:00:00,0.8000000000000035,2.8117720911338266
2025-08-31 16:00:00,0.10000000000000356,2.408534620534832
2025-08-31 17:00:00,0.10000000000000356,2.1948678289504917
2025-08-31 18:00:00,0.0,1.1449556072341691
2025-08-31 19:00:00,0.10000000000000356,2.294624081238349
2025-08-31 20:00:00,2.5000000000000036,3.4270159406236163
2025-08-31 21:00:00,4.800000000000003,3.004019174042128
2025-08-31 22:00:00,6.700000000000003,1.9093647718631914
2025-08-31 23:00:00,9.200000000000003,2.0961827024693096
2025-09-01 00:00:00,12.600000000000003,3.2465013504193907
2025-09-01 01:00:00,14.800000000000004,3.1744339651654685
2025-09-01 02:00:00,14.200000000000003,6.833514270854672
2025-09-01 03:00:00,16.5,7.267959811476951
2025-09-01 04:00:00,18.1,6.294300809516038
2025-09-01 05:00:00,18.200000000000003,6.584225493406869
2025-09-01 06:00:00,21.800000000000004,8.611067263408941
2025-09-01 07:00:00,20.200000000000003,7.6625773736496905
2025-09-01 08:00:00,25.6,10.09582506818238
2025-09-01 09:00:00,21.500000000000004,9.741645432164935
2025-09-01 10:00:00,18.300000000000004,10.866264499968628
2025-09-01 11:00:00,15.800000000000004,10.843595127674252
2025-09-01 12:00:00,9.500000000000004,37.42996873015873
2025-09-01 13:00:00,8.800000000000004,35.77388669467787
2025-09-01 14:00:00,1.6000000000000036,25.99953095238095
2025-09-01 15:00:00,1.1000000000000036,26.401097619047597
2025-09-01 16:00:00,1.4000000000000035,28.82976525807524
2025-09-01 17:00:00,3.400000000000004,7.1225609678976065
2025-09-01 18:00:00,6.300000000000003,12.187382395125073
2025-09-01 19:00:00,10.900000000000002,9.450031165974103
2025-09-01 20:00:00,13.800000000000002,8.326512557196985
2025-09-01 21:00:00,15.000000000000004,5.151647857658494
2025-09-01 22:00:00,16.000000000000004,9.24468779301429
2025-09-01 23:00:00,18.0,10.630021159211159
2025-09-02 00:00:00,14.800000000000002,12.310197468457474
2025-09-02 01:00:00,10.500000000000002,13.430618103378105
2025-09-02 02:00:00,7.8000000000000025,12.603919609279608
2025-09-02 03:00:00,6.900000000000003,12.867000085470092
2025-09-02 04:00:00,5.600000000000002,11.831117069597065
2025-09-02 05:00:00,3.0000000000000027,12.750461514041508
2025-09-02 06:00:00,3.6000000000000028,7.633765047430776
2025-09-02 07:00:00,3.5000000000000027,5.388117603080536
2025-09-02 08:00:00,4.200000000000003,4.09139996562366
2025-09-02 09:00:00,4.700000000000003,3.718487434773408
2025-09-02 10:00:00,4.600000000000003,3.5662404394527947
2025-09-02 11:00:00,3.1000000000000028,6.579704262252853
2025-09-02 12:00:00,3.400000000000003,5.215184224549987
2025-09-02 13:00:00,6.8000000000000025,3.757793794359
2025-09-02 14:00:00,8.000000000000002,5.753133920345812
2025-09-02 15:00:00,10.500000000000002,4.045505054603533
2025-09-02 16:00:00,12.800000000000002,3.115954340332063
2025-09-02 17:00:00,14.800000000000002,3.3914083562237143
2025-09-02 18:00:00,14.700000000000003,6.973540476954368
2025-09-02 19:00:00,11.600000000000003,7.468010415451654
2025-09-02 20:00:00,9.600000000000003,6.797380553619745
2025-09-02 21:00:00,6.400000000000002,7.409737851463416
2025-09-02 22:00:00,3.9000000000000026,7.097672157065826
2025-09-02 23:00:00,1.9000000000000026,8.032126479236027
2025-09-03 00:00:00,4.500000000000003,8.266073968253965
2025-09-03 01:00:00,4.100000000000002,9.187467659673663
2025-09-03 02:00:00,5.800000000000003,7.860693669960811
2025-09-03 03:00:00,10.800000000000002,3.536645978359726
2025-09-03 04:00:00,10.900000000000002,3.1128441882539377
2025-09-03 05:00:00,11.500000000000002,3.010975984086477
2025-09-03 06:00:00,8.600000000000003,5.988655378287155
2025-09-03 07:00:00,8.900000000000002,5.042413638115688
2025-09-03 08:00:00,7.3000000000000025,5.361116058664774
2025-09-03 09:00:00,2.3000000000000025,4.316092616389173
2025-09-03 10:00:00,2.2000000000000024,5.563327468388491
2025-09-03 11:00:00,1.6000000000000028,3.6190521808515776
2025-09-03 12:00:00,3.1000000000000028,4.15008508379461
2025-09-03 13:00:00,5.000000000000003,3.84370528860477
2025-09-03 14:00:00,6.900000000000002,2.8109193398858894
2025-09-03 15:00:00,8.200000000000003,2.0768393027162446
2025-09-03 16:00:00,8.500000000000004,1.2282954056574111
2025-09-03 17:00:00,8.500000000000004,0.9305301029710396
2025-09-03 18:00:00,6.100000000000002,6.040000694143901
2025-09-03 19:00:00,4.000000000000003,4.995994796480764
2025-09-03 20:00:00,1.9000000000000026,5.743179139228218
2025-09-03 21:00:00,0.5000000000000027,5.4871390077524875
2025-09-03 22:00:00,0.20000000000000268,3.766627395279489
2025-09-03 23:00:00,0.20000000000000268,5.5913639053839335
2025-09-04 00:00:00,0.7000000000000026,2.051725154125348
2025-09-04 01:00:00,0.5000000000000027,1.9712208801821132
2025-09-04 02:00:00,0.5000000000000027,3.263971935928316
2025-09-04 03:00:00,0.5000000000000027,3.529767091841735
2025-09-04 04:00:00,0.5000000000000027,1.7190124855273519
2025-09-04 05:00:00,0.5000000000000027,0.9553360205321488
2025-09-04 06:00:00,0.0,2.1380766123930868
2025-09-04 07:00:00,0.10000000000000273,3.0362266660571855
2025-09-04 08:00:00,1.5000000000000027,2.260541900341859
2025-09-04 09:00:00,1.5000000000000027,2.448412440345555
2025-09-04 10:00:00,1.5000000000000027,1.4560960139475552
2025-09-04 11:00:00,1.5000000000000027,1.2402387170444318
2025-09-04 12:00:00,1.5000000000000027,1.3524015731844952
2025-09-04 13:00:00,1.4000000000000026,2.2672300917813244
2025-09-04 14:00:00,0.0,2.7605295906749667
2025-09-04 15:00:00,0.0,1.3243287721977792
2025-09-04 16:00:00,0.0,1.2734170361419808
2025-09-04 17:00:00,0.0,0.6308822988741284
2025-09-04 18:00:00,0.0,0.5679726303196183
2025-09-04 19:00:00,0.0,0.643784305399316
2025-09-04 20:00:00,0.0,1.3888065861504457
2025-09-04 21:00:00,0.0,0.7468190704635108
2025-09-04 22:00:00,0.0,0.8580746267755179
2025-09-04 23:00:00,0.0,2.934400455099025
2025-09-05 00:00:00,0.0,1.6541077864063265
2025-09-05 01:00:00,0.0,0.10057282949142242
2025-09-05 02:00:00,0.0,0.3171822283865261
2025-09-05 03:00:00,0.0,0.42287865598419183
2025-09-05 04:00:00,0.0,0.39841093752823553
2025-09-05 05:00:00,0.10000000000000267,0.4481142307303527
2025-09-05 06:00:00,0.5000000000000027,0.9631370113929716
2025-09-05 07:00:00,0.5000000000000027,0.7667156468976836
2025-09-05 08:00:00,0.6000000000000026,1.158426088618564
2025-09-05 09:00:00,0.7000000000000026,1.0452964637434774
2025-09-05 10:00:00,1.2000000000000026,0.8518998467003143
2025-09-05 11:00:00,1.1000000000000025,1.01737716841417
2025-09-05 12:00:00,0.7000000000000026,1.2489527565665086
2025-09-05 13:00:00,0.7000000000000026,1.0533332058045173
2025-09-05 14:00:00,0.6000000000000026,0.6314992257970597
2025-09-05 15:00:00,0.5000000000000027,0.3026557327610371
2025-09-05 16:00:00,0.0,0.5493216134318668
2025-09-05 17:00:00,0.0,0.6105897822128833
2025-09-05 18:00:00,0.0,1.7466422989458084
2025-09-05 19:00:00,0.0,0.9348301387498307
2025-09-05 20:00:00,0.0,0.7133242442792431
2025-09-05 21:00:00,0.0,0.681771029355333
2025-09-05 22:00:00,0.0,0.8837892175252884
2025-09-05 23:00:00,0.0,0.820091012652198
2025-09-06 00:00:00,0.0,1.5355190944533204
2025-09-06 01:00:00,0.0,0.8325102110650574
2025-09-06 02:00:00,0.0,0.5983862781848838
2025-09-06 03:00:00,0.0,0.6009319457592838
2025-09-06 04:00:00,0.20000000000000268,1.1558565244533177
2025-09-06 05:00:00,0.3000000000000027,0.7980542319570316
2025-09-06 06:00:00,0.4000000000000027,0.4903591052445421
2025-09-06 07:00:00,0.4000000000000027,0.6671014372855292
2025-09-06 08:00:00,0.9000000000000027,0.6981396356626827
2025-09-06 09:00:00,1.3000000000000027,0.6484578495679588
2025-09-06 10:00:00,1.8000000000000027,1.4222962636891636
2025-09-06 11:00:00,2.6000000000000028,1.452937605079887
2025-09-06 12:00:00,3.5000000000000027,1.6907212454036273
2025-09-06 13:00:00,3.5000000000000027,1.0350220631464555
2025-09-06 14:00:00,3.0000000000000027,0.9194797844707545
2025-09-06 15:00:00,2.6000000000000028,0.8283088405347572
2025-09-06 16:00:00,1.9000000000000026,0.4168561160547733
2025-09-06 17:00:00,1.0000000000000027,0.6560960643538275
2025-09-06 18:00:00,0.0,1.3604977396773885
2025-09-06 19:00:00,0.0,2.6466794873854673
2025-09-06 20:00:00,0.0,2.553132173838964
2025-09-06 21:00:00,0.0,1.7273239490460672
2025-09-06 22:00:00,0.0,1.7577754037244613
2025-09-06 23:00:00,0.9000000000000028,1.776824234292289
2025-09-07 00:00:00,0.9000000000000028,3.794328619846933
2025-09-07 01:00:00,0.9000000000000028,3.596028901694167
2025-09-07 02:00:00,0.9000000000000028,3.209005792427677
2025-09-07 03:00:00,0.9000000000000028,0.8227464676984377
2025-09-07 04:00:00,0.9000000000000028,0.6781809469057533
2025-09-07 05:00:00,0.0,5.572681993904419
2025-09-07 06:00:00,0.10000000000000278,2.2957519335813457
2025-09-07 07:00:00,0.2000000000000028,2.360819095725842
2025-09-07 08:00:00,0.3000000000000028,1.4903454866102266
2025-09-07 09:00:00,0.3000000000000028,1.3066695906546109
2025-09-07 10:00:00,0.3000000000000028,1.3492880573207826
2025-09-07 11:00:00,0.3000000000000028,1.5238067917716436
2025-09-07 12:00:00,0.3000000000000028,1.475777380896042
2025-09-07 13:00:00,0.2000000000000028,1.3920960733123506
2025-09-07 14:00:00,0.10000000000000278,1.9080337901582058
2025-09-07 15:00:00,0.10000000000000278,0.8913703880484127
2025-09-07 16:00:00,0.10000000000000278,0.6624032832845784
2025-09-07 17:00:00,0.10000000000000278,1.4945045734319606
2025-09-07 18:00:00,0.0,1.102445892500698
2025-09-07 19:00:00,0.0,1.3972752067712628
2025-09-07 20:00:00,0.0,0.7512607598771448
2025-09-07 21:00:00,0.0,0.2484250435635679
2025-09-07 22:00:00,0.0,0.35043015625801943
2025-09-07 23:00:00,0.10000000000000278,0.12492661608348024
2025-09-08 00:00:00,0.10000000000000278,0.4378441890100314
2025-09-08 01:00:00,0.10000000000000278,0.04258371289535169
2025-09-08 02:00:00,0.10000000000000278,0.04584571911519734
2025-09-08 03:00:00,0.10000000000000278,0.05858111712458455
2025-09-08 04:00:00,0.2000000000000028,0.5473216912283896
2025-09-08 05:00:00,0.2000000000000028,1.1512553051275183
2025-09-08 06:00:00,0.3000000000000028,0.7851808014527694
2025-09-08 07:00:00,0.5000000000000028,0.4260901902490037
2025-09-08 08:00:00,0.6000000000000028,0.32729011940134645
2025-09-08 09:00:00,0.8000000000000028,0.6276988230778011
2025-09-08 10:00:00,0.8000000000000028,0.9499377361416849
2025-09-08 11:00:00,0.7000000000000028,1.3776693719552695
2025-09-08 12:00:00,0.7000000000000028,1.2461402808768576
2025-09-08 13:00:00,0.5000000000000029,1.5288832091230935
2025-09-08 14:00:00,0.4000000000000028,1.1391631561450861
2025-09-08 15:00:00,0.2000000000000028,0.8232969257401419
2025-09-08 16:00:00,0.10000000000000278,0.7440499221871842
2025-09-08 17:00:00,0.10000000000000278,0.48788917502272905
2025-09-08 18:00:00,0.0,1.7121104320242464
2025-09-08 19:00:00,0.0,1.3207933318866145
2025-09-08 20:00:00,0.0,1.3047042395312494
2025-09-08 21:00:00,0.0,1.5620383529075088
2025-09-08 22:00:00,0.0,1.533000790884338
2025-09-08 23:00:00,0.0,1.9016310669301832
2025-09-09 00:00:00,0.0,1.9644634237558798
2025-09-09 01:00:00,0.0,1.0905700556435747
2025-09-09 02:00:00,0.0,0.12020882364152567
2025-09-09 03:00:00,0.0,0.11460854560692409
2025-09-09 04:00:00,0.10000000000000278,0.08794417400127524
2025-09-09 05:00:00,0.4000000000000028,0.0861232996383172
2025-09-09 06:00:00,0.40000000000000274,0.3937928106984471
2025-09-09 07:00:00,0.40000000000000274,0.4331332676896417
2025-09-09 08:00:00,0.40000000000000274,0.2572955991956036
2025-09-09 09:00:00,0.5000000000000028,0.6900430114904059
2025-09-09 10:00:00,0.5000000000000028,1.1477709187073732
2025-09-09 11:00:00,0.20000000000000273,1.5265158596878212
2025-09-09 12:00:00,0.20000000000000273,1.222743618049661
2025-09-09 13:00:00,0.20000000000000273,0.8123641052961056
2025-09-09 14:00:00,0.20000000000000273,0.4384676225349336
2025-09-09 15:00:00,0.10000000000000273,0.4487994895618006
2025-09-09 16:00:00,0.0,0.2655660582834723
2025-09-09 17:00:00,0.0,0.2423657248690417
2025-09-09 18:00:00,0.0,0.26145944857185094
2025-09-09 19:00:00,0.0,0.2002036492879595
2025-09-09 20:00:00,0.0,0.22568102225373127
2025-09-09 21:00:00,0.0,0.18978337145407098
2025-09-09 22:00:00,0.0,0.13416560927702123
2025-09-09 23:00:00,0.0,0.17917352499916306
2025-09-10 00:00:00,0.0,0.6027779718048848
2025-09-10 01:00:00,0.0,0.3738048679881478
2025-09-10 02:00:00,0.0,0.42956122127601615
2025-09-10 03:00:00,0.0,0.2476862403540198
2025-09-10 04:00:00,0.0,0.3029544337251521
2025-09-10 05:00:00,0.0,0.3050799621519991
2025-09-10 06:00:00,0.0,0.7931628571566461
2025-09-10 07:00:00,0.0,0.9706802416750371
2025-09-10 08:00:00,0.0,0.8113288942124088
2025-09-10 09:00:00,0.0,1.3875049319608213
2025-09-10 10:00:00,0.0,0.7146062757041396
2025-09-10 11:00:00,0.0,0.3440348709434524
2025-09-10 12:00:00,0.0,0.28262197090697944
2025-09-10 13:00:00,0.0,0.23983837972349972
2025-09-10 14:00:00,0.0,0.13238778630635176
2025-09-10 15:00:00,0.0,0.5386632582380159
2025-09-10 16:00:00,0.0,0.145639560161664
2025-09-10 17:00:00,0.0,0.09265985324889034
2025-09-10 18:00:00,0.0,0.12333741621019022
2025-09-10 19:00:00,0.0,0.08895073116570751
2025-09-10 20:00:00,0.0,0.010940619904441156
2025-09-10 21:00:00,0.0,0.010591041106566515
2025-09-10 22:00:00,0.0,0.013101380471816939
2025-09-10 23:00:00,0.0,0.001758477418282069
2025-09-11 00:00:00,0.0,0.1495107414772657
2025-09-11 01:00:00,0.0,0.032227158292295006
2025-09-11 02:00:00,0.0,0.04487258196162873
2025-09-11 03:00:00,0.0,0.01186358530406056
2025-09-11 04:00:00,0.0,0.21968342114199801
2025-09-11 05:00:00,0.0,0.13891433314490273
2025-09-11 06:00:00,0.0,0.19454661994334174
2025-09-11 07:00:00,0.0,0.20478199969416777
2025-09-11 08:00:00,0.0,0.204806476465979
2025-09-11 09:00:00,0.0,0.2046825403805651
2025-09-11 10:00:00,0.0,0.24931438850820575
2025-09-11 11:00:00,0.0,0.2547427847250775
2025-09-11 12:00:00,0.0,0.16389242885259495
2025-09-11 13:00:00,0.0,0.195692790137804
2025-09-11 14:00:00,0.0,0.1599582040039589
2025-09-11 15:00:00,0.0,0.10333613161601647
2025-09-11 16:00:00,0.0,0.06914185749211858
2025-09-11 17:00:00,0.0,0.07550243751102921
2025-09-11 18:00:00,0.0,0.10160789710847332
2025-09-11 19:00:00,0.0,0.07262449026069107
2025-09-11 20:00:00,0.0,0.11257855327521506
2025-09-11 21:00:00,0.0,0.06149323181617884
2025-09-11 22:00:00,0.0,0.05817468885447222
2025-09-11 23:00:00,0.0,0.11643796740974803
2025-09-12 00:00:00,0.0,0.21924244792601583
2025-09-12 01:00:00,0.0,0.09963590892890864
2025-09-12 02:00:00,0.0,0.09749839656442497
2025-09-12 03:00:00,0.0,0.10667865253609618
2025-09-12 04:00:00,0.10000000000000273,0.10211841377030122
2025-09-12 05:00:00,0.20000000000000273,0.1086396601258724
2025-09-12 06:00:00,0.3000000000000027,0.031891733404734106
2025-09-12 07:00:00,0.40000000000000274,0.16191062760188585
2025-09-12 08:00:00,0.40000000000000274,0.14325904313078897
2025-09-12 09:00:00,0.40000000000000274,0.067278785710436
2025-09-12 10:00:00,0.3000000000000027,0.6430714535327016
2025-09-12 11:00:00,0.20000000000000273,0.9453365890263551
2025-09-12 12:00:00,0.10000000000000273,0.542980148732611
2025-09-12 13:00:00,0.0,0.354076503721802
2025-09-12 14:00:00,0.0,0.08584963100049414
2025-09-12 15:00:00,0.0,0.018511838212134823
2025-09-12 16:00:00,0.0,0.09273943717927599
2025-09-12 17:00:00,0.0,0.5114708592168057
2025-09-12 18:00:00,0.0,0.8611136251790842
2025-09-12 19:00:00,0.0,0.7979948758782611
2025-09-12 20:00:00,0.0,0.48103437965409485
2025-09-12 21:00:00,0.0,0.6445884058882091
2025-09-12 22:00:00,0.0,0.6085342932397065
2025-09-12 23:00:00,0.0,2.728919961097922
2025-09-13 00:00:00,0.0,1.3645837831005385
2025-09-13 01:00:00,0.0,1.2247015314132121
2025-09-13 02:00:00,0.0,1.0597276141816934
2025-09-13 03:00:00,0.0,0.25595132877148885
2025-09-13 04:00:00,0.0,0.14051651438100707
2025-09-13 05:00:00,0.0,0.12606120457212544
2025-09-13 06:00:00,0.0,0.5983222223095336
2025-09-13 07:00:00,0.0,2.198895071552958
2025-09-13 08:00:00,0.0,0.8894070991548485
2025-09-13 09:00:00,0.0,0.4759221178151637
2025-09-13 10:00:00,0.0,0.46721920079809043
2025-09-13 11:00:00,0.0,0.2529336892065841
2025-09-13 12:00:00,0.0,0.09634230551031402
2025-09-13 13:00:00,0.0,0.07909035641313197
2025-09-13 14:00:00,0.0,0.050342946206965875
2025-09-13 15:00:00,0.0,0.09529453776570453
2025-09-13 16:00:00,0.0,0.10007534855929247
2025-09-13 17:00:00,0.0,0.04655177904392718
2025-09-13 18:00:00,0.0,0.04803362764500216
2025-09-13 19:00:00,0.0,0.04834564922150155
2025-09-13 20:00:00,0.0,0.13256788799950442
2025-09-13 21:00:00,0.0,0.16004491644589838
2025-09-13 22:00:00,0.0,0.1585436598772743
2025-09-13 23:00:00,0.0,0.2082108156538864
2025-09-14 00:00:00,0.3000000000000027,0.598073707882871
2025-09-14 01:00:00,0.4000000000000027,0.7369931093165322
2025-09-14 02:00:00,0.4000000000000027,0.8943240543321858
2025-09-14 03:00:00,0.4000000000000027,0.38076216334273505
2025-09-14 04:00:00,0.4000000000000027,0.06598871713119034
2025-09-14 05:00:00,0.5000000000000027,0.16322869150128494
2025-09-14 06:00:00,0.40000000000000274,1.3939161933151312
2025-09-14 07:00:00,0.4000000000000027,1.7168364501092268
2025-09-14 08:00:00,0.4000000000000027,1.3698741666319316
2025-09-14 09:00:00,0.4000000000000027,1.0500599388315879
2025-09-14 10:00:00,0.4000000000000027,0.45155724044636053
2025-09-14 11:00:00,0.3000000000000027,0.8797681114756727
2025-09-14 12:00:00,0.10000000000000273,0.8404753227427517
2025-09-14 13:00:00,0.0,0.6458978563962953
2025-09-14 14:00:00,0.0,0.23842504707603096
2025-09-14 15:00:00,0.0,0.18051469314345828
2025-09-14 16:00:00,0.0,0.10133542782200589
2025-09-14 17:00:00,0.0,0.18625322388982904
2025-09-14 18:00:00,0.0,0.5177840200961092
2025-09-14 19:00:00,0.0,1.6094880071375917
2025-09-14 20:00:00,0.0,1.634491089976546
2025-09-14 21:00:00,0.0,2.268350400705328
2025-09-14 22:00:00,0.0,2.853057546247281
2025-09-14 23:00:00,0.0,2.155454229514791
2025-09-15 00:00:00,0.0,1.5721648049933061
2025-09-15 01:00:00,0.0,2.5548346077421953
2025-09-15 02:00:00,0.0,1.0130788448694046
2025-09-15 03:00:00,0.0,0.8450764480663846
2025-09-15 04:00:00,0.0,0.7510809576629784
2025-09-15 05:00:00,0.0,0.46159108691590833
2025-09-15 06:00:00,0.0,0.52575091140673
2025-09-15 07:00:00,0.0,1.0984505111742175
2025-09-15 08:00:00,0.0,0.5219935790491064
2025-09-15 09:00:00,0.0,0.4735429476764322
2025-09-15 10:00:00,0.0,0.2610217039052827
2025-09-15 11:00:00,0.0,0.25166963541275655
2025-09-15 12:00:00,0.0,0.1523741306356391
2025-09-15 13:00:00,0.0,0.09213641111711292
2025-09-15 14:00:00,0.0,0.00540500574553969
2025-09-15 15:00:00,0.0,0.003774291228858234
2025-09-15 16:00:00,0.0,0.011846524480804343
2025-09-15 17:00:00,0.0,0.0010532135391903945
2025-09-15 18:00:00,0.0,0.05543390469274645
2025-09-15 19:00:00,0.0,0.10809451264879325
2025-09-15 20:00:00,0.0,0.24160340680477682
2025-09-15 21:00:00,0.0,0.12943713583068087
2025-09-15 22:00:00,0.0,0.5732304796923956
2025-09-15 23:00:00,0.0,0.048750286862465145
2025-09-16 00:00:00,0.0,0.14267797115517153
2025-09-16 01:00:00,0.0,0.6050357156028159
2025-09-16 02:00:00,0.0,1.0416296324058998
2025-09-16 03:00:00,0.0,0.2451274204656868
2025-09-16 04:00:00,0.10000000000000273,0.23997104454060994
2025-09-16 05:00:00,0.10000000000000273,0.2402524627896073
2025-09-16 06:00:00,0.10000000000000273,0.1851858602206701
2025-09-16 07:00:00,0.10000000000000273,0.15769201520953718
2025-09-16 08:00:00,0.20000000000000273,0.2577359179360424
2025-09-16 09:00:00,0.6000000000000028,0.36688029935725236
2025-09-16 10:00:00,0.6000000000000028,0.40965807972541013
2025-09-16 11:00:00,0.6000000000000028,0.26655552150596545
2025-09-16 12:00:00,0.6000000000000028,0.14422233287434144
2025-09-16 13:00:00,0.6000000000000028,0.09188521606558972
2025-09-16 14:00:00,0.5000000000000027,3.0088690392478843
2025-09-16 15:00:00,0.10000000000000273,0.420632745344542
2025-09-16 16:00:00,0.0,0.3907931144927906
2025-09-16 17:00:00,0.0,0.3006266762172543
2025-09-16 18:00:00,0.0,0.19617279677279725
2025-09-16 19:00:00,0.0,0.06579859648444425
2025-09-16 20:00:00,0.0,0.029011842207726114
2025-09-16 21:00:00,0.3000000000000027,0.014901085569960702
2025-09-16 22:00:00,1.0000000000000027,0.026190691471148123
2025-09-16 23:00:00,1.0000000000000027,0.01864226575246125
2025-09-17 00:00:00,1.0000000000000027,0.05384523341133923
2025-09-17 01:00:00,1.0000000000000027,0.0430594796423634
2025-09-17 02:00:00,1.0000000000000027,0.7118491864004868
2025-09-17 03:00:00,0.7000000000000026,2.9037754526439903
2025-09-17 04:00:00,0.0,1.6801126912698867
2025-09-17 05:00:00,0.0,2.060611584283049
2025-09-17 06:00:00,0.30000000000000265,0.9598651059111265
2025-09-17 07:00:00,0.9000000000000026,1.1985535006027033
2025-09-17 08:00:00,1.1000000000000028,1.2976263697731147
2025-09-17 09:00:00,1.2000000000000026,0.7701103206824671
2025-09-17 10:00:00,1.2000000000000026,0.6379898979612993
2025-09-17 11:00:00,1.2000000000000026,0.2857584687533776
2025-09-17 12:00:00,1.0000000000000027,0.6137010030546288
2025-09-17 13:00:00,0.6000000000000028,0.8556782455173342
2025-09-17 14:00:00,0.5000000000000028,0.4888326610655325
2025-09-17 15:00:00,0.4000000000000028,0.4462231142450704
2025-09-17 16:00:00,0.4000000000000028,0.2303939545446516
2025-09-17 17:00:00,0.6000000000000029,0.14443184231754594
2025-09-17 18:00:00,0.6000000000000029,0.5691140789483942
2025-09-17 19:00:00,0.4000000000000028,0.9215846317026639
2025-09-17 20:00:00,0.3000000000000028,1.3226427263466844
2025-09-17 21:00:00,0.9000000000000028,0.8537322431081636
2025-09-17 22:00:00,0.9000000000000028,0.6407150218941555
2025-09-17 23:00:00,0.7000000000000027,2.3148798518106077
2025-09-18 00:00:00,0.6000000000000028,2.657020185694211
2025-09-18 01:00:00,0.6000000000000028,2.4019677558514965
2025-09-18 02:00:00,0.6000000000000028,2.1706397424212134
2025-09-18 03:00:00,0.0,3.3052555730430075
2025-09-18 04:00:00,0.0,3.240809737224778
2025-09-18 05:00:00,0.0,1.2095044231648835
2025-09-18 06:00:00,0.10000000000000278,0.7371892348331176
2025-09-18 07:00:00,0.2000000000000028,0.5223052691660627
2025-09-18 08:00:00,0.2000000000000028,1.1853640334050815
2025-09-18 09:00:00,0.2000000000000028,1.0747108156800633
2025-09-18 10:00:00,0.3000000000000028,0.41184238410775725
2025-09-18 11:00:00,0.5000000000000028,0.9057798487348251
2025-09-18 12:00:00,0.4000000000000028,0.5133038221997909
2025-09-18 13:00:00,0.3000000000000028,0.46968327577139257
2025-09-18 14:00:00,0.3000000000000028,0.18542770615523482
2025-09-18 15:00:00,0.3000000000000028,0.2473650403768764
2025-09-18 16:00:00,0.2000000000000028,0.19587752125745186
2025-09-18 17:00:00,0.0,0.44485500879101925
2025-09-18 18:00:00,0.0,0.7049456616965194
2025-09-18 19:00:00,0.0,0.752086198767022
2025-09-18 20:00:00,0.0,0.07818583280009916
2025-09-18 21:00:00,0.0,0.03882287562946581
2025-09-18 22:00:00,0.0,0.015196015293593702
2025-09-18 23:00:00,0.0,0.011812348795288244
2025-09-19 00:00:00,0.0,0.06712983419647948
2025-09-19 01:00:00,0.0,0.0771881877572299
2025-09-19 02:00:00,0.0,0.13190437402548666
2025-09-19 03:00:00,0.0,0.048591982630977956
2025-09-19 04:00:00,1.6000000000000028,0.10086015690937221
2025-09-19 05:00:00,1.7000000000000028,0.14446275610909262
2025-09-19 06:00:00,1.7000000000000028,0.3069755096204621
2025-09-19 07:00:00,1.7000000000000028,0.48107298076337157
2025-09-19 08:00:00,1.7000000000000028,0.24523458448506105
2025-09-19 09:00:00,1.7000000000000028,0.42827062332817334
2025-09-19 10:00:00,0.10000000000000267,1.274317590725345
2025-09-19 11:00:00,0.0,1.4214216785447262
2025-09-19 12:00:00,0.0,1.1227417014937857
2025-09-19 13:00:00,0.0,0.5197810892233933
2025-09-19 14:00:00,0.0,0.24329654570276465
2025-09-19 15:00:00,0.0,0.21134000402346953
2025-09-19 16:00:00,0.0,1.1527163928433413
2025-09-19 17:00:00,0.0,0.03357731610924911
2025-09-19 18:00:00,0.0,0.04605326055453635
2025-09-19 19:00:00,0.0,0.10880989429824683
2025-09-19 20:00:00,0.0,0.05273062150386782
2025-09-19 21:00:00,0.0,0.05662495215086945
2025-09-19 22:00:00,0.0,0.1465877269070064
2025-09-19 23:00:00,0.0,0.036562325829178885
2025-09-20 00:00:00,0.0,0.08947817191231382
2025-09-20 01:00:00,0.0,0.06870988584173558
2025-09-20 02:00:00,0.0,0.05633134155615047
2025-09-20 03:00:00,0.0,0.48443544699979907
2025-09-20 04:00:00,0.10000000000000267,0.05792650446944157
2025-09-20 05:00:00,0.10000000000000267,0.06802898670228176
2025-09-20 06:00:00,0.10000000000000267,0.21778145615367303
2025-09-20 07:00:00,0.10000000000000267,0.20606842706103354
2025-09-20 08:00:00,0.10000000000000267,0.2191162773729947
2025-09-20 09:00:00,0.10000000000000267,0.6584960695374575
2025-09-20 10:00:00,0.0,0.2872537243176798
2025-09-20 11:00:00,0.0,0.39845408894971296
2025-09-20 12:00:00,0.0,0.18915630886985788
2025-09-20 13:00:00,0.0,0.1300069002927774
2025-09-20 14:00:00,0.0,0.23854328152655074
2025-09-20 15:00:00,0.0,0.1455125212226199
2025-09-20 16:00:00,0.0,0.11062223301040251
2025-09-20 17:00:00,0.0,0.049410887791529766
2025-09-20 18:00:00,0.0,0.13649514335329374
2025-09-20 19:00:00,0.0,0.037878097706696576
2025-09-20 20:00:00,0.0,0.04255130553628655
2025-09-20 21:00:00,0.0,0.042481396710444964
2025-09-20 22:00:00,0.0,0.044909469342726945
2025-09-20 23:00:00,0.0,0.0594293191731838
2025-09-21 00:00:00,0.0,0.07388509720709911
2025-09-21 01:00:00,0.0,0.0025421174138799615
2025-09-21 02:00:00,0.0,0.0019413609150462257
2025-09-21 03:00:00,0.0,0.020741218089056993
2025-09-21 04:00:00,0.0,0.021561120013084717
2025-09-21 05:00:00,0.0,0.07971109511258292
2025-09-21 06:00:00,0.0,0.14980822535156352
2025-09-21 07:00:00,0.0,0.17922265216324806
2025-09-21 08:00:00,0.0,0.2104860319351386
2025-09-21 09:00:00,0.0,0.17999447341886846
2025-09-21 10:00:00,0.0,0.2039005241760392
2025-09-21 11:00:00,0.0,0.1942441378282213
2025-09-21 12:00:00,0.0,0.07359595065767296
2025-09-21 13:00:00,0.0,0.07305856290186362
2025-09-21 14:00:00,0.0,0.044205072107974544
2025-09-21 15:00:00,0.0,0.012110027382596034
2025-09-21 16:00:00,0.0,0.01608297217113814
2025-09-21 17:00:00,0.0,0.016915140565459577
2025-09-21 18:00:00,0.0,0.01751351997840514
2025-09-21 19:00:00,0.0,0.00882190832632725
2025-09-21 20:00:00,0.0,0.0006331903313673546
2025-09-21 21:00:00,0.0,0.0006367907925910363
2025-09-21 22:00:00,0.0,0.0006312333825856864
2025-09-21 23:00:00,0.0,0.0005272620644271128
2025-09-22 00:00:00,0.0,0.013121339154832145
2025-09-22 01:00:00,0.0,0.0021058627194510964
2025-09-22 02:00:00,0.0,0.002708378322022877
2025-09-22 03:00:00,0.0,0.004086700202884848
2025-09-22 04:00:00,0.30000000000000265,0.0013370164666701456
2025-09-22 05:00:00,0.5000000000000027,0.0013146595563598817
2025-09-22 06:00:00,0.6000000000000026,0.039159230690281197
2025-09-22 07:00:00,0.6000000000000026,0.07271948984564412
2025-09-22 08:00:00,0.6000000000000026,0.006784008214504477
2025-09-22 09:00:00,0.6000000000000026,0.007809841678072746
2025-09-22 10:00:00,0.3000000000000027,1.0804595899122924
2025-09-22 11:00:00,0.10000000000000267,0.7746093851003769
2025-09-22 12:00:00,0.0,0.49953409075333804
2025-09-22 13:00:00,0.0,0.1260271303882609
2025-09-22 14:00:00,0.0,0.09918188447091193
2025-09-22 15:00:00,0.0,0.06589123662960297
2025-09-22 16:00:00,0.0,0.057767100198438455
2025-09-22 17:00:00,0.0,0.010129404934360419
2025-09-22 18:00:00,0.0,0.006169211163686973
2025-09-22 19:00:00,0.0,0.06017797964830257
2025-09-22 20:00:00,0.0,0.08748514533241726
2025-09-22 21:00:00,0.0,0.025122295981073104
2025-09-22 22:00:00,0.0,0.0504859884362733
2025-09-22 23:00:00,0.0,0.045560516303918656
2025-09-23 00:00:00,0.0,0.4658630924675507
2025-09-23 01:00:00,0.0,0.4703776806381906
2025-09-23 02:00:00,0.0,0.36413646379058384
2025-09-23 03:00:00,0.0,0.3049072285800086
2025-09-23 04:00:00,0.0,0.07365554638564752
2025-09-23 05:00:00,0.0,0.09647659028691355
2025-09-23 06:00:00,0.0,0.40890497792142394
2025-09-23 07:00:00,0.0,0.24835257852611403
2025-09-23 08:00:00,0.0,0.13554627678322473
2025-09-23 09:00:00,0.0,0.1877009647034372
2025-09-23 10:00:00,0.0,0.27700804548643254
2025-09-23 11:00:00,0.0,0.2549611849394832
2025-09-23 12:00:00,0.0,0.26364228319591326
2025-09-23 13:00:00,0.0,0.1615124216937265
2025-09-23 14:00:00,0.0,0.04463459655898214
2025-09-23 15:00:00,0.0,0.012482861680377088
2025-09-23 16:00:00,0.0,0.0005630149844082581
2025-09-23 17:00:00,0.0,0.0005380069492338401
2025-09-23 18:00:00,0.0,0.0006037926258557418
2025-09-23 19:00:00,0.0,0.0006813217621324093
2025-09-23 20:00:00,0.0,0.00034204903570199993
2025-09-23 21:00:00,0.0,0.00041661983413614364
2025-09-23 22:00:00,0.0,0.0005395275236375836
2025-09-23 23:00:00,0.0,0.010354001764547281
2025-09-24 00:00:00,0.0,0.02793085424456879
2025-09-24 01:00:00,0.0,0.0013075309037381844
2025-09-24 02:00:00,0.0,0.0018930060507156398
2025-09-24 03:00:00,0.0,0.0015509279923235206
2025-09-24 04:00:00,0.0,0.020755888703098475
2025-09-24 05:00:00,0.0,0.0017179403666557713
2025-09-24 06:00:00,0.0,0.005179541783172995
2025-09-24 07:00:00,0.0,0.003106478823606949
2025-09-24 08:00:00,0.0,0.0037781113747761843
2025-09-24 09:00:00,0.0,0.008599495026823306
2025-09-24 10:00:00,0.0,0.0033391570640709965
2025-09-24 11:00:00,0.0,0.001722515481333135
2025-09-24 12:00:00,0.0,0.0015006818585126989
2025-09-24 13:00:00,0.0,0.001125751937728569
2025-09-24 14:00:00,0.0,0.0014787634825257333
2025-09-24 15:00:00,0.0,0.0013921264024497812
2025-09-24 16:00:00,0.0,0.0025023723773581613
2025-09-24 17:00:00,0.0,0.010976371058629652
2025-09-24 18:00:00,0.0,0.0005575120648750824
2025-09-24 19:00:00,0.0,0.0009276217928780213
2025-09-24 20:00:00,0.0,0.0007532705009090718
2025-09-24 21:00:00,0.0,0.0007713576677184869
2025-09-24 22:00:00,0.0,0.01569063595282348
2025-09-24 23:00:00,0.0,0.0011994264233880197
2025-09-25 00:00:00,0.0,0.04587673008609768
2025-09-25 01:00:00,0.0,0.0021893952569805894
2025-09-25 02:00:00,0.0,0.002426236111398546
2025-09-25 03:00:00,0.0,0.0018554912666840517
2025-09-25 04:00:00,0.0,0.020581368923067802
2025-09-25 05:00:00,0.0,0.001747433273045617
2025-09-25 06:00:00,0.0,0.002439229676427763
2025-09-25 07:00:00,0.0,0.0025126754760301643
2025-09-25 08:00:00,0.0,0.024026263179342165
2025-09-25 09:00:00,0.0,0.005796194731063157
2025-09-25 10:00:00,0.0,0.004987051669136798
2025-09-25 11:00:00,0.0,0.004866906930988969
2025-09-25 12:00:00,0.0,0.036822223886383204
2025-09-25 13:00:00,0.0,0.09277941119713942
2025-09-25 14:00:00,0.0,0.02425770570554994
2025-09-25 15:00:00,0.0,0.000974291228858238
2025-09-25 16:00:00,0.0,0.0005134928976055279
2025-09-25 17:00:00,0.0,0.0006390138528354436
2025-09-25 18:00:00,0.0,0.007715134288397127
2025-09-25 19:00:00,0.0,0.002460886748056964
2025-09-25 20:00:00,0.0,0.002140003268357861
2025-09-25 21:00:00,0.0,0.001797281574744233
2025-09-25 22:00:00,0.0,0.0015259546656365766
2025-09-25 23:00:00,0.0,0.2630529943131728
2025-09-26 00:00:00,0.0,0.030207665535605423
2025-09-26 01:00:00,0.0,0.05947533086086537
2025-09-26 02:00:00,0.0,0.00161574752546627
2025-09-26 03:00:00,0.0,0.0017253365004378616
2025-09-26 04:00:00,0.0,0.0021402031054241024
2025-09-26 05:00:00,0.0,0.026443976386603764
2025-09-26 06:00:00,0.0,0.013791690583094823
2025-09-26 07:00:00,0.0,0.006057462667805202
2025-09-26 08:00:00,0.0,0.006148562682620937
2025-09-26 09:00:00,0.0,0.008271364046360287
2025-09-26 10:00:00,0.0,0.004656715857499411
2025-09-26 11:00:00,0.0,0.008588355637782135
2025-09-26 12:00:00,0.0,0.001808332564555414
2025-09-26 13:00:00,0.0,0.030484853264202225
2025-09-26 14:00:00,0.0,0.02787245752666799
2025-09-26 15:00:00,0.0,0.0007207017374762164
2025-09-26 16:00:00,0.0,0.0007064278062502737
2025-09-26 17:00:00,0.0,0.0005380069492338401
2025-09-26 18:00:00,0.0,0.0014432879311327314
2025-09-26 19:00:00,0.0,0.006015076408075516
2025-09-26 20:00:00,0.0,0.0020082203430528906
2025-09-26 21:00:00,0.0,0.0021805645136081086
2025-09-26 22:00:00,0.0,0.003548574932853779
2025-09-26 23:00:00,0.0,0.0031322502797623106
2025-09-27 00:00:00,0.0,0.013634397377433796
2025-09-27 01:00:00,0.0,0.007225185337280003
2025-09-27 02:00:00,0.0,0.0022102290507951938
2025-09-27 03:00:00,0.0,0.015716366487842703
2025-09-27 04:00:00,0.0,0.011732203006867874
2025-09-27 05:00:00,0.0,0.011655641447144332
2025-09-27 06:00:00,0.0,0.2862818202491106
2025-09-27 07:00:00,0.0,0.020453352068427078
2025-09-27 08:00:00,0.0,0.002660750452916988
2025-09-27 09:00:00,0.0,0.007967177723389576
2025-09-27 10:00:00,0.0,0.017611122812936416
2025-09-27 11:00:00,0.0,0.11205836839748551
2025-09-27 12:00:00,0.0,1.759607547919311
2025-09-27 13:00:00,0.0,0.7182032975421754
2025-09-27 14:00:00,0.0,0.07468448523389239
2025-09-27 15:00:00,0.0,0.050919304479449395
2025-09-27 16:00:00,0.0,0.08017471450056075
2025-09-27 17:00:00,0.0,0.13216204231350645
2025-09-27 18:00:00,0.0,0.14700105425835966
2025-09-27 19:00:00,0.0,0.36716635523743013
2025-09-27 20:00:00,0.0,0.19046846047319677
2025-09-27 21:00:00,0.0,0.34527843485723403
2025-09-27 22:00:00,0.0,0.1826698014996524
2025-09-27 23:00:00,0.0,0.10686783157368566
2025-09-28 00:00:00,0.0,0.12681930665444202
2025-09-28 01:00:00,0.0,0.2207166077480521
2025-09-28 02:00:00,0.0,0.17083591065006512
2025-09-28 03:00:00,0.0,0.14425458677228004
2025-09-28 04:00:00,0.0,0.01356793959243926
2025-09-28 05:00:00,0.0,0.5728892185732776
2025-09-28 06:00:00,0.0,0.5823790053359135
2025-09-28 07:00:00,0.0,0.45456664108985345
2025-09-28 08:00:00,0.0,0.42141563044237185
2025-09-28 09:00:00,0.0,0.15858958395633388
2025-09-28 10:00:00,0.0,0.11701612101246991
2025-09-28 11:00:00,0.0,0.05585015117496284
2025-09-28 12:00:00,0.0,0.05627746766489277
2025-09-28 13:00:00,0.0,0.06876318672854101
2025-09-28 14:00:00,0.0,0.01573778193190569
2025-09-28 15:00:00,0.0,0.0030541741114860324
2025-09-28 16:00:00,0.0,0.008137924609556188
2025-09-28 17:00:00,0.0,0.0029559329872919757
2025-09-28 18:00:00,0.0,0.022079138168095435
2025-09-28 19:00:00,0.0,0.00994944949667415
2025-09-28 20:00:00,0.0,0.014603798165785603
2025-09-28 21:00:00,0.0,0.03067421446001801
2025-09-28 22:00:00,0.0,0.057521408780132996
2025-09-28 23:00:00,0.0,0.08798326605806624
2025-09-29 00:00:00,0.0,0.24906752768827176
2025-09-29 01:00:00,0.0,0.021192108616011472
2025-09-29 02:00:00,0.0,0.11893729165959385
2025-09-29 03:00:00,0.0,0.042687456695660424
2025-09-29 04:00:00,0.10000000000000267,1.0932964939820937
2025-09-29 05:00:00,0.10000000000000267,0.15280488611750562
2025-09-29 06:00:00,0.10000000000000267,0.07819594944220491
2025-09-29 07:00:00,0.10000000000000267,0.19555738914329773
2025-09-29 08:00:00,0.10000000000000267,0.08113239002887122
2025-09-29 09:00:00,0.10000000000000267,0.2786547481747758
2025-09-29 10:00:00,0.0,0.17533075074854287
2025-09-29 11:00:00,0.0,0.07573618353403742
2025-09-29 12:00:00,0.0,0.03689473881747057
2025-09-29 13:00:00,0.0,0.07647877812139453
2025-09-29 14:00:00,0.0,0.13998522689008586
2025-09-29 15:00:00,0.0,0.08263968984494031
2025-09-29 16:00:00,0.0,0.11407382446329233
2025-09-29 17:00:00,0.0,0.38752248498253933
2025-09-29 18:00:00,0.0,0.8147445169127215
2025-09-29 19:00:00,0.0,0.2804927393729573
2025-09-29 20:00:00,0.0,0.15415575977947238
2025-09-29 21:00:00,0.0,0.17744510139520436
2025-09-29 22:00:00,0.0,0.2965372818879878
2025-09-29 23:00:00,0.0,0.01851362397612919
2025-09-30 00:00:00,0.30000000000000265,0.296805460647469
2025-09-30 01:00:00,0.4000000000000027,0.3626174515556456
2025-09-30 02:00:00,0.4000000000000027,0.2575283940517071
2025-09-30 03:00:00,0.4000000000000027,0.22297638399784186
2025-09-30 04:00:00,0.4000000000000027,0.2258326110174326
2025-09-30 05:00:00,0.4000000000000027,0.20279176387524217
2025-09-30 06:00:00,0.10000000000000267,1.132703683562543
2025-09-30 07:00:00,0.0,0.9934986941413759
2025-09-30 08:00:00,0.0,0.9417086537297714
2025-09-30 09:00:00,0.0,0.5584264560915044
2025-09-30 10:00:00,0.0,0.41705302000439703
2025-09-30 11:00:00,0.0,0.2207351062088556
2025-09-30 12:00:00,0.0,0.29003484888259773
2025-09-30 13:00:00,0.0,0.23720827995824564
2025-09-30 14:00:00,0.0,0.21561586877751293
2025-09-30 15:00:00,0.0,0.1706670898248485
2025-09-30 16:00:00,0.0,0.19963926923239816
2025-09-30 17:00:00,0.0,0.09160628571550161
2025-09-30 18:00:00,0.0,0.18982289177764033
2025-09-30 19:00:00,0.0,0.3126860551690148
2025-09-30 20:00:00,0.0,0.7647384633612453
2025-09-30 21:00:00,0.0,0.323120426840845
2025-09-30 22:00:00,0.0,0.6304615159409244
2025-09-30 23:00:00,0.0,0.24271733709023827
2025-10-01 00:00:00,0.0,1.142314445592968
2025-10-01 01:00:00,0.0,0.9222715224609526
2025-10-01 02:00:00,0.0,0.15634627228784287
2025-10-01 03:00:00,0.0,0.7867396398373375
2025-10-01 04:00:00,0.0,0.3917879933063764
2025-10-01 05:00:00,0.0,0.3346767345600278
2025-10-01 06:00:00,0.10000000000000267,1.1511780263674993
2025-10-01 07:00:00,0.10000000000000267,0.5770883626940558
2025-10-01 08:00:00,0.10000000000000267,0.13241875387850421
2025-10-01 09:00:00,0.20000000000000268,0.1713413017008463
2025-10-01 10:00:00,3.5000000000000027,0.25233644967129515
2025-10-01 11:00:00,3.6000000000000028,0.18111277650190438
2025-10-01 12:00:00,3.5000000000000027,0.6162830219146488
2025-10-01 13:00:00,3.5000000000000027,0.5522756154356484
2025-10-01 14:00:00,3.5000000000000027,0.7912117570481173
2025-10-01 15:00:00,3.4000000000000026,2.155050668668806
2025-10-01 16:00:00,0.10000000000000267,1.1763574335402356
2025-10-01 17:00:00,0.0,0.8284062875935525
2025-10-01 18:00:00,0.0,0.4189354661168051
2025-10-01 19:00:00,0.0,0.3186333026832358
2025-10-01 20:00:00,0.10000000000000267,0.3442826831552744
2025-10-01 21:00:00,2.200000000000003,0.30364035312176474
2025-10-01 22:00:00,14.600000000000003,0.3378834972102715
2025-10-01 23:00:00,14.700000000000003,0.7830422746226073
2025-10-02 00:00:00,14.700000000000003,1.0256766954747563
2025-10-02 01:00:00,14.700000000000003,0.6393617075809271
2025-10-02 02:00:00,14.600000000000003,1.692620798048967
2025-10-02 03:00:00,12.500000000000004,2.1572374520234994
2025-10-02 04:00:00,0.10000000000000178,7.185998782923862
2025-10-02 05:00:00,0.0,4.927188143267358
2025-10-02 06:00:00,0.7000000000000017,3.919023332473233
2025-10-02 07:00:00,0.7000000000000017,0.8635292980207517
2025-10-02 08:00:00,0.7000000000000017,0.615604378028978
2025-10-02 09:00:00,0.7000000000000017,0.4644359677360942
2025-10-02 10:00:00,1.2000000000000017,1.05821142205367
2025-10-02 11:00:00,1.2000000000000017,1.709482047303931
2025-10-02 12:00:00,5.800000000000002,2.5828856908892375
2025-10-02 13:00:00,5.900000000000001,2.2885334326947087
2025-10-02 14:00:00,5.900000000000001,1.0584531106521273
2025-10-02 15:00:00,5.900000000000001,0.6290095376102297
2025-10-02 16:00:00,5.400000000000001,1.790199757848382
2025-10-02 17:00:00,5.400000000000001,0.7885756831603205
2025-10-02 18:00:00,4.400000000000001,3.269093751113803
2025-10-02 19:00:00,4.300000000000002,3.6565472130740875
2025-10-02 20:00:00,4.300000000000002,3.145211402737971
2025-10-02 21:00:00,4.300000000000002,1.3264054580204545
2025-10-02 22:00:00,4.300000000000002,1.042626632138223
2025-10-02 23:00:00,4.300000000000002,1.4344384130895762
2025-10-03 00:00:00,0.0,7.075007142857141
2025-10-03 01:00:00,0.0,6.234937171779277
2025-10-03 02:00:00,0.0,4.692633509010892
2025-10-03 03:00:00,0.0,0.2894524100447358
2025-10-03 04:00:00,0.0,0.14219532548782482
2025-10-03 05:00:00,0.0,0.06894513835885509
2025-10-03 06:00:00,0.0,0.1835683422710937
2025-10-03 07:00:00,0.0,0.10183931705654213
2025-10-03 08:00:00,0.0,0.2570134248387816
2025-10-03 09:00:00,0.0,0.7322161273827849
2025-10-03 10:00:00,0.0,0.8318972876283253
2025-10-03 11:00:00,0.0,0.7075421307099987
2025-10-03 12:00:00,0.0,0.8385623859246187
2025-10-03 13:00:00,0.0,0.7540082928872511
2025-10-03 14:00:00,0.0,0.712495514168114
2025-10-03 15:00:00,0.0,0.6107874448949827
2025-10-03 16:00:00,0.0,0.4632104275768927
2025-10-03 17:00:00,0.0,0.2603711114650384
2025-10-03 18:00:00,0.0,0.29507856480478767
2025-10-03 19:00:00,0.0,0.23101607247845782
2025-10-03 20:00:00,0.0,0.2577781322254955
2025-10-03 21:00:00,0.0,1.061890778275913
2025-10-03 22:00:00,0.0,0.8444760122487308
2025-10-03 23:00:00,0.0,0.9749741533725753
2025-10-04 00:00:00,0.0,0.24605357267139846
2025-10-04 01:00:00,0.0,0.1643617521736304
2025-10-04 02:00:00,0.0,0.0018304516863751523
2025-10-04 03:00:00,0.0,0.0039128525642690044
2025-10-04 04:00:00,0.0,0.0018129752462786213
2025-10-04 05:00:00,0.0,0.24632481692866154
2025-10-04 06:00:00,0.0,0.13966190749003618
2025-10-04 07:00:00,0.0,0.2237255179171724
2025-10-04 08:00:00,0.0,0.07454305123392514
2025-10-04 09:00:00,0.0,0.00383114549377682
2025-10-04 10:00:00,0.0,0.04104938443566336
2025-10-04 11:00:00,0.0,0.039548159215592404
2025-10-04 12:00:00,0.0,0.03280911943468287
2025-10-04 13:00:00,0.0,0.040336694421233416
2025-10-04 14:00:00,0.0,0.02118303279213386
2025-10-04 15:00:00,0.0,0.10597240745440972
2025-10-04 16:00:00,0.0,0.04706900151759905
2025-10-04 17:00:00,0.0,0.026798255539580786
2025-10-04 18:00:00,0.0,0.01989771959001654
2025-10-04 19:00:00,0.0,0.13525534587401986
2025-10-04 20:00:00,0.0,0.05538456736988627
2025-10-04 21:00:00,0.0,0.0012977834484411742
2025-10-04 22:00:00,0.0,0.0005323252278434255
2025-10-04 23:00:00,0.0,0.000440054148802108
2025-10-05 00:00:00,0.0,0.0641506675759074
2025-10-05 01:00:00,0.0,0.004149162639778614
2025-10-05 02:00:00,0.0,0.0012793950387555144
2025-10-05 03:00:00,0.0,0.00183730194717169
2025-10-05 04:00:00,0.2000000000000018,0.0018105047898394563
2025-10-05 05:00:00,0.2000000000000018,0.0014844710979447272
2025-10-05 06:00:00,0.2000000000000018,0.006978968378383204
2025-10-05 07:00:00,0.2000000000000018,0.0062597343638825815
2025-10-05 08:00:00,0.2000000000000018,0.001575621087660536
2025-10-05 09:00:00,0.2000000000000018,0.0037860964820403582
2025-10-05 10:00:00,0.0,0.5020821802995316
2025-10-05 11:00:00,0.0,0.33909809757586845
2025-10-05 12:00:00,0.0,0.30042213159903325
2025-10-05 13:00:00,0.0,0.14760985574550295
2025-10-05 14:00:00,0.0,0.21369869706182218
2025-10-05 15:00:00,0.0,0.21750688722268707
2025-10-05 16:00:00,0.0,0.03379661239801499
2025-10-05 17:00:00,0.0,0.06374016975635943
2025-10-05 18:00:00,0.10000000000000178,0.08116097702351495
2025-10-05 19:00:00,5.800000000000002,0.10163022827642372
2025-10-05 20:00:00,5.900000000000001,0.1105079607032933
2025-10-05 21:00:00,5.900000000000001,0.12663609408419002
2025-10-05 22:00:00,5.900000000000001,0.16788423297874186
2025-10-05 23:00:00,5.900000000000001,0.2154079132357008
2025-10-06 00:00:00,5.800000000000002,1.2340014013281417
2025-10-06 01:00:00,0.10000000000000178,5.586206867685158
2025-10-06 02:00:00,0.0,4.0311829191715765
2025-10-06 03:00:00,0.0,4.271829909492264
2025-10-06 04:00:00,0.0,2.216495520247609
2025-10-06 05:00:00,0.0,0.031949343245576675
2025-10-06 06:00:00,0.10000000000000178,0.028547261284272735
2025-10-06 07:00:00,2.9000000000000017,1.1970983394453978
2025-10-06 08:00:00,4.300000000000002,1.479239459161752
2025-10-06 09:00:00,6.800000000000002,2.2044518309950787
2025-10-06 10:00:00,8.000000000000002,0.9697193373960686
2025-10-06 11:00:00,8.3,2.096595568849697
2025-10-06 12:00:00,8.200000000000001,3.6047340550882745
2025-10-06 13:00:00,5.400000000000001,6.432560347929538
2025-10-06 14:00:00,4.000000000000002,8.02974814984254
2025-10-06 15:00:00,1.5000000000000018,10.947450218732042
2025-10-06 16:00:00,0.30000000000000177,12.580504059257727
2025-10-06 17:00:00,0.0,3.507960922321017
2025-10-06 18:00:00,0.0,1.2320653976159848
2025-10-06 19:00:00,0.0,2.845500082528742
2025-10-06 20:00:00,0.0,1.8091464747260764
2025-10-06 21:00:00,0.0,0.3998774500442931
2025-10-06 22:00:00,0.0,0.9957266780892294
2025-10-06 23:00:00,0.0,3.1058619076366263
2025-10-07 00:00:00,0.0,2.163289309982772
2025-10-07 01:00:00,0.0,2.295942211523062
2025-10-07 02:00:00,0.0,1.7721196435828848
2025-10-07 03:00:00,0.0,2.7691319862776207
2025-10-07 04:00:00,0.0,3.3995340227463395
2025-10-07 05:00:00,0.0,2.6126730685568647
2025-10-07 06:00:00,0.0,1.1785128701582683
2025-10-07 07:00:00,0.0,0.8928123118844318
2025-10-07 08:00:00,0.0,0.7644165064677813
2025-10-07 09:00:00,1.9000000000000017,0.560583184051474
2025-10-07 10:00:00,1.9000000000000017,0.6158799493962319
2025-10-07 11:00:00,1.9000000000000017,0.8416437827333382
2025-10-07 12:00:00,14.700000000000003,0.36782669805371193
2025-10-07 13:00:00,16.6,0.704430235459531
2025-10-07 14:00:00,17.300000000000004,0.7814944786976651
2025-10-07 15:00:00,15.400000000000002,1.735113573173952
2025-10-07 16:00:00,15.400000000000002,0.6702905192912296
2025-10-07 17:00:00,15.400000000000002,0.9689772029585109
2025-10-07 18:00:00,2.6000000000000014,7.256449336432769
2025-10-07 19:00:00,0.7000000000000017,4.79367194645576
2025-10-07 20:00:00,0.0,6.417851262504441
2025-10-07 21:00:00,0.0,2.9032425816014036
2025-10-07 22:00:00,0.0,1.5334004580243596
2025-10-07 23:00:00,0.0,1.262662419829139
2025-10-08 00:00:00,0.10000000000000178,1.9288801482425615
2025-10-08 01:00:00,0.10000000000000178,3.739007484814926
2025-10-08 02:00:00,0.10000000000000178,1.436204833160289
2025-10-08 03:00:00,0.10000000000000178,1.3155622605097306
2025-10-08 04:00:00,0.10000000000000178,1.093707112440767
2025-10-08 05:00:00,0.10000000000000178,3.3419524371005247
2025-10-08 06:00:00,0.0,3.1381660466589896
2025-10-08 07:00:00,0.0,3.3577202777502255
2025-10-08 08:00:00,0.2000000000000018,1.8494862182087113
2025-10-08 09:00:00,0.6000000000000019,1.220432247869275
2025-10-08 10:00:00,0.6000000000000019,0.6773783920230799
2025-10-08 11:00:00,0.6000000000000019,0.4521200508255944
2025-10-08 12:00:00,0.6000000000000019,0.42119344859982266
2025-10-08 13:00:00,0.6000000000000019,0.24362599786200576
2025-10-08 14:00:00,0.4000000000000018,1.5331526764315606
2025-10-08 15:00:00,0.0,1.468040343792819
2025-10-08 16:00:00,0.0,0.8453687033244849
2025-10-08 17:00:00,0.0,0.8032466963598673
2025-10-08 18:00:00,0.0,1.3353726792270875
2025-10-08 19:00:00,0.10000000000000178,0.13275542569798968
2025-10-08 20:00:00,0.2000000000000018,0.023831316978684083
2025-10-08 21:00:00,0.2000000000000018,0.0066540465554421144
2025-10-08 22:00:00,0.2000000000000018,0.21552699600678024
2025-10-08 23:00:00,0.2000000000000018,0.053279209269237716
2025-10-09 00:00:00,0.2000000000000018,0.010220206564033656
2025-10-09 01:00:00,0.10000000000000178,0.5738850220468839
2025-10-09 02:00:00,0.0,0.594627254772144
2025-10-09 03:00:00,0.0,0.7081078143686831
2025-10-09 04:00:00,0.0,0.591349925718286
2025-10-09 05:00:00,0.0,0.23631650093701298
2025-10-09 06:00:00,0.0,0.04827659965804895
2025-10-09 07:00:00,0.0,0.37884892587470725
2025-10-09 08:00:00,0.0,0.13337980871363844
2025-10-09 09:00:00,0.0,0.05156456475456644
2025-10-09 10:00:00,0.0,0.05187348531169755
2025-10-09 11:00:00,0.0,0.2772744014171424
2025-10-09 12:00:00,0.0,0.12215590510336566
2025-10-09 13:00:00,0.0,0.10511729821756688
2025-10-09 14:00:00,0.0,0.05811604094529398
2025-10-09 15:00:00,0.0,0.041256693655962955
2025-10-09 16:00:00,0.0,0.0302377503236915
2025-10-09 17:00:00,0.0,0.12841175479382605
2025-10-09 18:00:00,0.0,0.1566277196921827
2025-10-09 19:00:00,0.0,0.0395177817279473
2025-10-09 20:00:00,0.0,0.045647712306829805
2025-10-09 21:00:00,0.0,0.047097199486316986
2025-10-09 22:00:00,0.0,0.048497199486316984
2025-10-09 23:00:00,0.0,0.08100974262427935
2025-10-10 00:00:00,0.0,0.23734603909533986
2025-10-10 01:00:00,0.0,0.21303232502379604
2025-10-10 02:00:00,0.0,0.05735768299891508
2025-10-10 03:00:00,0.0,7.567182037375759e-05
2025-10-10 04:00:00,0.0,9.934734616192619e-05
2025-10-10 05:00:00,0.0,7.626235487601571e-05
2025-10-10 06:00:00,0.0,7.465640282353219e-05
2025-10-10 07:00:00,0.0,0.0004128782267655894
2025-10-10 08:00:00,0.0,0.002715685299101874
2025-10-10 09:00:00,0.0,0.0009978529892600574
2025-10-10 10:00:00,0.0,0.015463669985104673
2025-10-10 11:00:00,0.0,0.06329332851370714
2025-10-10 12:00:00,0.0,0.021894465804599434
2025-10-10 13:00:00,0.0,0.035266822712048417
2025-10-10 14:00:00,0.0,0.007494661857053801
2025-10-10 15:00:00,0.0,0.010180859491003894
2025-10-10 16:00:00,0.0,0.0130394577575376
2025-10-10 17:00:00,0.0,0.005764660439325837
2025-10-10 18:00:00,0.0,0.00022675368540503452
2025-10-10 19:00:00,0.0,9.309838768991298e-05
2025-10-10 20:00:00,0.0,8.875210404648588e-05
2025-10-10 21:00:00,0.0,0.00039035447552109595
2025-10-10 22:00:00,0.0,0.0003814688573584899
2025-10-10 23:00:00,0.0,0.000539234494225712
2025-10-11 00:00:00,0.0,0.010138119364495464
2025-10-11 01:00:00,0.0,0.0044644534522788005
2025-10-11 02:00:00,0.0,0.0002546329781206156
2025-10-11 03:00:00,0.0,0.00024089473266716014
2025-10-11 04:00:00,0.0,0.00024089473266716014
2025-10-11 05:00:00,0.0,0.0030650730377533354
2025-10-11 06:00:00,0.0,0.011155397398651415
2025-10-11 07:00:00,0.0,0.0020247902521868034
2025-10-11 08:00:00,0.0,0.0026868777994612015
2025-10-11 09:00:00,0.0,0.0017199923318803702
2025-10-11 10:00:00,0.0,0.0017389477961419848
2025-10-11 11:00:00,0.0,0.05763799261454648
2025-10-11 12:00:00,0.0,0.007762857098486956
2025-10-11 13:00:00,0.0,0.010957246272487833
2025-10-11 14:00:00,0.0,0.0006510254087020116
2025-10-11 15:00:00,0.0,0.008233810011486613
2025-10-11 16:00:00,0.0,0.00024167133488342456
2025-10-11 17:00:00,0.0,0.01909767947834361
2025-10-11 18:00:00,0.0,0.016308598818771364
2025-10-11 19:00:00,0.0,0.01851390251449267
2025-10-11 20:00:00,0.0,0.0003252482896173852
2025-10-11 21:00:00,0.0,0.03595164306300592
2025-10-11 22:00:00,0.0,0.00022554115689289977
2025-10-11 23:00:00,0.0,0.007953212757235015
2025-10-12 00:00:00,0.0,0.0002712602599188651
2025-10-12 01:00:00,0.0,0.0002711476840515234
2025-10-12 02:00:00,0.0,0.0002760257328320111
2025-10-12 03:00:00,0.0,0.00024687749014518914
2025-10-12 04:00:00,0.0,0.00024687749014518914
2025-10-12 05:00:00,0.0,0.00032597535153509
2025-10-12 06:00:00,0.0,0.00010335953749357645
2025-10-12 07:00:00,0.0,0.0020247902521868034
2025-10-12 08:00:00,0.0,0.006498673033218779
2025-10-12 09:00:00,0.0,0.0010154468494561171
2025-10-12 10:00:00,0.0,0.003325332488294445
2025-10-12 11:00:00,0.0,0.0018887258243785706
2025-10-12 12:00:00,0.0,0.00027878104166055383
2025-10-12 13:00:00,0.0,0.0015984269931745604
2025-10-12 14:00:00,0.0,0.0010530923858366383
2025-10-12 15:00:00,0.0,0.0025999970269699755
2025-10-12 16:00:00,0.0,0.0027026533815231375
2025-10-12 17:00:00,0.0,0.0015196703903864364
2025-10-12 18:00:00,0.0,0.004191762840428166
2025-10-12 19:00:00,0.0,0.029745053529338605
2025-10-12 20:00:00,0.0,0.015036502260963891
2025-10-12 21:00:00,0.0,0.023812054999591954
2025-10-12 22:00:00,0.0,0.01032392933730997
2025-10-12 23:00:00,0.0,7.614384107533415e-05
2025-10-13 00:00:00,0.0,0.00026509318153844204
2025-10-13 01:00:00,0.0,0.0003647936264428073
2025-10-13 02:00:00,0.0,0.012316711437983768
2025-10-13 03:00:00,0.0,0.00024922806600049293
2025-10-13 04:00:00,0.0,0.011860215456839695
2025-10-13 05:00:00,0.0,0.40142502330759605
2025-10-13 06:00:00,0.0,1.244568589622778
2025-10-13 07:00:00,0.0,0.010479515835265466
2025-10-13 08:00:00,0.0,0.0027095034819909687
2025-10-13 09:00:00,0.0,0.03214462168375075
2025-10-13 10:00:00,0.0,0.03582977274860814
2025-10-13 11:00:00,0.0,0.0008505988188243082
2025-10-13 12:00:00,0.0,0.002098324430534156
2025-10-13 13:00:00,0.0,0.0008321854369298343
2025-10-13 14:00:00,0.0,0.0010134125551962466
2025-10-13 15:00:00,0.0,0.000962545551287921
2025-10-13 16:00:00,0.0,0.0004294018754092762
2025-10-13 17:00:00,0.0,0.0003836344139674126
2025-10-13 18:00:00,0.0,0.030342338980313206
2025-10-13 19:00:00,0.0,0.07157320539731366
2025-10-13 20:00:00,0.0,0.004479337936942404
2025-10-13 21:00:00,0.0,0.037848773963491365
2025-10-13 22:00:00,0.0,0.012829771082689559
2025-10-13 23:00:00,0.0,0.0013004844217545213
2025-10-14 00:00:00,0.0,7.472217634794244e-05
2025-10-14 01:00:00,0.0,0.00010630365872947277
2025-10-14 02:00:00,0.0,0.0002711476840515234
2025-10-14 03:00:00,0.0,0.00027684576504756237
2025-10-14 04:00:00,0.0,0.0004879871334451304
2025-10-14 05:00:00,0.0,0.0003425616610090875
2025-10-14 06:00:00,0.0,0.0017768727121943184
2025-10-14 07:00:00,0.0,0.0003765369930146609
2025-10-14 08:00:00,0.0,0.0009768353404672422
2025-10-14 09:00:00,0.0,0.001146063192963117
2025-10-14 10:00:00,0.0,0.001353595466299903
2025-10-14 11:00:00,0.0,0.0003541856984216052
2025-10-14 12:00:00,0.0,0.0004203320256219564
2025-10-14 13:00:00,0.0,0.0014074290541007746
2025-10-14 14:00:00,0.0,0.000512725638200433
2025-10-14 15:00:00,0.0,0.0004322106983271327
2025-10-14 16:00:00,0.0,0.0002564289024363093
2025-10-14 17:00:00,0.0,0.0028261248589687227
2025-10-14 18:00:00,0.0,0.00046098959373786527
2025-10-14 19:00:00,0.0,0.01114521608154317
2025-10-14 20:00:00,0.0,0.01568405353634695
2025-10-14 21:00:00,0.0,0.020821839266303467
2025-10-14 22:00:00,0.0,0.0004489489699258533
2025-10-14 23:00:00,0.0,0.000708477647951041
2025-10-15 00:00:00,0.0,0.007557197293088763
2025-10-15 01:00:00,0.0,0.0011644642880504397
2025-10-15 02:00:00,0.0,0.0014389152986466305
2025-10-15 03:00:00,0.0,0.000291639141337394
2025-10-15 04:00:00,0.0,0.0005760547257529739
2025-10-15 05:00:00,0.0,0.00021884119845646236
2025-10-15 06:00:00,0.0,0.002190517136079453
2025-10-15 07:00:00,0.0,0.0007088027422953494
2025-10-15 08:00:00,0.0,0.0026016215445145365
2025-10-15 09:00:00,0.0,0.009199985774468532
2025-10-15 10:00:00,0.0,0.007007575064281269
2025-10-15 11:00:00,0.0,0.00769871159731348
2025-10-15 12:00:00,0.0,0.006549236171486978
2025-10-15 13:00:00,0.0,0.003208807217536875
2025-10-15 14:00:00,0.0,0.0063770414101828495
2025-10-15 15:00:00,0.0,0.006186930404323164
2025-10-15 16:00:00,0.0,0.006809661425408874
2025-10-15 17:00:00,0.0,0.0059066038440437445
2025-10-15 18:00:00,0.0,0.005895164958109824
2025-10-15 19:00:00,0.0,0.005798632084021047
2025-10-15 20:00:00,0.0,0.04285091855536148
2025-10-15 21:00:00,0.0,0.003247533327078238
2025-10-15 22:00:00,0.0,0.0004779323728051331
2025-10-15 23:00:00,0.0,0.0006788736204117567
2025-10-16 00:00:00,0.0,0.00018302307860867934
2025-10-16 01:00:00,0.0,0.0001989527463460358
2025-10-16 02:00:00,0.0,0.00020020999601099522
2025-10-16 03:00:00,0.0,0.00019331161071951654
2025-10-16 04:00:00,0.0,0.0001936793837660973
2025-10-16 05:00:00,0.0,0.0002357817105574764
2025-10-16 06:00:00,0.0,0.00031779464024286164
2025-10-16 07:00:00,0.0,0.0029643117477522267
2025-10-16 08:00:00,0.0,0.002925195649117772
2025-10-16 09:00:00,0.0,0.001030315297621967
2025-10-16 10:00:00,0.0,0.001370073973961145
2025-10-16 11:00:00,0.0,0.0008285462881525729
2025-10-16 12:00:00,0.0,0.0009224809613945179
2025-10-16 13:00:00,0.0,0.002241537352557839
2025-10-16 14:00:00,0.0,0.0064599791612742
2025-10-16 15:00:00,0.0,0.0004381931858070161
2025-10-16 16:00:00,0.0,0.0007941227348872481
2025-10-16 17:00:00,0.0,0.00026010885462680053
2025-10-16 18:00:00,0.0,0.0004039823180791699
2025-10-16 19:00:00,0.0,0.0003212591324658119
2025-10-16 20:00:00,0.0,0.00025460974369717257
2025-10-16 21:00:00,0.0,0.00030481231047952746
2025-10-16 22:00:00,0.0,0.000317864175319903
2025-10-16 23:00:00,0.0,0.00034450866659230895
2025-10-17 00:00:00,0.0,0.0003789224236030641
2025-10-17 01:00:00,0.0,9.277323944950925e-05
2025-10-17 02:00:00,0.0,9.571054366142235e-05
2025-10-17 03:00:00,0.0,8.68247917984193e-05
2025-10-17 04:00:00,0.0,8.68247917984193e-05
2025-10-17 05:00:00,0.0,0.0002945753056621722
2025-10-17 06:00:00,0.0,0.0003914862200933357
2025-10-17 07:00:00,0.0,0.0007017767735284352
2025-10-17 08:00:00,0.0,0.005830046304068127
2025-10-17 09:00:00,0.0,0.0012680431287262805
2025-10-17 10:00:00,0.0,0.003332796802200015
2025-10-17 11:00:00,0.0,0.001029028552997817
2025-10-17 12:00:00,0.0,0.0018903358112220257
2025-10-17 13:00:00,0.0,0.0018708681177000506
2025-10-17 14:00:00,0.0,0.001641844858150858
2025-10-17 15:00:00,0.0,0.0018544986367097255
2025-10-17 16:00:00,0.0,0.0007771553055229936
2025-10-17 17:00:00,0.0,0.0006842201686791318
2025-10-17 18:00:00,0.0,0.000659835524392145
2025-10-17 19:00:00,0.0,0.0004328621694981988
2025-10-17 20:00:00,0.0,0.0020887907689826454
2025-10-17 21:00:00,0.0,0.0004577889588797508
2025-10-17 22:00:00,0.0,0.00039824206958012436
2025-10-17 23:00:00,0.0,8.091912298410348e-05
2025-10-18 00:00:00,0.0,8.247889001514378e-05
2025-10-18 01:00:00,0.0,9.20812850201805e-05
2025-10-18 02:00:00,0.0,9.593119529929402e-05
2025-10-18 03:00:00,0.0,0.0005065146535139995
2025-10-18 04:00:00,0.0,0.00043924321321155884
2025-10-18 05:00:00,0.0,0.001440981637079303
2025-10-18 06:00:00,0.0,0.0015441206666999508
2025-10-18 07:00:00,0.0,0.0008770652444610376
2025-10-18 08:00:00,0.0,0.0007237482102499125
2025-10-18 09:00:00,0.0,0.0017268401896622617
2025-10-18 10:00:00,0.0,0.013611540226669527
2025-10-18 11:00:00,0.0,0.0010520656512216873
2025-10-18 12:00:00,0.0,0.0018532228828526643
2025-10-18 13:00:00,0.0,0.03044052888201307
2025-10-18 14:00:00,0.0,0.11607523315754756
2025-10-18 15:00:00,0.0,0.03524389891687349
2025-10-18 16:00:00,0.0,0.015763309447210258
2025-10-18 17:00:00,0.0,0.1315708709822601
2025-10-18 18:00:00,0.0,0.03011218917280472
2025-10-18 19:00:00,0.0,0.015243287448029013
2025-10-18 20:00:00,0.0,0.04026507255748139
2025-10-18 21:00:00,0.0,0.0004039823180791699
2025-10-18 22:00:00,0.0,0.0003228836975415409
2025-10-18 23:00:00,0.0,0.014733744912945542
2025-10-19 00:00:00,0.0,0.0008324476998883052
2025-10-19 01:00:00,0.0,0.0004363320460796219
2025-10-19 02:00:00,0.0,0.011172735542825074
2025-10-19 03:00:00,0.0,0.016186714782045506
2025-10-19 04:00:00,0.0,0.0002179028968124926
2025-10-19 05:00:00,0.0,0.001439998836096502
2025-10-19 06:00:00,0.0,0.0033431378657171346
2025-10-19 07:00:00,0.0,0.005087861045710176
2025-10-19 08:00:00,0.0,0.0008936055099802842
2025-10-19 09:00:00,0.0,0.0017584348682870407
2025-10-19 10:00:00,0.0,0.002067799129654087
2025-10-19 11:00:00,0.0,0.0020945960294951067
2025-10-19 12:00:00,0.0,0.04154359433834176
2025-10-19 13:00:00,0.0,0.019974728757349347
2025-10-19 14:00:00,0.0,0.013199993053919118
2025-10-19 15:00:00,0.0,0.010669069349988528
2025-10-19 16:00:00,0.0,0.00045598782861868277
2025-10-19 17:00:00,0.0,0.0002987687096138999
2025-10-19 18:00:00,0.0,0.012699708097532923
2025-10-19 19:00:00,0.0,0.0005446980096166038
2025-10-19 20:00:00,0.0,0.0005966120005226433
2025-10-19 21:00:00,0.0,0.000389149895027095
2025-10-19 22:00:00,0.0,0.0003031898025444431
2025-10-19 23:00:00,0.0,0.0003596650326829019
2025-10-20 00:00:00,0.0,0.00047172473006491295
2025-10-20 01:00:00,0.0,0.00040310310290213146
2025-10-20 02:00:00,0.0,0.0005859684425025913
2025-10-20 03:00:00,0.0,0.00021543376101002362
2025-10-20 04:00:00,0.0,0.0011817724415037767
2025-10-20 05:00:00,0.0,0.001440981637079303
2025-10-20 06:00:00,0.0,0.0015441206666999508
2025-10-20 07:00:00,0.0,0.0006547129863459324
2025-10-20 08:00:00,0.0,0.003801621544514524
2025-10-20 09:00:00,0.0,0.0013773599119890196
2025-10-20 10:00:00,0.0,0.012985749936797172
2025-10-20 11:00:00,0.0,0.03325818148700914
2025-10-20 12:00:00,0.0,0.058615897331925584
2025-10-20 13:00:00,0.0,0.08164981042302927
2025-10-20 14:00:00,0.0,0.12423245225569145
2025-10-20 15:00:00,0.0,0.13969696839913495
2025-10-20 16:00:00,0.0,0.003643373316862309
2025-10-20 17:00:00,0.0,0.10568103981103802
2025-10-20 18:00:00,0.0,0.07881829120594808
2025-10-20 19:00:00,0.0,0.009156255920995966
2025-10-20 20:00:00,0.0,0.010806601449311963
2025-10-20 21:00:00,0.0,0.003054609743697147
2025-10-20 22:00:00,0.0,0.020112271819873805
2025-10-20 23:00:00,0.0,0.040185727681165254
2025-10-21 00:00:00,0.0,0.0004769577403846387
2025-10-21 01:00:00,0.0,0.01116798424447245
2025-10-21 02:00:00,0.0,0.0004480374959650322
2025-10-21 03:00:00,0.0,0.02811404190587383
2025-10-21 04:00:00,0.0,0.004301514952472076
2025-10-21 05:00:00,0.10000000000000178,0.09035357533520594
2025-10-21 06:00:00,0.10000000000000178,0.10861252367445762
2025-10-21 07:00:00,0.10000000000000178,0.10371304637709867
2025-10-21 08:00:00,0.10000000000000178,0.31088348848058445
2025-10-21 09:00:00,0.10000000000000178,0.14803500286847168
2025-10-21 10:00:00,0.10000000000000178,0.0921577657588259
2025-10-21 11:00:00,0.0,0.3741639057732995
2025-10-21 12:00:00,0.0,0.39096784252185696
2025-10-21 13:00:00,0.0,0.48921914017629253
2025-10-21 14:00:00,0.0,0.31491622114638035
2025-10-21 15:00:00,0.0,0.15595355634039407
2025-10-21 16:00:00,0.0,0.10472802843279763
2025-10-21 17:00:00,0.0,0.08723381672405386
2025-10-21 18:00:00,0.0,0.10963347797375855
2025-10-21 19:00:00,0.0,0.1328996213905909
2025-10-21 20:00:00,0.0,0.40565478510811204
2025-10-21 21:00:00,0.0,0.07214060783542024
2025-10-21 22:00:00,0.0,0.01191915484019189
2025-10-21 23:00:00,0.0,0.08710836135898957
2025-10-22 00:00:00,0.0,0.22021854611052927
2025-10-22 01:00:00,0.0,0.1485320708940031
2025-10-22 02:00:00,0.0,0.12080104863396264
2025-10-22 03:00:00,0.0,0.21139570970982227
2025-10-22 04:00:00,0.0,0.23998539931845922
2025-10-22 05:00:00,0.0,0.5549417526155702
2025-10-22 06:00:00,0.0,0.48007838218224896
2025-10-22 07:00:00,0.0,0.5898190978665273
2025-10-22 08:00:00,0.0,0.02888612419253124
2025-10-22 09:00:00,0.0,0.048535824109141396
2025-10-22 10:00:00,0.0,0.049544698856354076
2025-10-22 11:00:00,0.0,0.07344014999770829
2025-10-22 12:00:00,0.0,0.1017417468557139
2025-10-22 13:00:00,0.0,0.05709016534603672
2025-10-22 14:00:00,0.0,0.06480308180014023
2025-10-22 15:00:00,0.0,0.03833343847515337
2025-10-22 16:00:00,0.0,0.01281575494243809
2025-10-22 17:00:00,0.0,0.027443958030321895
2025-10-22 18:00:00,0.0,0.03765850067199586
2025-10-22 19:00:00,0.0,0.027695857368496078
2025-10-22 20:00:00,0.0,0.06432979897629819
2025-10-22 21:00:00,0.0,0.001540961647026647
2025-10-22 22:00:00,0.0,0.00038361786545086787
2025-10-22 23:00:00,0.0,0.022448289056559302
2025-10-23 00:00:00,0.0,0.0003774172165459578
2025-10-23 01:00:00,0.0,7.211664103375621e-05
2025-10-23 02:00:00,0.0,0.0002453258264128934
2025-10-23 03:00:00,0.0,6.269771910146118e-05
2025-10-23 04:00:00,0.0,6.664844578753037e-05
2025-10-23 05:00:00,0.0,6.314997827043172e-05
2025-10-23 06:00:00,0.0,6.070860493802346e-05
2025-10-23 07:00:00,0.0,6.070860493802346e-05
2025-10-23 08:00:00,0.0,0.008274022313983932
2025-10-23 09:00:00,0.0,0.0034966026100635727
2025-10-23 10:00:00,0.0,0.012397604510620629
2025-10-23 11:00:00,0.0,0.0009022318179250809
2025-10-23 12:00:00,0.0,0.07775741045544553
2025-10-23 13:00:00,0.0,0.09062516429579343
2025-10-23 14:00:00,0.0,0.012033851786588154
2025-10-23 15:00:00,0.0,0.0034305723440668573
2025-10-23 16:00:00,0.0,0.06810392139546904
2025-10-23 17:00:00,0.0,0.01241555379968135
2025-10-23 18:00:00,0.0,0.00033094255092456744
2025-10-23 19:00:00,0.0,0.00015117906750834276
2025-10-23 20:00:00,0.0,7.3260391380425e-05
2025-10-23 21:00:00,0.0,0.0004024863777645233
2025-10-23 22:00:00,0.0,0.0004095573722398876
2025-10-23 23:00:00,0.0,0.015949332648782396
2025-10-24 00:00:00,0.0,0.00023778853401616664
2025-10-24 01:00:00,0.0,0.00017589132780918376
2025-10-24 02:00:00,0.0,0.00019220692543125539
2025-10-24 03:00:00,0.0,0.00031084816961724187
2025-10-24 04:00:00,0.0,6.507372536245705e-05
2025-10-24 05:00:00,0.0,0.0014106500155426384
2025-10-24 06:00:00,0.0,0.030895593429345745
2025-10-24 07:00:00,0.0,0.0006096795273146542
2025-10-24 08:00:00,0.0,0.0013409677169677061
2025-10-24 09:00:00,0.0,0.0005483565030020413
2025-10-24 10:00:00,0.0,0.027869541091926228
2025-10-24 11:00:00,0.0,0.0015037484972055793
2025-10-24 12:00:00,0.0,0.01814449994702485
2025-10-24 13:00:00,0.0,0.005245166123005575
2025-10-24 14:00:00,0.0,0.005005472438057136
2025-10-24 15:00:00,0.0,0.014299030649734371
2025-10-24 16:00:00,0.0,0.03162470494215458
2025-10-24 17:00:00,0.0,0.000273582358085785
2025-10-24 18:00:00,0.0,0.0003877255006912048
2025-10-24 19:00:00,0.0,0.00018538682126301037
2025-10-24 20:00:00,0.0,0.0006706466275988382
2025-10-24 21:00:00,0.0,0.00046486065203049404
2025-10-24 22:00:00,0.0,0.000183419544808579
2025-10-24 23:00:00,0.0,0.00018349446879975146
2025-10-25 00:00:00,0.0,0.00048267231519092204
2025-10-25 01:00:00,0.0,0.00016215308235572833
2025-10-25 02:00:00,0.0,0.0004296296690985284
2025-10-25 03:00:00,0.0,0.0005721222103379571
2025-10-25 04:00:00,0.0,0.0014136600134530997
2025-10-25 05:00:00,0.0,0.0002399890812480483
2025-10-25 06:00:00,0.0,0.00031788258052362984
2025-10-25 07:00:00,0.0,0.009687084521863188
2025-10-25 08:00:00,0.0,0.006432125376820991
2025-10-25 09:00:00,0.0,0.0010755813440212472
2025-10-25 10:00:00,0.0,0.0027668784811555186
2025-10-25 11:00:00,0.0,0.007136218696574872
2025-10-25 12:00:00,0.0,0.003875159908205664
2025-10-25 13:00:00,0.0,0.1096397449775728
2025-10-25 14:00:00,0.0,0.0003242831397374789
2025-10-25 15:00:00,0.0,0.0003242831397374789
2025-10-25 16:00:00,0.0,0.011525196750955551
2025-10-25 17:00:00,0.0,0.0002203221461517428
2025-10-25 18:00:00,0.0,0.0002490241001765472
2025-10-25 19:00:00,0.0,0.00019010898990424603
2025-10-25 20:00:00,0.0,0.025657572755506813
2025-10-25 21:00:00,0.0,0.04970201719995125
2025-10-25 22:00:00,0.0,0.09765757275550681
2025-10-25 23:00:00,0.0,0.00016529092032076012
2025-10-26 00:00:00,0.0,0.0006170174109929731
2025-10-26 01:00:00,0.0,0.11410477736511959
2025-10-26 02:00:00,0.0,0.09765541885190628
2025-10-26 03:00:00,0.0,0.11412208551857292
2025-10-26 04:00:00,0.0,0.00026986030723182746
2025-10-26 05:00:00,0.0,0.010940198878171058
2025-10-26 06:00:00,0.0,0.018557985857535302
2025-10-26 07:00:00,0.0,0.0005389363226141493
2025-10-26 08:00:00,0.0,0.0062658717274051605
2025-10-26 09:00:00,0.0,0.0019453253116205767
2025-10-26 10:00:00,0.0,0.0022276227974493607
2025-10-26 11:00:00,0.0,0.01866805379679735
2025-10-26 12:00:00,0.0,0.003887994441702922
2025-10-26 13:00:00,0.0,0.00012568664850941578
2025-10-26 14:00:00,0.0,0.07505761647307078
2025-10-26 15:00:00,0.0,0.010457616473070811
2025-10-26 16:00:00,0.0,0.003916746046730204
2025-10-26 17:00:00,0.0,0.00030483325636536786
2025-10-26 18:00:00,0.0,0.012905728540346188
2025-10-26 19:00:00,0.0,0.002173324461637477
2025-10-26 20:00:00,0.0,0.0003202809913907748
2025-10-26 21:00:00,0.0,0.11207664013551973
2025-10-26 22:00:00,0.0,0.00037238112845153177
2025-10-26 23:00:00,0.0,0.20889504973152412
2025-10-27 00:00:00,0.0,0.12618514731331365
2025-10-27 01:00:00,0.0,0.00021668110409085676
2025-10-27 02:00:00,0.0,0.051034618269583935
2025-10-27 03:00:00,0.0,0.01138996995154114
2025-10-27 04:00:00,0.0,0.0020390062802652315
2025-10-27 05:00:00,0.0,0.010970465346571328
2025-10-27 06:00:00,0.0,7.42073820460783e-05
2025-10-27 07:00:00,0.0,7.274372059113802e-05
2025-10-27 08:00:00,0.0,0.0010422549028183835
2025-10-27 09:00:00,0.0,0.0019443425106377757
2025-10-27 10:00:00,0.0,0.02909796447733383
2025-10-27 11:00:00,0.0,0.04449750504303574
2025-10-27 12:00:00,0.0,0.04769648150798882
2025-10-27 13:00:00,0.0,0.01678158676257549
2025-10-27 14:00:00,0.0,0.0435920774110277
2025-10-27 15:00:00,0.0,0.09850489360877215
2025-10-27 16:00:00,0.0,0.07127037808012184
2025-10-27 17:00:00,0.0,0.06640660519607904
2025-10-27 18:00:00,0.0,0.07297247565680326
2025-10-27 19:00:00,0.0,0.04533579069697023
2025-10-27 20:00:00,0.0,0.04274883743976866
2025-10-27 21:00:00,0.0,0.14392848948357642
2025-10-27 22:00:00,0.0,0.20194610135708888
2025-10-27 23:00:00,0.0,0.35133504928599646
2025-10-28 00:00:00,0.0,0.22846967207188235
2025-10-28 01:00:00,0.0,0.4420940483140087
2025-10-28 02:00:00,0.0,0.4180497070306401
2025-10-28 03:00:00,0.0,0.1533219650870392
2025-10-28 04:00:00,0.0,0.15667189441637264
2025-10-28 05:00:00,0.0,0.12561882211858985
2025-10-28 06:00:00,0.10000000000000178,0.1272774329010828
2025-10-28 07:00:00,0.10000000000000178,0.29092339230533826
2025-10-28 08:00:00,0.10000000000000178,0.13488497403845226
2025-10-28 09:00:00,0.10000000000000178,0.17086246581292158
2025-10-28 10:00:00,0.10000000000000178,0.12027557750440325
2025-10-28 11:00:00,0.10000000000000178,0.16927261609130165
2025-10-28 12:00:00,0.0,0.45472473414017683
2025-10-28 13:00:00,0.0,0.6565084711779431
2025-10-28 14:00:00,0.0,1.9793578362573092
2025-10-28 15:00:00,0.0,0.36723228838015426
2025-10-28 16:00:00,0.0,0.6111072898197245
2025-10-28 17:00:00,0.0,0.08698953811825884
2025-10-28 18:00:00,0.0,0.08021167370983559
2025-10-28 19:00:00,0.0,0.06840529579359902
2025-10-28 20:00:00,0.0,0.0591377024445297
2025-10-28 21:00:00,0.0,0.3477700413047798
2025-10-28 22:00:00,0.0,0.4880428530217613
2025-10-28 23:00:00,0.0,0.4058235786154489
2025-10-29 00:00:00,0.0,0.418049411887437
2025-10-29 01:00:00,0.0,0.4729257361795844
2025-10-29 02:00:00,0.0,0.49771268565770477
2025-10-29 03:00:00,0.0,0.1794739935914437
2025-10-29 04:00:00,0.0,0.15920413345415743
2025-10-29 05:00:00,0.0,0.30445789660063977
2025-10-29 06:00:00,0.0,0.37796450555356376
2025-10-29 07:00:00,0.0,0.44642008199231675
2025-10-29 08:00:00,0.0,0.16834267863901659
2025-10-29 09:00:00,0.0,0.13992307086281514
2025-10-29 10:00:00,0.0,0.15975079247014562
2025-10-29 11:00:00,0.0,0.17590973388003037
2025-10-29 12:00:00,0.0,0.1631098664313304
2025-10-29 13:00:00,0.0,0.07020951037722085
2025-10-29 14:00:00,0.0,0.03459592493161234
2025-10-29 15:00:00,0.0,0.13226920206615425
2025-10-29 16:00:00,0.0,0.1690188964102438
2025-10-29 17:00:00,0.0,0.08876031712335627
2025-10-29 18:00:00,0.0,0.10705739400676478
2025-10-29 19:00:00,0.0,0.08932877835211842
2025-10-29 20:00:00,0.0,0.14783170974053117
2025-10-29 21:00:00,0.0,0.15156549814799
2025-10-29 22:00:00,0.0,0.24428693403152812
2025-10-29 23:00:00,0.0,0.24632034538317849
2025-10-30 00:00:00,0.0,0.09966482998465
2025-10-30 01:00:00,0.0,0.07867881469850804
2025-10-30 02:00:00,0.0,0.07368514242546188
2025-10-30 03:00:00,0.0,0.07750739840971721
2025-10-30 04:00:00,0.0,0.07413281407750946
2025-10-30 05:00:00,0.0,0.10866937793050134
2025-10-30 06:00:00,0.0,0.08543897997882328
2025-10-30 07:00:00,0.0,0.08765911560144328
2025-10-30 08:00:00,0.0,0.2729085653371164
2025-10-30 09:00:00,0.0,0.3769030817664028
2025-10-30 10:00:00,0.0,0.2535102440406574
2025-10-30 11:00:00,0.0,0.10775084060317522
2025-10-30 12:00:00,0.0,0.1356686279684572
2025-10-30 13:00:00,0.0,0.11494123587232773
2025-10-30 14:00:00,0.0,0.10722375820010399
2025-10-30 15:00:00,0.0,0.12881021271814644
2025-10-30 16:00:00,0.0,0.10826393297992168
2025-10-30 17:00:00,0.0,0.1070317723185345
2025-10-30 18:00:00,0.30000000000000177,0.08371871105622067
2025-10-30 19:00:00,0.30000000000000177,0.14654542262112172
2025-10-30 20:00:00,0.30000000000000177,0.4247026213631118
2025-10-30 21:00:00,0.30000000000000177,0.38704220248197807
2025-10-30 22:00:00,0.30000000000000177,0.4534804741702948
2025-10-30 23:00:00,0.30000000000000177,0.6711472607455332
2025-10-31 00:00:00,0.0,2.067730096997705
2025-10-31 01:00:00,0.0,2.518625143691942
2025-10-31 02:00:00,0.0,1.9900792926556319
2025-10-31 03:00:00,0.0,2.074837021644033
2025-10-31 04:00:00,0.0,2.1135560800612683
2025-10-31 05:00:00,0.0,0.6964475369241847
2025-10-31 06:00:00,0.10000000000000178,2.387633213742118
2025-10-31 07:00:00,0.10000000000000178,1.6605991667872897
2025-10-31 08:00:00,0.10000000000000178,2.174752552960669
2025-10-31 09:00:00,0.10000000000000178,0.3844577421611048
2025-10-31 10:00:00,0.10000000000000178,0.8463093566789348
2025-10-31 11:00:00,0.10000000000000178,0.22163041520319038
2025-10-31 12:00:00,0.0,0.21192476493943616
2025-10-31 13:00:00,0.0,0.0709895710245994
2025-10-31 14:00:00,0.0,0.0451215301887048
2025-10-31 15:00:00,0.0,0.24077043929886616
2025-10-31 16:00:00,0.0,0.06938984105415306
2025-10-31 17:00:00,0.0,0.3361680442222276
2025-10-31 18:00:00,0.0,0.1628082990612433
2025-10-31 19:00:00,0.0,0.1114188672660624
2025-10-31 20:00:00,0.0,0.10113126701504183
2025-10-31 21:00:00,0.0,0.10472245785516775
2025-10-31 22:00:00,0.0,0.01854625486221787
2025-10-31 23:00:00,0.0,0.15931130547765276
2025-11-01 00:00:00,0.0,0.04377344054303975
2025-11-01 01:00:00,0.0,0.02406368702235246
2025-11-01 02:00:00,0.0,0.015528486280991145
2025-11-01 03:00:00,0.0,0.01442372437622934
2025-11-01 04:00:00,0.0,0.015331142754952098
2025-11-01 05:00:00,0.0,0.04313944313172714
2025-11-01 06:00:00,0.0,0.020864520086878384
2025-11-01 07:00:00,0.0,0.004692660320060169
2025-11-01 08:00:00,0.0,0.004445625425479043
2025-11-01 09:00:00,0.0,0.00753301017916162
2025-11-01 10:00:00,0.0,0.03267162992530134
2025-11-01 11:00:00,0.0,0.0566161340092666
2025-11-01 12:00:00,0.0,0.0023153154835030615
2025-11-01 13:00:00,0.0,0.000911792096159959
2025-11-01 14:00:00,0.0,0.0004331626079737046
2025-11-01 15:00:00,0.0,0.0009486683426796251
2025-11-01 16:00:00,0.0,0.00040351730197555073
2025-11-01 17:00:00,0.0,0.00032816445494299466
2025-11-01 18:00:00,0.0,0.0002933898327313134
2025-11-01 19:00:00,0.0,0.00022206654057147388
2025-11-01 20:00:00,0.0,0.00018615660849583142
2025-11-01 21:00:00,0.0,0.0005180746708020603
2025-11-01 22:00:00,0.0,0.0004380746708020617
2025-11-01 23:00:00,0.0,0.00022393562078667264
2025-11-02 00:00:00,0.0,0.00016379193351017017
2025-11-02 01:00:00,0.0,0.0001991677628229156
2025-11-02 02:00:00,0.0,0.00020086989048249005
2025-11-02 03:00:00,0.0,0.00019433927823759217
2025-11-02 04:00:00,0.0,0.00019331161071951654
2025-11-02 05:00:00,0.0,0.00019263715057801775
2025-11-02 06:00:00,0.0,0.00019263715057801775
2025-11-02 07:00:00,0.0,6.140324889011464e-05
2025-11-02 08:00:00,0.0,0.0004595005603328541
2025-11-02 09:00:00,0.0,0.0010141439069340642
2025-11-02 10:00:00,0.0,0.0005874072901888113
2025-11-02 11:00:00,0.0,0.001170383443958389
2025-11-02 12:00:00,0.0,0.00034141238165784143
2025-11-02 13:00:00,0.0,0.0009841385106239293
2025-11-02 14:00:00,0.0,0.00044714750825056214
2025-11-02 15:00:00,0.0,0.0014903434551050755
2025-11-02 16:00:00,0.0,0.00032979046408065005
2025-11-02 17:00:00,0.0,0.00031271029368877274
2025-11-02 18:00:00,0.0,0.000422249498933815
2025-11-02 19:00:00,0.0,0.0004129846281702685
2025-11-02 20:00:00,0.0,0.00025899232233323973
2025-11-02 21:00:00,0.0,0.000178807552276858
2025-11-02 22:00:00,0.0,0.000178807552276858
2025-11-02 23:00:00,0.0,0.00018969975106854434
2025-11-03 00:00:00,0.0,0.00015569343503693873
2025-11-03 01:00:00,0.0,0.0001948795327089014
2025-11-03 02:00:00,0.0,0.0004191588404865187
2025-11-03 03:00:00,0.0,0.0004191588404865187
2025-11-03 04:00:00,0.0,0.0033020325841882814
2025-11-03 05:00:00,0.0,0.0004162915664842515
2025-11-03 06:00:00,0.0,0.0004162915664842515
2025-11-03 07:00:00,0.0,0.00025606491311332873
2025-11-03 08:00:00,0.0,0.00019953553586949638
2025-11-03 09:00:00,0.0,0.0024967091318554577
2025-11-03 10:00:00,0.0,0.002859451579691445
2025-11-03 11:00:00,0.0,0.0031568551703504946
2025-11-03 12:00:00,0.0,0.001052374063868469
2025-11-03 13:00:00,0.0,0.00045443725052646565
2025-11-03 14:00:00,0.0,0.0004449069606263871
2025-11-03 15:00:00,0.0,0.0003885662122660301
2025-11-03 16:00:00,0.0,0.00034277092213571425
2025-11-03 17:00:00,0.0,0.00042694198241207597
2025-11-03 18:00:00,0.0,0.0003200106208543404
2025-11-03 19:00:00,0.0,0.001415617845156364
2025-11-03 20:00:00,0.0,0.00024890953163642375
2025-11-03 21:00:00,0.0,0.0003529749061964297
2025-11-03 22:00:00,0.0,0.0004620658152873378
2025-11-03 23:00:00,0.0,0.00020348672308482377
2025-11-04 00:00:00,0.0,0.0002858388411227215
2025-11-04 01:00:00,0.0,0.0004116850405725432
2025-11-04 02:00:00,0.0,0.0004162915664842515
2025-11-04 03:00:00,0.0,0.0275874912689025
2025-11-04 04:00:00,0.0,0.1717285187194535
2025-11-04 05:00:00,0.0,0.35726037358220036
2025-11-04 06:00:00,0.0,0.13018448245497669
2025-11-04 07:00:00,0.0,0.000248624844455159
2025-11-04 08:00:00,0.0,0.0699647611470762
2025-11-04 09:00:00,0.0,0.012535732194085476
2025-11-04 10:00:00,0.0,0.09208801049508454
2025-11-04 11:00:00,0.0,0.008547236887042018
2025-11-04 12:00:00,0.0,0.000708532444579165
2025-11-04 13:00:00,0.0,0.005970993382850492
2025-11-04 14:00:00,0.0,0.0003876353660046735
2025-11-04 15:00:00,0.0,0.01783261329510632
2025-11-04 16:00:00,0.0,0.032172364161119064
2025-11-04 17:00:00,0.0,0.04728475686234237
2025-11-04 18:00:00,0.0,0.0817399701109375
2025-11-04 19:00:00,0.10000000000000178,0.015849054115520015
2025-11-04 20:00:00,0.10000000000000178,0.03349362191628093
2025-11-04 21:00:00,0.10000000000000178,0.05653806096226873
2025-11-04 22:00:00,0.10000000000000178,0.060772083623145394
2025-11-04 23:00:00,0.10000000000000178,0.11105450898694688
2025-11-05 00:00:00,0.10000000000000178,0.08384333772258781
2025-11-05 01:00:00,0.0,1.6452750466237729
2025-11-05 02:00:00,0.0,1.1056311674563104
2025-11-05 03:00:00,0.0,1.1097985759093307
2025-11-05 04:00:00,0.0,0.3400379009856527
2025-11-05 05:00:00,0.0,0.836577256066529
2025-11-05 06:00:00,0.0,1.5136595061017344
2025-11-05 07:00:00,0.0,0.8430919239564343
2025-11-05 08:00:00,0.0,0.06423048689991885
2025-11-05 09:00:00,0.0,0.03615909208134229
2025-11-05 10:00:00,0.0,0.04978050018553635
2025-11-05 11:00:00,0.0,0.09547297832372773
2025-11-05 12:00:00,0.0,0.08053655482129715
2025-11-05 13:00:00,0.0,0.10038885003056294
2025-11-05 14:00:00,0.0,0.06230717669634534
2025-11-05 15:00:00,0.0,0.0430152104681626
2025-11-05 16:00:00,0.0,0.051075531563722264
2025-11-05 17:00:00,0.0,0.10644347465447387
2025-11-05 18:00:00,0.0,0.11493445612724085
2025-11-05 19:00:00,0.0,0.12952402091251844
2025-11-05 20:00:00,0.0,0.12540732041140676
2025-11-05 21:00:00,0.0,0.08057945990265165
2025-11-05 22:00:00,0.0,0.06763673048737398
2025-11-05 23:00:00,0.0,0.09980803636986552
2025-11-06 00:00:00,0.0,0.09083492292847534
2025-11-06 01:00:00,0.0,0.012698599333327025
2025-11-06 02:00:00,0.0,0.00040896085633742674
2025-11-06 03:00:00,0.0,0.00018946122945710447
2025-11-06 04:00:00,0.0,0.00018946122945710447
2025-11-06 05:00:00,0.0,0.0005106264300069969
2025-11-06 06:00:00,0.0,6.140324889011464e-05
2025-11-06 07:00:00,0.0,6.034083189144268e-05
2025-11-06 08:00:00,0.0,6.034083189144268e-05
2025-11-06 09:00:00,0.0,6.034083189144268e-05
2025-11-06 10:00:00,0.0,6.085729412514183e-05
2025-11-06 11:00:00,0.0,9.771448994712303e-05
2025-11-06 12:00:00,0.0,0.00017632037610850916
2025-11-06 13:00:00,0.0,0.00017388482708304443
2025-11-06 14:00:00,0.0,0.00017494724408171638
2025-11-06 15:00:00,0.0,0.0002265427624045983
2025-11-06 16:00:00,0.0,0.00016203244336379264
2025-11-06 17:00:00,0.0,7.848531296913693e-05
2025-11-06 18:00:00,0.0,5.8308966958248035e-05
2025-11-06 19:00:00,0.0,5.673008772587693e-05
2025-11-06 20:00:00,0.0,5.673008772587693e-05
2025-11-06 21:00:00,0.0,5.673008772587693e-05
2025-11-06 22:00:00,0.0,5.673008772587693e-05
2025-11-06 23:00:00,0.0,5.673008772587693e-05
2025-11-07 00:00:00,0.0,4.205502605443885e-05
2025-11-07 01:00:00,0.0,6.140324889011464e-05
2025-11-07 02:00:00,0.0,6.140324889011464e-05
2025-11-07 03:00:00,0.0,6.140324889011464e-05
2025-11-07 04:00:00,0.0,6.140324889011464e-05
2025-11-07 05:00:00,0.0,6.034083189144268e-05
2025-11-07 06:00:00,0.0,6.034083189144268e-05
2025-11-07 07:00:00,0.0,6.034083189144268e-05
2025-11-07 08:00:00,0.0,6.034083189144268e-05
2025-11-07 09:00:00,0.0,6.070860493802346e-05
2025-11-07 10:00:00,0.0,6.04050349561713e-05
2025-11-07 11:00:00,0.0,0.00028798264777527986
2025-11-07 12:00:00,0.0,0.00017632037610850916
2025-11-07 13:00:00,0.0,0.00017695355164599547
2025-11-07 14:00:00,0.0,0.0001747562259210703
2025-11-07 15:00:00,0.0,0.00018244116054390633
2025-11-07 16:00:00,0.0,0.0001653671082766794
2025-11-07 17:00:00,0.0,5.7246549959576076e-05
2025-11-07 18:00:00,0.0,5.7246549959576076e-05
2025-11-07 19:00:00,0.0,5.673008772587693e-05
2025-11-07 20:00:00,0.0,5.673008772587693e-05
2025-11-07 21:00:00,0.0,5.673008772587693e-05
2025-11-07 22:00:00,0.0,5.673008772587693e-05
2025-11-07 23:00:00,0.0,5.673008772587693e-05
2025-11-08 00:00:00,0.0,4.205502605443885e-05
2025-11-08 01:00:00,0.0,6.034083189144268e-05
2025-11-08 02:00:00,0.0,6.034083189144268e-05
2025-11-08 03:00:00,0.0,6.034083189144268e-05
2025-11-08 04:00:00,0.0,6.034083189144268e-05
2025-11-08 05:00:00,0.0,6.034083189144268e-05
2025-11-08 06:00:00,0.0,6.034083189144268e-05
2025-11-08 07:00:00,0.0,6.034083189144268e-05
2025-11-08 08:00:00,0.0,6.459347295759295e-05
2025-11-08 09:00:00,0.0,0.00030847590209068276
2025-11-08 10:00:00,0.0,0.0009957173352918567
2025-11-08 11:00:00,0.0,0.0002888339247519291
2025-11-08 12:00:00,0.0,0.00017668814915508993
2025-11-08 13:00:00,0.0,0.00017668814915508993
2025-11-08 14:00:00,0.0,0.00017668814915508993
2025-11-08 15:00:00,0.0,0.00018896799756031035
2025-11-08 16:00:00,0.0,0.0002777649970956127
2025-11-08 17:00:00,0.0,0.00018115933851636172
2025-11-08 18:00:00,0.0,6.098272879202721e-05
2025-11-08 19:00:00,0.0,5.673008772587693e-05
2025-11-08 20:00:00,0.0,5.673008772587693e-05
2025-11-08 21:00:00,0.0,5.673008772587693e-05
2025-11-08 22:00:00,0.0,5.673008772587693e-05
2025-11-08 23:00:00,0.0,5.673008772587693e-05
2025-11-09 00:00:00,0.0,4.205502605443885e-05
2025-11-09 01:00:00,0.0,6.034083189144268e-05
2025-11-09 02:00:00,0.0,6.034083189144268e-05
2025-11-09 03:00:00,0.0,6.034083189144268e-05
2025-11-09 04:00:00,0.0,6.034083189144268e-05
2025-11-09 05:00:00,0.0,6.034083189144268e-05
2025-11-09 06:00:00,0.0,6.034083189144268e-05
2025-11-09 07:00:00,0.0,6.034083189144268e-05
2025-11-09 08:00:00,0.0,6.034083189144268e-05
2025-11-09 09:00:00,0.0,0.004653144425501171
2025-11-09 10:00:00,0.0,0.008183855527781909
2025-11-09 11:00:00,0.0,0.00010468184443414964
2025-11-09 12:00:00,0.0,0.00017632037610850916
2025-11-09 13:00:00,0.0,0.00017632037610850916
2025-11-09 14:00:00,0.0,0.00017632037610850916
2025-11-09 15:00:00,0.0,0.0001773827931071811
2025-11-09 16:00:00,0.0,0.008298513176859538
2025-11-09 17:00:00,0.0,0.00017851033189384517
2025-11-09 18:00:00,0.0,0.0004269089565235317
2025-11-09 19:00:00,0.0,5.709786077245771e-05
2025-11-09 20:00:00,0.0,5.673008772587693e-05
2025-11-09 21:00:00,0.0,5.673008772587693e-05
2025-11-09 22:00:00,0.0,5.673008772587693e-05
2025-11-09 23:00:00,0.0,5.673008772587693e-05
2025-11-10 00:00:00,0.0,4.205502605443885e-05
2025-11-10 01:00:00,0.0,6.140324889011464e-05
2025-11-10 02:00:00,0.0,6.140324889011464e-05
2025-11-10 03:00:00,0.0,6.140324889011464e-05
2025-11-10 04:00:00,0.0,0.009321089382600739
2025-11-10 05:00:00,0.0,0.0031782675036567776
2025-11-10 06:00:00,0.0,0.003986068197926615
2025-11-10 07:00:00,0.0,6.070860493802346e-05
2025-11-10 08:00:00,0.0,0.00023451774312685295
2025-11-10 09:00:00,0.0,0.011635035429994008
2025-11-10 10:00:00,0.0,0.0007390740668351308
2025-11-10 11:00:00,0.0,0.027539742762704624
2025-11-10 12:00:00,0.0,0.00017632037610850916
2025-11-10 13:00:00,0.0,0.00017632037610850916
2025-11-10 14:00:00,0.0,0.00017632037610850916
2025-11-10 15:00:00,0.0,0.0029898170119255227
2025-11-10 16:00:00,0.0,0.0004806649665264848
2025-11-10 17:00:00,0.0,0.0001350093982281058
2025-11-10 18:00:00,0.0,0.00011926533687435703
2025-11-10 19:00:00,0.0,0.0001909943512334732
2025-11-10 20:00:00,0.0,0.0036724177212860407
2025-11-10 21:00:00,0.0,0.0006897918090224847
2025-11-10 22:00:00,0.0,0.00011855753897386403
2025-11-10 23:00:00,0.0,0.014561604924042628
2025-11-11 00:00:00,0.0,4.205502605443885e-05
2025-11-11 01:00:00,0.0,6.034083189144268e-05
2025-11-11 02:00:00,0.0,6.034083189144268e-05
2025-11-11 03:00:00,0.0,6.034083189144268e-05
2025-11-11 04:00:00,0.0,6.034083189144268e-05
2025-11-11 05:00:00,0.0,7.060558195188561e-05
2025-11-11 06:00:00,0.0,7.023780890530484e-05
2025-11-11 07:00:00,0.0,6.208756127175977e-05
2025-11-11 08:00:00,0.0,6.070860493802346e-05
2025-11-11 09:00:00,0.0,0.0023931399873547286
2025-11-11 10:00:00,0.0,6.510993519129211e-05
2025-11-11 11:00:00,0.0,0.00019494768962506027
2025-11-11 12:00:00,0.0,0.00018343183607711188
2025-11-11 13:00:00,0.0,0.0001760162658041811
2025-11-11 14:00:00,0.0,0.00017388482708304443
2025-11-11 15:00:00,0.0,0.00017632037610850916
2025-11-11 16:00:00,0.0,9.365148661258671e-05
2025-11-11 17:00:00,0.0,5.761432300615686e-05
2025-11-11 18:00:00,0.0,5.673008772587693e-05
2025-11-11 19:00:00,0.0,5.673008772587693e-05
2025-11-11 20:00:00,0.0,5.673008772587693e-05
2025-11-11 21:00:00,0.0,5.673008772587693e-05
2025-11-11 22:00:00,0.0,5.673008772587693e-05
2025-11-11 23:00:00,0.0,5.673008772587693e-05
2025-11-12 00:00:00,0.0,4.205502605443885e-05
2025-11-12 01:00:00,0.0,6.034083189144268e-05
2025-11-12 02:00:00,0.0,6.034083189144268e-05
2025-11-12 03:00:00,0.0,6.034083189144268e-05
2025-11-12 04:00:00,0.0,6.034083189144268e-05
2025-11-12 05:00:00,0.0,6.034083189144268e-05
2025-11-12 06:00:00,0.0,6.034083189144268e-05
2025-11-12 07:00:00,0.0,6.034083189144268e-05
2025-11-12 08:00:00,0.0,6.034083189144268e-05
2025-11-12 09:00:00,0.0,6.459347295759295e-05
2025-11-12 10:00:00,0.0,6.122506717172261e-05
2025-11-12 11:00:00,0.0,9.771448994712303e-05
2025-11-12 12:00:00,0.0,0.00018757691379731904
2025-11-12 13:00:00,0.0,0.00018757691379731904
2025-11-12 14:00:00,0.0,0.00018757691379731904
2025-11-12 15:00:00,0.0,0.00017632037610850916
2025-11-12 16:00:00,0.0,0.00012559774649300914
2025-11-12 17:00:00,0.0,5.7246549959576076e-05
2025-11-12 18:00:00,0.0,5.673008772587693e-05
2025-11-12 19:00:00,0.0,5.673008772587693e-05
2025-11-12 20:00:00,0.0,5.673008772587693e-05
2025-11-12 21:00:00,0.0,5.673008772587693e-05
2025-11-12 22:00:00,0.0,5.673008772587693e-05
2025-11-12 23:00:00,0.0,5.673008772587693e-05
2025-11-13 00:00:00,0.0,4.205502605443885e-05
2025-11-13 01:00:00,0.0,6.034083189144268e-05
2025-11-13 02:00:00,0.0,6.034083189144268e-05
2025-11-13 03:00:00,0.0,6.034083189144268e-05
2025-11-13 04:00:00,0.0,6.034083189144268e-05
2025-11-13 05:00:00,0.0,6.208756127175977e-05
2025-11-13 06:00:00,0.0,6.245533431834055e-05
2025-11-13 07:00:00,0.0,6.208756127175977e-05
2025-11-13 08:00:00,0.0,6.459347295759295e-05
2025-11-13 09:00:00,0.0,0.0009156422559236001
2025-11-13 10:00:00,0.0,0.006764368318297036
2025-11-13 11:00:00,0.0,6.945621883471918e-05
2025-11-13 12:00:00,0.0,0.00027531118107084547
2025-11-13 13:00:00,0.0,0.00016414805825344943
2025-11-13 14:00:00,0.0,0.00018774894753708035
2025-11-13 15:00:00,0.0,0.00016414805825344943
2025-11-13 16:00:00,0.0,0.0005719652597464745
2025-11-13 17:00:00,0.0,0.009058970230204418
2025-11-13 18:00:00,0.0,5.709786077245771e-05
2025-11-13 19:00:00,0.0,5.673008772587693e-05
2025-11-13 20:00:00,0.0,5.673008772587693e-05
2025-11-13 21:00:00,0.0,5.673008772587693e-05
2025-11-13 22:00:00,0.0,5.673008772587693e-05
2025-11-13 23:00:00,0.0,5.673008772587693e-05
2025-11-14 00:00:00,0.0,4.205502605443885e-05
2025-11-14 01:00:00,0.0,6.070860493802346e-05
2025-11-14 02:00:00,0.0,6.034083189144268e-05
2025-11-14 03:00:00,0.0,6.034083189144268e-05
2025-11-14 04:00:00,0.0,6.034083189144268e-05
2025-11-14 05:00:00,0.0,0.000637239864167195
2025-11-14 06:00:00,0.0,0.0001844367406513706
2025-11-14 07:00:00,0.0,6.208756127175977e-05
2025-11-14 08:00:00,0.0,6.459347295759295e-05
2025-11-14 09:00:00,0.0,0.00984823485476189
2025-11-14 10:00:00,0.0,0.0009470763161489938
2025-11-14 11:00:00,0.0,7.687113554599076e-05
2025-11-14 12:00:00,0.0,9.592906296585806e-05
2025-11-14 13:00:00,0.0,0.00016414805825344943
2025-11-14 14:00:00,0.0,0.00016414805825344943
2025-11-14 15:00:00,0.0,9.592906296585806e-05
2025-11-14 16:00:00,0.0,0.0003289448910419317
2025-11-14 17:00:00,0.0,0.00026402423233739625
2025-11-14 18:00:00,0.0,0.01047927513679717
2025-11-14 19:00:00,0.0,0.0009605483854682696
2025-11-14 20:00:00,0.0,0.000338829013342561
2025-11-14 21:00:00,0.0,0.0018913864804847155
2025-11-14 22:00:00,0.0,5.709786077245771e-05
2025-11-14 23:00:00,0.0,5.709786077245771e-05
2025-11-15 00:00:00,0.0,4.205502605443885e-05
2025-11-15 01:00:00,0.0,5.988857272247214e-05
2025-11-15 02:00:00,0.0,6.163530210278922e-05
2025-11-15 03:00:00,0.0,6.245533431834055e-05
2025-11-15 04:00:00,0.0,6.245533431834055e-05
2025-11-15 05:00:00,0.0,0.00024008760245528558
2025-11-15 06:00:00,0.0,0.00019042797050979868
2025-11-15 07:00:00,0.0,6.163530210278922e-05
2025-11-15 08:00:00,0.0,0.0010999940260678657
2025-11-15 09:00:00,0.0,0.002415692682270987
2025-11-15 10:00:00,0.0,0.000878150866743513
2025-11-15 11:00:00,0.0,0.00046471254065386536
2025-11-15 12:00:00,0.0,0.00027886209326040754
2025-11-15 13:00:00,0.0,0.00016414805825344943
2025-11-15 14:00:00,0.0,0.00016414805825344943
2025-11-15 15:00:00,0.0,0.0001407936803542317
2025-11-15 16:00:00,0.0,0.00027635687780494224
2025-11-15 17:00:00,0.0,0.0002228585732382992
2025-11-15 18:00:00,0.0,0.00022325662719672472
2025-11-15 19:00:00,0.0,8.32756572092458e-05
2025-11-15 20:00:00,0.0,0.00013038855547701432
2025-11-15 21:00:00,0.0,0.003804857867434564
2025-11-15 22:00:00,0.0,0.013616131021477807
2025-11-15 23:00:00,0.0,0.01058654628667727
2025-11-16 00:00:00,0.0,0.007079719511338694
2025-11-16 01:00:00,0.0,0.00020855097657124068
2025-11-16 02:00:00,0.0,0.00019878053598676
2025-11-16 03:00:00,0.0,0.00024465749635165364
2025-11-16 04:00:00,0.0,6.163530210278922e-05
2025-11-16 05:00:00,0.0,0.00024465749635165364
2025-11-16 06:00:00,0.0,7.274372059113802e-05
2025-11-16 07:00:00,0.0,0.00010552345712440079
2025-11-16 08:00:00,0.0,9.696546567010433e-05
2025-11-16 09:00:00,0.0,0.0029813520746713507
2025-11-16 10:00:00,0.0,0.000520087944846412
2025-11-16 11:00:00,0.0,9.830196011935477e-05
2025-11-16 12:00:00,0.0,0.00012819265681144164
2025-11-16 13:00:00,0.0,0.00016414805825344943
2025-11-16 14:00:00,0.0,0.00016414805825344943
2025-11-16 15:00:00,0.0,0.00018619490815676869
2025-11-16 16:00:00,0.0,6.584547466915343e-05
2025-11-16 17:00:00,0.0,0.001166649501458499
2025-11-16 18:00:00,0.0,0.00042182943915037983
2025-11-16 19:00:00,0.0,0.0037140694214090335
2025-11-16 20:00:00,0.0,0.006966172576790482
2025-11-16 21:00:00,0.0,0.00030405456781122805
2025-11-16 22:00:00,0.0,0.002042283646737202
2025-11-16 23:00:00,0.0,0.002073921348554608
2025-11-17 00:00:00,0.0,0.00019765377542337972
2025-11-17 01:00:00,0.0,7.274372059113802e-05
2025-11-17 02:00:00,0.0,7.274372059113802e-05
2025-11-17 03:00:00,0.0,0.00019878053598676
2025-11-17 04:00:00,0.0,0.00018969291317043707
2025-11-17 05:00:00,0.0,0.0006198986660362221
2025-11-17 06:00:00,0.0,0.00127176851559095
2025-11-17 07:00:00,0.0,0.00031821851359219573
2025-11-17 08:00:00,0.0,0.001598346782317296
2025-11-17 09:00:00,0.0,0.0002721038396995809
2025-11-17 10:00:00,0.0,0.0005047947613432202
2025-11-17 11:00:00,0.0,0.0005236515758999728
2025-11-17 12:00:00,0.0,0.0008811397570968241
2025-11-17 13:00:00,0.0,0.001504273709752346
2025-11-17 14:00:00,0.0,0.0004963326517498267
2025-11-17 15:00:00,0.0,0.0002368859725260341
2025-11-17 16:00:00,0.0,0.0001647078773904417
2025-11-17 17:00:00,0.0,6.454311826991382e-05
2025-11-17 18:00:00,0.0,6.454311826991382e-05
2025-11-17 19:00:00,0.0,0.0012772227963824046
2025-11-17 20:00:00,0.0,0.001966654148634342
2025-11-17 21:00:00,0.0,0.0020836385816556677
2025-11-17 22:00:00,0.0,0.0002851966802542778
2025-11-17 23:00:00,0.0,0.0017230488817922178
2025-11-18 00:00:00,0.0,0.00017684720036116003
2025-11-18 01:00:00,0.0,0.0006204786485523295
2025-11-18 02:00:00,0.0,0.054216135645775945
2025-11-18 03:00:00,0.0,0.644559161915514
2025-11-18 04:00:00,0.0,0.09011418312159933
2025-11-18 05:00:00,0.0,0.07641613564577596
2025-11-18 06:00:00,0.0,0.9038979650323504
2025-11-18 07:00:00,0.0,0.00030379600813266794
2025-11-18 08:00:00,0.0,0.0017492000718006364
2025-11-18 09:00:00,0.0,0.0005064974397217329
2025-11-18 10:00:00,0.0,0.0015113544743668372
2025-11-18 11:00:00,0.0,0.043100147910819016
2025-11-18 12:00:00,0.0,0.006792921539625788
2025-11-18 13:00:00,0.0,0.006140070454574975
2025-11-18 14:00:00,0.0,0.0010900563805938909
2025-11-18 15:00:00,0.0,0.0009782807233428398
2025-11-18 16:00:00,0.0,0.006906427958868199
2025-11-18 17:00:00,0.0,0.09887884412172288
2025-11-18 18:00:00,0.0,0.04928930744481321
2025-11-18 19:00:00,0.0,0.028485091517024684
2025-11-18 20:00:00,0.0,0.024444767761310174
2025-11-18 21:00:00,0.0,0.024482723965689738
2025-11-18 22:00:00,0.0,0.0014778803733587688
2025-11-18 23:00:00,0.0,0.00671911320494015
2025-11-19 00:00:00,0.0,0.10348453402783228
2025-11-19 01:00:00,0.0,0.05435571155290686
2025-11-19 02:00:00,0.0,0.0002281910560429072
2025-11-19 03:00:00,0.0,0.00017988240338749726
2025-11-19 04:00:00,0.0,0.004577757624227752
2025-11-19 05:00:00,0.0,0.03936291395521772
2025-11-19 06:00:00,0.0,0.00027634028528244093
2025-11-19 07:00:00,0.0,0.00032375454898000565
2025-11-19 08:00:00,0.0,0.0003616116301300852
2025-11-19 09:00:00,0.0,0.0007522835177388575
2025-11-19 10:00:00,0.0,0.0007233532827665804
2025-11-19 11:00:00,0.0,0.0033909973962579112
2025-11-19 12:00:00,0.0,0.0003625325952677805
2025-11-19 13:00:00,0.0,0.000526423270378941
2025-11-19 14:00:00,0.0,0.00013284284718382641
2025-11-19 15:00:00,0.0,0.020724167520761522
2025-11-19 16:00:00,0.0,0.02841822274289534
2025-11-19 17:00:00,0.0,0.0317818986047385
2025-11-19 18:00:00,0.0,0.00016608072708249817
2025-11-19 19:00:00,0.0,0.0168979020124092
2025-11-19 20:00:00,0.0,0.37470189538164134
2025-11-19 21:00:00,0.0,0.4547360874623467
2025-11-19 22:00:00,0.0,0.0016219648705164816
2025-11-19 23:00:00,0.0,0.024212924373273208
2025-11-20 00:00:00,0.0,0.19551726460827185
2025-11-20 01:00:00,0.0,0.1938288218102235
2025-11-20 02:00:00,0.0,0.21426733021699187
2025-11-20 03:00:00,0.0,0.23763449488237803
2025-11-20 04:00:00,0.0,0.06787766046847095
2025-11-20 05:00:00,0.0,0.576442534895081
2025-11-20 06:00:00,0.0,0.9556690096204278
2025-11-20 07:00:00,0.0,1.009154723906142
2025-11-20 08:00:00,0.0,0.004876861371192104
2025-11-20 09:00:00,0.0,0.0007059419742890278
2025-11-20 10:00:00,0.0,0.0007264008131993364
2025-11-20 11:00:00,0.0,0.003594834340021912
2025-11-20 12:00:00,0.0,0.008576003150334001
2025-11-20 13:00:00,0.0,0.0004986183660355408
2025-11-20 14:00:00,0.0,0.00023917168681174825
2025-11-20 15:00:00,0.0,0.00023917168681174825
2025-11-20 16:00:00,0.0,0.0005670657289962587
2025-11-20 17:00:00,0.0,0.0003875421034900497
2025-11-20 18:00:00,0.0,0.0003060616970699771
2025-11-20 19:00:00,0.0,0.0003060616970699771
2025-11-20 20:00:00,0.0,0.02331729752246116
2025-11-20 21:00:00,0.0,0.026177781026813368
2025-11-20 22:00:00,0.0,0.02451390614928925
2025-11-20 23:00:00,0.0,0.09437377669945103
2025-11-21 00:00:00,0.0,0.00121065801758701
2025-11-21 01:00:00,0.0,0.00020313697490796035
2025-11-21 02:00:00,0.0,0.00020313697490796035
2025-11-21 03:00:00,0.0,0.00022047864855233545
2025-11-21 04:00:00,0.0,0.0012698036415746128
2025-11-21 05:00:00,0.0,0.024269803641574605
2025-11-21 06:00:00,0.0,0.05301700369080166
2025-11-21 07:00:00,0.0,0.053092003690801665
2025-11-21 08:00:00,0.0,0.023371909296789235
2025-11-21 09:00:00,0.0,0.0004515357829365478
2025-11-21 10:00:00,0.0,0.0007264008131993364
2025-11-21 11:00:00,0.0,0.0010089719100071079
2025-11-21 12:00:00,0.0,0.0005874859135697477
2025-11-21 13:00:00,0.0,0.0020042434854220317
2025-11-21 14:00:00,0.0,0.006124210300516177
2025-11-21 15:00:00,0.0,0.004437297534341668
2025-11-21 16:00:00,0.0,0.0001647078773904417
2025-11-21 17:00:00,0.0,0.0003542242320539276
2025-11-21 18:00:00,0.0,0.0004106174836257626
2025-11-21 19:00:00,0.0,0.02331729752246116
2025-11-21 20:00:00,0.0,0.026383964189127806
2025-11-21 21:00:00,0.0,0.023330990997478453
2025-11-21 22:00:00,0.0,0.03366432433081176
2025-11-21 23:00:00,0.0,0.001502266440453422
2025-11-22 00:00:00,0.0,0.0003703572657073196
2025-11-22 01:00:00,0.0,0.00022047864855233545
2025-11-22 02:00:00,0.0,0.015553811981885664
2025-11-22 03:00:00,0.0,0.03875252721488622
2025-11-22 04:00:00,0.0,0.00022047864855233545
2025-11-22 05:00:00,0.0,0.020380849788266073
2025-11-22 06:00:00,0.0,0.00023529256852172588
2025-11-22 07:00:00,0.0,0.002562973092192773
2025-11-22 08:00:00,0.0,0.00041202319774603593
2025-11-22 09:00:00,0.0,0.00411512612799928
2025-11-22 10:00:00,0.0,0.0005424211264491634
2025-11-22 11:00:00,0.0,0.0005454389547261783
2025-11-22 12:00:00,0.0,0.00026553796375170636
2025-11-22 13:00:00,0.0,0.00017632037610850916
2025-11-22 14:00:00,0.0,0.00017632037610850916
2025-11-22 15:00:00,0.0,0.0001653671082766794
2025-11-22 16:00:00,0.0,0.0011405303413240123
2025-11-22 17:00:00,0.0,0.0001742041257107516
2025-11-22 18:00:00,0.0,7.698114065268735e-05
2025-11-22 19:00:00,0.0,6.167230487278467e-05
2025-11-22 20:00:00,0.0,6.523054442729109e-05
2025-11-22 21:00:00,0.0,0.00013038855547701432
2025-11-22 22:00:00,0.0,0.0003530560656327871
2025-11-22 23:00:00,0.0,0.012706999683043584
2025-11-23 00:00:00,0.0,0.007390215421735626
2025-11-23 01:00:00,0.0,0.00022047864855233545
2025-11-23 02:00:00,0.0,0.00010130615563906648
2025-11-23 03:00:00,0.0,0.02098084978826606
2025-11-23 04:00:00,0.0,0.06892138054213577
2025-11-23 05:00:00,0.0,0.33100151589185745
2025-11-23 06:00:00,0.0,0.9020023429537611
2025-11-23 07:00:00,0.0,0.8838183500601112
2025-11-23 08:00:00,0.0,0.0031561307919659234
2025-11-23 09:00:00,0.0,0.0007392111054465199
2025-11-23 10:00:00,0.0,0.0024346173554547117
2025-11-23 11:00:00,0.0,0.003222685095897719
2025-11-23 12:00:00,0.0,0.0006369567861108141
2025-11-23 13:00:00,0.0,0.005194542244802249
2025-11-23 14:00:00,0.0,0.0008895221463362644
2025-11-23 15:00:00,0.0,9.835638684770752e-05
2025-11-23 16:00:00,0.0,0.0823894844610956
2025-11-23 17:00:00,0.0,0.0005749280135373838
2025-11-23 18:00:00,0.0,0.00035687412612451564
2025-11-23 19:00:00,0.0,0.0004110780412442768
2025-11-23 20:00:00,0.0,0.00031515185054112473
2025-11-23 21:00:00,0.0,0.0003691149116244439
2025-11-23 22:00:00,0.0,0.0003128073030409873
2025-11-23 23:00:00,0.0,0.0019493407504510354
2025-11-24 00:00:00,0.0,0.0007403895280891658
2025-11-24 01:00:00,0.0,0.016199543242497203
2025-11-24 02:00:00,0.0,0.0006662099091638792
2025-11-24 03:00:00,0.0,0.00024465749635165364
2025-11-24 04:00:00,0.0,0.015541884309904571
2025-11-24 05:00:00,0.0,0.9807083852352169
2025-11-24 06:00:00,0.0,0.8578971487058198
2025-11-24 07:00:00,0.0,0.8608095973248815
2025-11-24 08:00:00,0.0,0.002605753857100849
2025-11-24 09:00:00,0.0,0.0016978724666698308
2025-11-24 10:00:00,0.0,0.00027156835662142274
2025-11-24 11:00:00,0.0,0.0005321022801253246
2025-11-24 12:00:00,0.0,0.001655518825040255
2025-11-24 13:00:00,0.0,0.0005258122688339275
2025-11-24 14:00:00,0.0,0.005724306011559236
2025-11-24 15:00:00,0.0,6.584547466915343e-05
2025-11-24 16:00:00,0.0,0.0005856758122960697
2025-11-24 17:00:00,0.0,0.00026763948977053643
2025-11-24 18:00:00,0.0,0.0006116835829165664
2025-11-24 19:00:00,0.0,0.0002703695254644933
2025-11-24 20:00:00,0.0,0.007059296143142073
2025-11-24 21:00:00,0.0,0.002830284928975277
2025-11-24 22:00:00,0.0,0.0005707212344778929
2025-11-24 23:00:00,0.0,0.008311789866599497
2025-11-25 00:00:00,0.0,0.00035842959372622477
2025-11-25 01:00:00,0.0,0.00020855097657124068
2025-11-25 02:00:00,0.0,0.021741884309904508
2025-11-25 03:00:00,0.0,0.00020855097657124068
2025-11-25 04:00:00,0.0,0.0027125147098126688
2025-11-25 05:00:00,0.0,0.00015379784999122249
2025-11-25 06:00:00,0.0,0.00023727038785520464
2025-11-25 07:00:00,0.0,0.0002633404478972596
2025-11-25 08:00:00,0.0,0.000422774055327743
2025-11-25 09:00:00,0.0,0.0037324182584183153
2025-11-25 10:00:00,0.0,0.002209477494693944
2025-11-25 11:00:00,0.0,0.0001854914227079854
2025-11-25 12:00:00,0.0,6.629773383812395e-05
2025-11-25 13:00:00,0.0,6.629773383812395e-05
2025-11-25 14:00:00,0.0,6.629773383812395e-05
2025-11-25 15:00:00,0.0,0.00013743132001595786
2025-11-25 16:00:00,0.0,0.004709980416328939
2025-11-25 17:00:00,0.0,0.0002668642959720869
2025-11-25 18:00:00,0.0,0.0002840368559513742
2025-11-25 19:00:00,0.0,6.098272879202721e-05
2025-11-25 20:00:00,0.0,5.673008772587693e-05
2025-11-25 21:00:00,0.0,5.673008772587693e-05
2025-11-25 22:00:00,0.0,5.673008772587693e-05
2025-11-25 23:00:00,0.0,5.673008772587693e-05
2025-11-26 00:00:00,0.0,4.205502605443885e-05
2025-11-26 01:00:00,0.0,6.034083189144268e-05
2025-11-26 02:00:00,0.0,6.245533431834055e-05
2025-11-26 03:00:00,0.0,7.000253822221313e-05
2025-11-26 04:00:00,0.0,0.0002516063309057796
2025-11-26 05:00:00,0.0,0.0006662099091638792
2025-11-26 06:00:00,0.0,0.0007059582358544339
2025-11-26 07:00:00,0.0,0.00032375454898000565
2025-11-26 08:00:00,0.0,0.0003317032241835089
2025-11-26 09:00:00,0.0,0.00033241825841832533
2025-11-26 10:00:00,0.0,0.000516569256870576
2025-11-26 11:00:00,0.0,0.0007826414096378654
2025-11-26 12:00:00,0.0,0.0006059240500342589
2025-11-26 13:00:00,0.0,0.00026101877672152457
2025-11-26 14:00:00,0.0,0.0025210723249594067
2025-11-26 15:00:00,0.0,0.012622208353423372
2025-11-26 16:00:00,0.0,0.00027835432867782077
2025-11-26 17:00:00,0.0,0.002514606869425704
2025-11-26 18:00:00,0.0,0.0006937574217189431
2025-11-26 19:00:00,0.0,0.0001916151868540321
2025-11-26 20:00:00,0.0,0.0017563517933739412
2025-11-26 21:00:00,0.0,0.0003887961386988808
2025-11-26 22:00:00,0.0,0.0007875314126198618
2025-11-26 23:00:00,0.0,0.001212924373273221
2025-11-27 00:00:00,0.0,0.00017684720036116003
2025-11-27 01:00:00,0.0,0.0013448036415746117
2025-11-27 02:00:00,0.0,0.0013586925304635011
2025-11-27 03:00:00,0.0,0.05419879397213156
2025-11-27 04:00:00,0.0,1.089875868228414
2025-11-27 05:00:00,0.0,0.9041639407907726
2025-11-27 06:00:00,0.0,0.4178471025366444
2025-11-27 07:00:00,0.0,0.006294188476406011
2025-11-27 08:00:00,0.0,0.1047403696496044
2025-11-27 09:00:00,0.0,0.0007791095000787014
2025-11-27 10:00:00,0.0,0.001340276069445038
2025-11-27 11:00:00,0.0,0.0004722885916818961
2025-11-27 12:00:00,0.0,0.00034192407082232165
2025-11-27 13:00:00,0.0,0.00034192407082232165
2025-11-27 14:00:00,0.0,0.0032442350029459693
2025-11-27 15:00:00,0.0,0.00022407279510906986
2025-11-27 16:00:00,0.0,0.00022113102104660622
2025-11-27 17:00:00,0.0,0.0006514984423135445
2025-11-27 18:00:00,0.0,0.0005805160708207681
2025-11-27 19:00:00,0.0,0.003056574447442486
2025-11-27 20:00:00,0.0,0.0018425381658719363
2025-11-27 21:00:00,0.0,6.040056419821934e-05
2025-11-27 22:00:00,0.0,5.709786077245771e-05
2025-11-27 23:00:00,0.0,6.697395865045524e-05
2025-11-28 00:00:00,0.0,4.416952848133672e-05
2025-11-28 01:00:00,0.0,6.245533431834055e-05
2025-11-28 02:00:00,0.0,6.245533431834055e-05
2025-11-28 03:00:00,0.0,6.245533431834055e-05
2025-11-28 04:00:00,0.0,0.00044229803157805895
2025-11-28 05:00:00,0.0,0.00021119998319375723
2025-11-28 06:00:00,0.0,0.0005622302409134861
2025-11-28 07:00:00,0.0,6.978554973633432e-05
2025-11-28 08:00:00,0.0,6.459347295759295e-05
2025-11-28 09:00:00,0.0,0.00045459248323442164
2025-11-28 10:00:00,0.0,0.0006068266985517761
2025-11-28 11:00:00,0.0,0.0011673192448928306
2025-11-28 12:00:00,0.0,0.003834977346698335
2025-11-28 13:00:00,0.0,0.004075108700411745
2025-11-28 14:00:00,0.0,0.005294843596802479
2025-11-28 15:00:00,0.0,0.00025698737138884917
2025-11-28 16:00:00,0.0,0.0011123247043314227
2025-11-28 17:00:00,0.0,0.08242291947134558
2025-11-28 18:00:00,0.0,0.06368098928398105
2025-11-28 19:00:00,0.0,0.00924328131912765
2025-11-28 20:00:00,0.0,5.673008772587693e-05
2025-11-28 21:00:00,0.0,5.673008772587693e-05
2025-11-28 22:00:00,0.0,5.673008772587693e-05
2025-11-28 23:00:00,0.0,5.847681710619402e-05
2025-11-29 00:00:00,0.0,0.026608223195096023
2025-11-29 01:00:00,0.0,6.208756127175977e-05
2025-11-29 02:00:00,0.0,6.208756127175977e-05
2025-11-29 03:00:00,0.0,6.208756127175977e-05
2025-11-29 04:00:00,0.0,6.208756127175977e-05
2025-11-29 05:00:00,0.0,7.023780890530484e-05
2025-11-29 06:00:00,0.0,7.023780890530484e-05
2025-11-29 07:00:00,0.0,7.023780890530484e-05
2025-11-29 08:00:00,0.0,6.034083189144268e-05
2025-11-29 09:00:00,0.0,6.459347295759295e-05
2025-11-29 10:00:00,0.0,6.070860493802346e-05
2025-11-29 11:00:00,0.0,6.510993519129211e-05
2025-11-29 12:00:00,0.0,0.00027886209326040754
2025-11-29 13:00:00,0.0,0.00018774894753708035
2025-11-29 14:00:00,0.0,0.00018343183607711188
2025-11-29 15:00:00,0.0,0.00016741336437589834
2025-11-29 16:00:00,0.0,6.629773383812395e-05
2025-11-29 17:00:00,0.0,5.7246549959576076e-05
2025-11-29 18:00:00,0.0,5.673008772587693e-05
2025-11-29 19:00:00,0.0,5.673008772587693e-05
2025-11-29 20:00:00,0.0,5.673008772587693e-05
2025-11-29 21:00:00,0.0,5.673008772587693e-05
2025-11-29 22:00:00,0.0,5.673008772587693e-05
2025-11-29 23:00:00,0.0,5.673008772587693e-05
2025-11-30 00:00:00,0.0,4.205502605443885e-05
2025-11-30 01:00:00,0.0,0.017591483253409312
2025-11-30 02:00:00,0.0,0.053522430470965006
2025-11-30 03:00:00,0.0,0.08805730052061556
2025-11-30 04:00:00,0.0,0.05685179333872838
2025-11-30 05:00:00,0.0,0.12252605099069933
2025-11-30 06:00:00,0.0,0.02378327843850304
2025-11-30 07:00:00,0.0,0.016285871404073383
2025-11-30 08:00:00,0.0,0.023606423906944514
2025-11-30 09:00:00,0.0,0.009777960837447388
2025-11-30 10:00:00,0.0,0.05873444109067795
2025-11-30 11:00:00,0.0,0.01719514337456138
2025-11-30 12:00:00,0.0,0.022111376615802186
2025-11-30 13:00:00,0.0,0.017914604513015072
2025-11-30 14:00:00,0.0,0.007214159336271169
2025-11-30 15:00:00,0.0,0.008860886662660373
2025-11-30 16:00:00,0.0,0.03882759797720143
2025-11-30 17:00:00,0.0,0.0719800063288243
2025-11-30 18:00:00,0.0,0.07382630772140192
2025-11-30 19:00:00,0.0,5.673008772587693e-05
2025-11-30 20:00:00,0.0,5.673008772587693e-05
2025-11-30 21:00:00,0.0,5.673008772587693e-05
2025-11-30 22:00:00,0.0,5.673008772587693e-05
2025-11-30 23:00:00,0.0,5.673008772587693e-05
2025-12-01 00:00:00,0.0,4.205502605443885e-05
2025-12-01 01:00:00,0.0,6.034083189144268e-05
2025-12-01 02:00:00,0.0,6.070860493802346e-05
2025-12-01 03:00:00,0.0,6.459347295759295e-05
2025-12-01 04:00:00,0.0,0.0003612146218466643
2025-12-01 05:00:00,0.0,0.0006706414049865704
2025-12-01 06:00:00,0.0,0.0006004923315816503
2025-12-01 07:00:00,0.0,0.001982493767130532
2025-12-01 08:00:00,0.0,0.006120476221278513
2025-12-01 09:00:00,0.0,0.000991973155632185
2025-12-01 10:00:00,0.0,0.0002760199449055918
2025-12-01 11:00:00,0.0,0.00027496490319759955
2025-12-01 12:00:00,0.0,0.005933519509733893
2025-12-01 13:00:00,0.0,0.03610735287160549
2025-12-01 14:00:00,0.0,0.03429294307304955
2025-12-01 15:00:00,0.0,0.00566690726032002
2025-12-01 16:00:00,0.0,0.008797313148872488
2025-12-01 17:00:00,0.0,0.00014530849988403212
2025-12-01 18:00:00,0.0,0.0004215568658892621
2025-12-01 19:00:00,0.0,0.00017403430969058114
2025-12-01 20:00:00,0.0,0.0002992115403134146
2025-12-01 21:00:00,0.0,0.0011787129445236695
2025-12-01 22:00:00,0.0,0.0008078998413930529
2025-12-01 23:00:00,0.0,0.0014537215301926435
2025-12-02 00:00:00,0.0,0.0017372525933884609
2025-12-02 01:00:00,0.0,0.0002147026531583306
2025-12-02 02:00:00,0.0,0.023534014384553506
2025-12-02 03:00:00,0.0,0.0001918707767681531
2025-12-02 04:00:00,0.0,0.0006267911766553121
2025-12-02 05:00:00,0.0,0.0004273711591714241
2025-12-02 06:00:00,0.0,0.011671645334418114
2025-12-02 07:00:00,0.0,0.010498299839169434
2025-12-02 08:00:00,0.0,0.008931302679530764
2025-12-02 09:00:00,0.0,0.0001654008699429054
2025-12-02 10:00:00,0.0,0.00013890978831524196
2025-12-02 11:00:00,0.0,0.00030137374572884783
2025-12-02 12:00:00,0.0,0.001859056821083435
2025-12-02 13:00:00,0.0,0.0004120283975465704
2025-12-02 14:00:00,0.0,0.002279361373574389
2025-12-02 15:00:00,0.0,9.022721404356872e-05
2025-12-02 16:00:00,0.0,0.006955776703652941
2025-12-02 17:00:00,0.0,6.098272879202721e-05
2025-12-02 18:00:00,0.0,5.673008772587693e-05
2025-12-02 19:00:00,0.0,5.673008772587693e-05
2025-12-02 20:00:00,0.0,5.673008772587693e-05
2025-12-02 21:00:00,0.0,5.709786077245771e-05
2025-12-02 22:00:00,0.0,6.098272879202721e-05
2025-12-02 23:00:00,0.0,5.8844590152774794e-05
2025-12-03 00:00:00,0.0,4.380175543475594e-05
2025-12-03 01:00:00,0.0,6.807879113018783e-05
2025-12-03 02:00:00,0.0,7.023780890530484e-05
2025-12-03 03:00:00,0.0,6.978554973633432e-05
2025-12-03 04:00:00,0.0,7.0584702816021e-05
2025-12-03 05:00:00,0.0,7.0584702816021e-05
2025-12-03 06:00:00,0.0,7.0584702816021e-05
2025-12-03 07:00:00,0.0,7.060558195188561e-05
2025-12-03 08:00:00,0.0,5.988857272247214e-05
2025-12-03 09:00:00,0.0,0.009472772492725634
2025-12-03 10:00:00,0.0,0.04436193872445015
2025-12-03 11:00:00,0.0,9.778549788565564e-05
2025-12-03 12:00:00,0.0,5.7246549959576076e-05
2025-12-03 13:00:00,0.0,5.7246549959576076e-05
2025-12-03 14:00:00,0.0,5.7246549959576076e-05
2025-12-03 15:00:00,0.0,5.7246549959576076e-05
2025-12-03 16:00:00,0.0,5.673008772587693e-05
2025-12-03 17:00:00,0.0,5.673008772587693e-05
2025-12-03 18:00:00,0.0,5.673008772587693e-05
2025-12-03 19:00:00,0.0,5.673008772587693e-05
2025-12-03 20:00:00,0.0,5.673008772587693e-05
2025-12-03 21:00:00,0.0,5.673008772587693e-05
2025-12-03 22:00:00,0.0,0.10404840410896199
2025-12-03 23:00:00,0.0,5.673008772587693e-05
2025-12-04 00:00:00,0.0,4.205502605443885e-05
2025-12-04 01:00:00,0.0,6.034083189144268e-05
2025-12-04 02:00:00,0.0,6.034083189144268e-05
2025-12-04 03:00:00,0.0,6.208756127175977e-05
2025-12-04 04:00:00,0.0,7.023780890530484e-05
2025-12-04 05:00:00,0.0,0.05907482312742863
2025-12-04 06:00:00,0.0,0.016525296589145567
2025-12-04 07:00:00,0.0,0.019411274665858572
2025-12-04 08:00:00,0.0,0.005935421454256896
2025-12-04 09:00:00,0.0,0.031508157960356546
2025-12-04 10:00:00,0.0,0.04451934847742273
2025-12-04 11:00:00,0.0,0.20566315707342173
2025-12-04 12:00:00,0.0,0.023540843348589965
2025-12-04 13:00:00,0.0,0.043577490813228495
2025-12-04 14:00:00,0.0,5.7246549959576076e-05
2025-12-04 15:00:00,0.0,5.7246549959576076e-05
2025-12-04 16:00:00,0.0,5.673008772587693e-05
2025-12-04 17:00:00,0.0,5.673008772587693e-05
2025-12-04 18:00:00,0.0,5.673008772587693e-05
2025-12-04 19:00:00,0.0,5.62778285569064e-05
2025-12-04 20:00:00,0.0,5.673008772587693e-05
2025-12-04 21:00:00,0.0,5.673008772587693e-05
2025-12-04 22:00:00,0.0,5.673008772587693e-05
2025-12-04 23:00:00,0.0,5.673008772587693e-05
2025-12-05 00:00:00,0.0,4.205502605443885e-05
2025-12-05 01:00:00,0.0,6.034083189144268e-05
2025-12-05 02:00:00,0.0,6.034083189144268e-05
2025-12-05 03:00:00,0.0,6.070860493802346e-05
2025-12-05 04:00:00,0.0,6.401130836378509e-05
2025-12-05 05:00:00,0.0,0.00038443674065136927
2025-12-05 06:00:00,0.0,0.0005105606378097873
2025-12-05 07:00:00,0.0,0.0006431870385564598
2025-12-05 08:00:00,0.0,0.0007093758017916174
2025-12-05 09:00:00,0.0,0.00022034792524096945
2025-12-05 10:00:00,0.0,0.0014433905338313558
2025-12-05 11:00:00,0.0,0.005715008634188836
2025-12-05 12:00:00,0.0,9.335472150453858e-05
2025-12-05 13:00:00,0.0,9.387118373823774e-05
2025-12-05 14:00:00,0.0,9.469121595378905e-05
2025-12-05 15:00:00,0.0,5.7246549959576076e-05
2025-12-05 16:00:00,0.0,5.62778285569064e-05
2025-12-05 17:00:00,0.0,5.673008772587693e-05
2025-12-05 18:00:00,0.0,0.14440484825948988
2025-12-05 19:00:00,0.0,5.673008772587693e-05
2025-12-05 20:00:00,0.0,0.000501501628074036
2025-12-05 21:00:00,0.0,9.380698067350912e-05
2025-12-05 22:00:00,0.0,9.380698067350912e-05
2025-12-05 23:00:00,0.0,9.380698067350912e-05
2025-12-06 00:00:00,0.0,4.205502605443885e-05
2025-12-06 01:00:00,0.0,6.034083189144268e-05
2025-12-06 02:00:00,0.0,6.034083189144268e-05
2025-12-06 03:00:00,0.0,6.208756127175977e-05
2025-12-06 04:00:00,0.0,0.010232603162046602
2025-12-06 05:00:00,0.0,0.009438662746839466
2025-12-06 06:00:00,0.0,0.029816641922976075
2025-12-06 07:00:00,0.0,6.807879113018783e-05
2025-12-06 08:00:00,0.0,6.034083189144268e-05
2025-12-06 09:00:00,0.0,0.1575281600825227
2025-12-06 10:00:00,0.0,0.06164356907769393
2025-12-06 11:00:00,0.0,6.034083189144268e-05
2025-12-06 12:00:00,0.0,0.016770627183718342
2025-12-06 13:00:00,0.0,0.02844065545068349
2025-12-06 14:00:00,0.0,0.013907166034021135
2025-12-06 15:00:00,0.0,0.01766653545156069
2025-12-06 16:00:00,0.0,0.05291306980236182
2025-12-06 17:00:00,0.0,0.17884019001438853
2025-12-06 18:00:00,0.0,0.16658063265763975
2025-12-06 19:00:00,0.0,0.17765698336514607
2025-12-06 20:00:00,0.0,0.16653922612286223
2025-12-06 21:00:00,0.0,0.11806347165677637
2025-12-06 22:00:00,0.0,0.10650329213981174
2025-12-06 23:00:00,0.0,0.15380031916364723
2025-12-07 00:00:00,0.0,0.07980960573316863
2025-12-07 01:00:00,0.0,0.0542911146842856
2025-12-07 02:00:00,0.0,0.007374658116784568
2025-12-07 03:00:00,0.0,6.034083189144268e-05
2025-12-07 04:00:00,0.0,6.034083189144268e-05
2025-12-07 05:00:00,0.0,6.208756127175977e-05
2025-12-07 06:00:00,0.0,7.023780890530484e-05
2025-12-07 07:00:00,0.0,7.023780890530484e-05
2025-12-07 08:00:00,0.0,6.034083189144268e-05
2025-12-07 09:00:00,0.0,9.696546567010433e-05
2025-12-07 10:00:00,0.0,9.778549788565564e-05
2025-12-07 11:00:00,0.0,0.0017451123722395932
2025-12-07 12:00:00,0.0,5.7246549959576076e-05
2025-12-07 13:00:00,0.0,6.230343997221821e-05
2025-12-07 14:00:00,0.0,0.00031885806537326685
2025-12-07 15:00:00,0.0,0.0003092348918576756
2025-12-07 16:00:00,0.0,0.01903977088690553
2025-12-07 17:00:00,0.0,5.673008772587693e-05
2025-12-07 18:00:00,0.0,0.09725463256978947
2025-12-07 19:00:00,0.0,0.10235952806020593
2025-12-07 20:00:00,0.0,0.07468522470489546
2025-12-07 21:00:00,0.0,0.04846094516212924
2025-12-07 22:00:00,0.0,0.04021455270375732
2025-12-07 23:00:00,0.0,0.048029392793066096
2025-12-08 00:00:00,0.0,0.07909616196284726
2025-12-08 01:00:00,0.0,0.08429318146203157
2025-12-08 02:00:00,0.0,0.021788110688050828
2025-12-08 03:00:00,0.0,0.06133997566392756
2025-12-08 04:00:00,0.0,0.013199669945646628
2025-12-08 05:00:00,0.0,0.003724462870789628
2025-12-08 06:00:00,0.0,0.003640195522214643
2025-12-08 07:00:00,0.0,0.0039016651791314947
2025-12-08 08:00:00,0.0,0.06382070693703082
2025-12-08 09:00:00,0.0,0.0005051123722396018
2025-12-08 10:00:00,0.0,9.741772483907485e-05
2025-12-08 11:00:00,0.0,0.0017456288344732925
2025-12-08 12:00:00,0.0,6.230343997221821e-05
2025-12-08 13:00:00,0.0,0.01299147789119304
2025-12-08 14:00:00,0.0,0.004022482342222774
2025-12-08 15:00:00,0.0,0.000323003143093474
2025-12-08 16:00:00,0.0,5.7246549959576076e-05
2025-12-08 17:00:00,0.0,5.673008772587693e-05
2025-12-08 18:00:00,0.0,5.673008772587693e-05
2025-12-08 19:00:00,0.0,5.673008772587693e-05
2025-12-08 20:00:00,0.0,5.673008772587693e-05
2025-12-08 21:00:00,0.0,5.673008772587693e-05
2025-12-08 22:00:00,0.0,5.673008772587693e-05
2025-12-08 23:00:00,0.0,5.673008772587693e-05
2025-12-09 00:00:00,0.0,4.205502605443885e-05
2025-12-09 01:00:00,0.0,6.034083189144268e-05
2025-12-09 02:00:00,0.0,6.034083189144268e-05
2025-12-09 03:00:00,0.0,6.034083189144268e-05
2025-12-09 04:00:00,0.0,6.034083189144268e-05
2025-12-09 05:00:00,0.0,6.034083189144268e-05
2025-12-09 06:00:00,0.0,6.034083189144268e-05
2025-12-09 07:00:00,0.0,6.034083189144268e-05
2025-12-09 08:00:00,0.0,6.034083189144268e-05
2025-12-09 09:00:00,0.0,6.034083189144268e-05
2025-12-09 10:00:00,0.0,6.034083189144268e-05
2025-12-09 11:00:00,0.0,6.085729412514183e-05
2025-12-09 12:00:00,0.0,5.7246549959576076e-05
2025-12-09 13:00:00,0.0,0.0003092348918576756
2025-12-09 14:00:00,0.0,0.00031885806537326685
2025-12-09 15:00:00,0.0,0.0003092348918576756
2025-12-09 16:00:00,0.0,5.7246549959576076e-05
2025-12-09 17:00:00,0.0,5.673008772587693e-05
2025-12-09 18:00:00,0.0,5.673008772587693e-05
2025-12-09 19:00:00,0.0,5.673008772587693e-05
2025-12-09 20:00:00,0.0,5.673008772587693e-05
2025-12-09 21:00:00,0.0,5.673008772587693e-05
2025-12-09 22:00:00,0.0,5.673008772587693e-05
2025-12-09 23:00:00,0.0,0.09728702295549883
2025-12-10 00:00:00,0.0,0.01855861923593669
2025-12-10 01:00:00,0.0,0.051292065787261414
2025-12-10 02:00:00,0.0,0.017114348458493966
2025-12-10 03:00:00,0.0,6.034083189144268e-05
2025-12-10 04:00:00,0.0,6.034083189144268e-05
2025-12-10 05:00:00,0.0,6.034083189144268e-05
2025-12-10 06:00:00,0.0,0.013537768158479525
2025-12-10 07:00:00,0.0,0.0073137710949283405
2025-12-10 08:00:00,0.0,0.004760715439582393
2025-12-10 09:00:00,0.0,0.000653215523284562
2025-12-10 10:00:00,0.0,0.002109995882426267
2025-12-10 11:00:00,0.0,0.0015842163821082837
2025-12-10 12:00:00,0.0,0.003676578968370275
2025-12-10 13:00:00,0.0,0.06754544534295737
2025-12-10 14:00:00,0.0,0.0003092348918576756
2025-12-10 15:00:00,0.0,6.230343997221821e-05
2025-12-10 16:00:00,0.0,5.761432300615686e-05
2025-12-10 17:00:00,0.0,0.024503604998700274
2025-12-10 18:00:00,0.0,5.62778285569064e-05
2025-12-10 19:00:00,0.0,5.62778285569064e-05
2025-12-10 20:00:00,0.0,5.709786077245771e-05
2025-12-10 21:00:00,0.0,0.03472899307730497
2025-12-10 22:00:00,0.0,0.004042030196854718
2025-12-10 23:00:00,0.0,0.1189475831259066
2025-12-11 00:00:00,0.0,0.0003703572657073196
2025-12-11 01:00:00,0.0,0.008632200116601207
2025-12-11 02:00:00,0.0,0.015487131183324551
2025-12-11 03:00:00,0.0,0.00018455139331857072
2025-12-11 04:00:00,0.0,0.00014645189575938442
2025-12-11 05:00:00,0.0,0.09400400743393192
2025-12-11 06:00:00,0.0,0.06652769557984103
2025-12-11 07:00:00,0.0,0.0011266983589308531
2025-12-11 08:00:00,0.0,0.0020166427416695365
2025-12-11 09:00:00,0.0,0.11504533796857126
2025-12-11 10:00:00,0.0,0.0037771419654771413
2025-12-11 11:00:00,0.0,0.005172959213631489
2025-12-11 12:00:00,0.0,0.0009705376394842127
2025-12-11 13:00:00,0.0,0.0016592683896901514
2025-12-11 14:00:00,0.0,6.984826210832711e-05
2025-12-11 15:00:00,0.0,6.185118080324767e-05
2025-12-11 16:00:00,0.0,0.0033004131121552546
2025-12-11 17:00:00,0.0,0.00026720264382995335
2025-12-11 18:00:00,0.0,0.0022761959775993153
2025-12-11 19:00:00,0.0,0.026688191200767902
2025-12-11 20:00:00,0.0,0.0004959109659685594
2025-12-11 21:00:00,0.0,0.0019405592840113534
2025-12-11 22:00:00,0.0,0.00015305382311142266
2025-12-11 23:00:00,0.0,0.002117990167266891
2025-12-12 00:00:00,0.0,0.00385301559206291
2025-12-12 01:00:00,0.0,0.4360014530642903
2025-12-12 02:00:00,0.0,0.030387108899016087
2025-12-12 03:00:00,0.0,0.00020903929568303283
2025-12-12 04:00:00,0.0,0.004737355558553649
2025-12-12 05:00:00,0.0,0.022565560719794372
2025-12-12 06:00:00,0.0,0.022461531626718875
2025-12-12 07:00:00,0.0,0.047011614452395205
2025-12-12 08:00:00,0.0,0.06527844588802847
2025-12-12 09:00:00,0.0,0.02556857870172908
2025-12-12 10:00:00,0.0,0.0137767741788678
2025-12-12 11:00:00,0.0,0.029321150123472063
2025-12-12 12:00:00,0.0,0.04320218497976915
2025-12-12 13:00:00,0.0,0.005645912492703212
2025-12-12 14:00:00,0.0,0.00017478487296622208
2025-12-12 15:00:00,0.0,0.0005976752301439543
2025-12-12 16:00:00,0.0,0.0003427234652999011
2025-12-12 17:00:00,0.0,0.16323778387578744
2025-12-12 18:00:00,0.0,0.35363697666100824
2025-12-12 19:00:00,0.0,0.27518530208828107
2025-12-12 20:00:00,0.0,0.040668370858258925
2025-12-12 21:00:00,0.0,0.03160426090010854
2025-12-12 22:00:00,0.0,0.007519773230592205
2025-12-12 23:00:00,0.0,0.0012561435964008887
2025-12-13 00:00:00,0.0,0.3038030577231726
2025-12-13 01:00:00,0.0,0.04632520469229689
2025-12-13 02:00:00,0.0,0.07059619727126219
2025-12-13 03:00:00,0.0,0.021654053671761198
2025-12-13 04:00:00,0.0,0.021049039295682994
2025-12-13 05:00:00,0.0,0.1305319804892453
2025-12-13 06:00:00,0.0,0.04465329062181577
2025-12-13 07:00:00,0.0,0.001228134567286188
2025-12-13 08:00:00,0.0,0.0019391430679534362
2025-12-13 09:00:00,0.0,0.018117771346148535
2025-12-13 10:00:00,0.0,0.18816249367760393
2025-12-13 11:00:00,0.0,0.004847820743954621
2025-12-13 12:00:00,0.0,0.015841815933203482
2025-12-13 13:00:00,0.0,0.11447256896251862
2025-12-13 14:00:00,0.0,0.06799455504086631
2025-12-13 15:00:00,0.0,0.08536713550799196
2025-12-13 16:00:00,0.0,0.09157472050408458
2025-12-13 17:00:00,0.0,0.19616301994346455
2025-12-13 18:00:00,0.0,0.36462612493159613
2025-12-13 19:00:00,0.0,0.1390437218737764
2025-12-13 20:00:00,0.0,0.05927944228907489
2025-12-13 21:00:00,0.0,0.13996036439914947
2025-12-13 22:00:00,0.0,0.015442537854393751
2025-12-13 23:00:00,0.0,0.11685377104626989
2025-12-14 00:00:00,0.0,0.006614821862681818
2025-12-14 01:00:00,0.0,0.017826609372915934
2025-12-14 02:00:00,0.0,0.05561174041615417
2025-12-14 03:00:00,0.0,0.0065281689593099275
2025-12-14 04:00:00,0.0,0.01815678324073518
2025-12-14 05:00:00,0.0,0.004318444481459474
2025-12-14 06:00:00,0.0,0.0012719108874416419
2025-12-14 07:00:00,0.0,0.8608183500601112
2025-12-14 08:00:00,0.0,0.05544589251904422
2025-12-14 09:00:00,0.0,0.0016978724666698308
2025-12-14 10:00:00,0.0,0.04258558749603955
2025-12-14 11:00:00,0.0,0.29092668097712027
2025-12-14 12:00:00,0.0,0.09052380528520441
2025-12-14 13:00:00,0.0,0.06336944935057216
2025-12-14 14:00:00,0.0,0.1532691622827142
2025-12-14 15:00:00,0.0,0.07257454003357253
2025-12-14 16:00:00,0.0,0.09263639508152682
2025-12-14 17:00:00,0.0,0.24764471875606203
2025-12-14 18:00:00,0.0,0.38670504141104434
2025-12-14 19:00:00,0.0,0.1341630818982681
2025-12-14 20:00:00,0.0,0.028763242427618293
2025-12-14 21:00:00,0.0,0.042504161657178643
2025-12-14 22:00:00,0.0,0.06497406474750288
2025-12-14 23:00:00,0.0,0.13048069860506503
2025-12-15 00:00:00,0.0,0.004796350216063361
2025-12-15 01:00:00,0.0,0.009627492588592915
2025-12-15 02:00:00,0.0,0.021459344578691714
2025-12-15 03:00:00,0.0,0.02099730371752346
2025-12-15 04:00:00,0.0,0.0038265567408294824
2025-12-15 05:00:00,0.0,0.006138977851675633
2025-12-15 06:00:00,0.0,0.016564910996556183
2025-12-15 07:00:00,0.0,0.009590709578691287
2025-12-15 08:00:00,0.0,0.016488404279973102
2025-12-15 09:00:00,0.0,0.08045046142912712
2025-12-15 10:00:00,0.0,0.08581346035373633
2025-12-15 11:00:00,0.0,0.058804668070236106
2025-12-15 12:00:00,0.0,0.005988510354169912
2025-12-15 13:00:00,0.0,0.008077275786180471
2025-12-15 14:00:00,0.0,0.00045768966721620167
2025-12-15 15:00:00,0.0,0.0026408299109709652
2025-12-15 16:00:00,0.0,0.0021840356875973852
2025-12-15 17:00:00,0.0,0.0049440993060931035
2025-12-15 18:00:00,0.0,5.709786077245771e-05
2025-12-15 19:00:00,0.0,5.673008772587693e-05
2025-12-15 20:00:00,0.0,5.673008772587693e-05
2025-12-15 21:00:00,0.0,5.673008772587693e-05
2025-12-15 22:00:00,0.0,5.673008772587693e-05
2025-12-15 23:00:00,0.0,5.673008772587693e-05
2025-12-16 00:00:00,0.0,4.380175543475594e-05
2025-12-16 01:00:00,0.0,7.023780890530484e-05
2025-12-16 02:00:00,0.0,7.170147036024511e-05
2025-12-16 03:00:00,0.0,7.170147036024511e-05
2025-12-16 04:00:00,0.0,7.254535221678517e-05
2025-12-16 05:00:00,0.0,7.248009936197278e-05
2025-12-16 06:00:00,0.0,7.248009936197278e-05
2025-12-16 07:00:00,0.0,7.170147036024511e-05
2025-12-16 08:00:00,0.0,7.023780890530484e-05
2025-12-16 09:00:00,0.0,6.034083189144268e-05
2025-12-16 10:00:00,0.0,6.034083189144268e-05
2025-12-16 11:00:00,0.0,6.034083189144268e-05
2025-12-16 12:00:00,0.0,5.7246549959576076e-05
2025-12-16 13:00:00,0.0,5.7246549959576076e-05
2025-12-16 14:00:00,0.0,6.230343997221821e-05
2025-12-16 15:00:00,0.0,6.230343997221821e-05
2025-12-16 16:00:00,0.0,0.012166195366408146
2025-12-16 17:00:00,0.0,0.18769287164156137
2025-12-16 18:00:00,0.0,0.5298612105444429
2025-12-16 19:00:00,0.0,0.1485223684076391
2025-12-16 20:00:00,0.0,0.113060471154745
2025-12-16 21:00:00,0.0,0.03987420411500124
2025-12-16 22:00:00,0.0,0.034471749107805004
2025-12-16 23:00:00,0.0,0.05755469156797852
2025-12-17 00:00:00,0.0,0.05818855527362689
2025-12-17 01:00:00,0.0,0.04847592825192103
2025-12-17 02:00:00,0.0,0.17964920669606427
2025-12-17 03:00:00,0.0,7.170147036024511e-05
2025-12-17 04:00:00,0.0,7.170147036024511e-05
2025-12-17 05:00:00,0.0,7.248009936197278e-05
2025-12-17 06:00:00,0.0,7.248009936197278e-05
2025-12-17 07:00:00,0.0,7.248009936197278e-05
2025-12-17 08:00:00,0.0,7.023780890530484e-05
2025-12-17 09:00:00,0.0,0.002637975408715469
2025-12-17 10:00:00,0.0,0.002498406090785029
2025-12-17 11:00:00,0.0,0.004153470196804475
2025-12-17 12:00:00,0.0,0.0017701579842144218
2025-12-17 13:00:00,0.0,0.007665014889037426
2025-12-17 14:00:00,0.0,0.008687071931593198
2025-12-17 15:00:00,0.0,0.020013183668647273
2025-12-17 16:00:00,0.0,0.0002827477969411295
2025-12-17 17:00:00,0.0,0.0005835576138454773
2025-12-17 18:00:00,0.0,0.023594789338945852
2025-12-17 19:00:00,0.0,0.033626368126432195
2025-12-17 20:00:00,0.0,0.0015977021411542167
2025-12-17 21:00:00,0.0,0.0008134712990622833
2025-12-17 22:00:00,0.0,0.10610510357982815
2025-12-17 23:00:00,0.0,0.1585698325749908
2025-12-18 00:00:00,0.0,0.00948481851666253
2025-12-18 01:00:00,0.0,0.026737422612639717
2025-12-18 02:00:00,0.0,0.01819060648219249
2025-12-18 03:00:00,0.0,0.016222498498652305
2025-12-18 04:00:00,0.0,0.006872587497899394
2025-12-18 05:00:00,0.0,0.006562925637451284
2025-12-18 06:00:00,0.0,0.0033750245147480453
2025-12-18 07:00:00,0.0,0.006639411105648716
2025-12-18 08:00:00,0.0,0.013914357072095113
2025-12-18 09:00:00,0.0,0.02272280408501232
2025-12-18 10:00:00,0.0,0.009822252335366372
2025-12-18 11:00:00,0.0,0.05223401313816599
2025-12-18 12:00:00,0.0,0.1017731517849146
2025-12-18 13:00:00,0.0,0.06548266385977805
2025-12-18 14:00:00,0.0,0.11010682966311161
2025-12-18 15:00:00,0.0,0.12470713514282412
2025-12-18 16:00:00,0.0,0.2160170589090908
2025-12-18 17:00:00,0.0,0.5469111739316812
2025-12-18 18:00:00,0.0,0.0169097114232128
2025-12-18 19:00:00,0.0,0.028547808870943624
2025-12-18 20:00:00,0.0,0.01082704607187763
2025-12-18 21:00:00,0.0,0.01121087204549255
2025-12-18 22:00:00,0.0,0.028240203559328287
2025-12-18 23:00:00,0.0,0.08428922267566036
2025-12-19 00:00:00,0.0,0.05259425921934448
2025-12-19 01:00:00,0.0,0.027076720446017378
2025-12-19 02:00:00,0.0,0.03424866305575978
2025-12-19 03:00:00,0.0,0.006941018153972866
2025-12-19 04:00:00,0.0,0.006474671317416377
2025-12-19 05:00:00,0.0,0.0396994657071002
2025-12-19 06:00:00,0.0,0.019011823325644727
2025-12-19 07:00:00,0.0,0.014081109509113971
2025-12-19 08:00:00,0.0,0.030801379639694672
2025-12-19 09:00:00,0.0,0.05027135632327911
2025-12-19 10:00:00,0.0,0.15507805241299974
2025-12-19 11:00:00,0.0,0.16057930370494888
2025-12-19 12:00:00,0.0,0.09371001933010961
2025-12-19 13:00:00,0.0,0.22132767232877512
2025-12-19 14:00:00,0.0,0.18499010016910514
2025-12-19 15:00:00,0.0,0.09903994740085173
2025-12-19 16:00:00,0.0,0.11649491974395461
2025-12-19 17:00:00,0.0,0.0007664570757973197
2025-12-19 18:00:00,0.0,0.00928660370988097
2025-12-19 19:00:00,0.0,0.008240498741577866
2025-12-19 20:00:00,0.0,0.0064112137298897596
2025-12-19 21:00:00,0.0,0.06532013679137576
2025-12-19 22:00:00,0.0,0.002881725354916794
2025-12-19 23:00:00,0.0,7.059663788051253e-05
2025-12-20 00:00:00,0.0,4.545617319633289e-05
2025-12-20 01:00:00,0.0,7.248009936197278e-05
2025-12-20 02:00:00,0.0,7.44038464539981e-05
2025-12-20 03:00:00,0.0,7.041383244616498e-05
2025-12-20 04:00:00,0.0,0.00015227174814060656
2025-12-20 05:00:00,0.0,0.05915991326344863
2025-12-20 06:00:00,0.0,0.007564243757323894
2025-12-20 07:00:00,0.0,0.008274399616289448
2025-12-20 08:00:00,0.0,0.022354566748634928
2025-12-20 09:00:00,0.0,0.004467368518726325
2025-12-20 10:00:00,0.0,0.012597938159906116
2025-12-20 11:00:00,0.0,0.031215183015630137
2025-12-20 12:00:00,0.0,0.05196735288243105
2025-12-20 13:00:00,0.0,0.25143512432618
2025-12-20 14:00:00,0.0,0.47520898859278277
2025-12-20 15:00:00,0.0,0.30087304052071157
2025-12-20 16:00:00,0.0,0.14287187061761708
2025-12-20 17:00:00,0.0,0.011584543392995798
2025-12-20 18:00:00,0.0,0.006127530157190573
2025-12-20 19:00:00,0.0,0.01857715616130127
2025-12-20 20:00:00,0.0,0.0017400006808959256
2025-12-20 21:00:00,0.0,0.0014062319096056083
2025-12-20 22:00:00,0.0,0.003421105575088326
2025-12-20 23:00:00,0.0,0.00917141464070244
2025-12-21 00:00:00,0.0,0.11821227580887443
2025-12-21 01:00:00,0.0,0.11149605510999679
2025-12-21 02:00:00,0.0,0.11583827670769373
2025-12-21 03:00:00,0.0,0.00334772804832504
2025-12-21 04:00:00,0.0,0.007873785762884073
2025-12-21 05:00:00,0.0,0.0029133869066595886
2025-12-21 06:00:00,0.0,0.04274704929440502
2025-12-21 07:00:00,0.0,0.0027574787704048474
2025-12-21 08:00:00,0.0,0.0023950819551951815
2025-12-21 09:00:00,0.0,0.0034599354297878216
2025-12-21 10:00:00,0.0,0.012112278181124238
2025-12-21 11:00:00,0.0,0.07814367992817947
2025-12-21 12:00:00,0.0,0.04909785655215073
2025-12-21 13:00:00,0.0,0.05372662406666488
2025-12-21 14:00:00,0.0,0.09678404579110671
2025-12-21 15:00:00,0.0,0.06657405987429607
2025-12-21 16:00:00,0.0,0.3172280626356513
2025-12-21 17:00:00,0.0,0.027124565658581467
2025-12-21 18:00:00,0.0,0.009105564281486863
2025-12-21 19:00:00,0.0,0.01150110821024009
2025-12-21 20:00:00,0.0,0.010303377977975028
2025-12-21 21:00:00,0.0,0.011287593203410249
2025-12-21 22:00:00,0.0,0.013204011586491314
2025-12-21 23:00:00,0.0,0.11674131211144162
2025-12-22 00:00:00,0.0,0.001899421176231779
2025-12-22 01:00:00,0.0,0.006561297887219034
2025-12-22 02:00:00,0.0,0.0034010166293456886
2025-12-22 03:00:00,0.0,0.001321921648903001
2025-12-22 04:00:00,0.0,0.0011980159546912804
2025-12-22 05:00:00,0.0,0.0022566956432406274
2025-12-22 06:00:00,0.0,0.0016330183636066615
2025-12-22 07:00:00,0.0,0.006646368139033646
2025-12-22 08:00:00,0.0,0.005460283069439008
2025-12-22 09:00:00,0.0,0.007694115702491024
2025-12-22 10:00:00,0.0,0.013977158530831806
2025-12-22 11:00:00,0.0,0.16160933027189583
2025-12-22 12:00:00,0.0,0.18365350805699562
2025-12-22 13:00:00,0.0,0.05441465774814505
2025-12-22 14:00:00,0.0,0.03101195777598028
2025-12-22 15:00:00,0.0,0.08868725897675905
2025-12-22 16:00:00,0.0,0.01093137517279348
2025-12-22 17:00:00,0.0,0.026811139086908933
2025-12-22 18:00:00,0.0,0.004853828106623174
2025-12-22 19:00:00,0.0,0.004404839532136859
2025-12-22 20:00:00,0.0,0.00023292597179644533
2025-12-22 21:00:00,0.0,6.845849924126012e-05
2025-12-22 22:00:00,0.0,6.923712824298782e-05
2025-12-22 23:00:00,0.0,0.00014866100397504083
2025-12-23 00:00:00,0.0,0.00011198260100283998
2025-12-23 01:00:00,0.0,0.01698178772701401
2025-12-23 02:00:00,0.0,0.0024621511208812027
2025-12-23 03:00:00,0.0,0.005417993234217908
2025-12-23 04:00:00,0.0,0.004476090927024558
2025-12-23 05:00:00,0.0,0.00695450861048447
2025-12-23 06:00:00,0.0,0.010498664920535297
2025-12-23 07:00:00,0.0,0.010110411561742402
2025-12-23 08:00:00,0.0,0.05876416280438078
2025-12-23 09:00:00,0.0,0.005817774338959263
2025-12-23 10:00:00,0.0,0.00864274473245383
2025-12-23 11:00:00,0.0,0.006108320979163776
2025-12-23 12:00:00,0.0,6.693117644311712e-05
2025-12-23 13:00:00,0.0,5.761432300615686e-05
2025-12-23 14:00:00,0.0,6.230343997221821e-05
2025-12-23 15:00:00,0.0,6.230343997221821e-05
2025-12-23 16:00:00,0.0,6.326069997077472e-05
2025-12-23 17:00:00,0.0,5.673008772587693e-05
2025-12-23 18:00:00,0.0,5.673008772587693e-05
2025-12-23 19:00:00,0.0,5.673008772587693e-05
2025-12-23 20:00:00,0.0,5.847681710619402e-05
2025-12-23 21:00:00,0.0,6.662706473973908e-05
2025-12-23 22:00:00,0.0,6.809072619467935e-05
2025-12-23 23:00:00,0.0,6.893460805121944e-05
2025-12-24 00:00:00,0.0,4.5088400149752105e-05
2025-12-24 01:00:00,0.0,6.790792076033179e-05
2025-12-24 02:00:00,0.0,6.790792076033179e-05
2025-12-24 03:00:00,0.0,6.790792076033179e-05
2025-12-24 04:00:00,0.0,6.790792076033179e-05
2025-12-24 05:00:00,0.0,6.790792076033179e-05
2025-12-24 06:00:00,0.0,6.790792076033179e-05
2025-12-24 07:00:00,0.0,7.248009936197278e-05
2025-12-24 08:00:00,0.0,7.170147036024511e-05
2025-12-24 09:00:00,0.0,6.208756127175977e-05
2025-12-24 10:00:00,0.0,6.034083189144268e-05
2025-12-24 11:00:00,0.0,6.034083189144268e-05
2025-12-24 12:00:00,0.0,5.7246549959576076e-05
2025-12-24 13:00:00,0.0,5.7246549959576076e-05
2025-12-24 14:00:00,0.0,5.7246549959576076e-05
2025-12-24 15:00:00,0.0,5.7246549959576076e-05
2025-12-24 16:00:00,0.0,5.673008772587693e-05
2025-12-24 17:00:00,0.0,5.673008772587693e-05
2025-12-24 18:00:00,0.0,5.673008772587693e-05
2025-12-24 19:00:00,0.0,5.673008772587693e-05
2025-12-24 20:00:00,0.0,5.62778285569064e-05
2025-12-24 21:00:00,0.0,5.709786077245771e-05
2025-12-24 22:00:00,0.0,5.673008772587693e-05
2025-12-24 23:00:00,0.0,0.000909285934143367
2025-12-25 00:00:00,0.0,4.416952848133672e-05
2025-12-25 01:00:00,0.0,7.023780890530484e-05
2025-12-25 02:00:00,0.0,7.023780890530484e-05
2025-12-25 03:00:00,0.0,7.060558195188561e-05
2025-12-25 04:00:00,0.0,7.362521745227044e-05
2025-12-25 05:00:00,0.0,7.505126390261837e-05
2025-12-25 06:00:00,0.0,7.202784019300226e-05
2025-12-25 07:00:00,0.0,0.0025731488903008985
2025-12-25 08:00:00,0.0,0.0017453248037024467
2025-12-25 09:00:00,0.0,0.019153611631835446
2025-12-25 10:00:00,0.0,0.011594186060777546
2025-12-25 11:00:00,0.0,0.018683063703011326
2025-12-25 12:00:00,0.0,0.00028098992066076533
2025-12-25 13:00:00,0.0,0.0004686517427993127
2025-12-25 14:00:00,0.0,0.00022201217411507325
2025-12-25 15:00:00,0.0,0.00017549663253010655
2025-12-25 16:00:00,0.0,0.004292000292419904
2025-12-25 17:00:00,0.0,0.008957110318562372
2025-12-25 18:00:00,0.0,0.1321069383692432
2025-12-25 19:00:00,0.0,0.06741349363676265
2025-12-25 20:00:00,0.0,0.0759062408905036
2025-12-25 21:00:00,0.0,0.07208235984808664
2025-12-25 22:00:00,0.0,0.07196396140219394
2025-12-25 23:00:00,0.0,0.1358784454156352
2025-12-26 00:00:00,0.0,0.010448009978043363
2025-12-26 01:00:00,0.0,0.01056263017134092
2025-12-26 02:00:00,0.0,0.05737946861884882
2025-12-26 03:00:00,0.0,0.07293696978092015
2025-12-26 04:00:00,0.0,0.1252281239244226
2025-12-26 05:00:00,0.0,0.011123203527555402
2025-12-26 06:00:00,0.0,0.02146246495940834
2025-12-26 07:00:00,0.0,0.02813770250238031
2025-12-26 08:00:00,0.0,0.028026078745389916
2025-12-26 09:00:00,0.0,0.018140169817267765
2025-12-26 10:00:00,0.0,0.0501820098266928
2025-12-26 11:00:00,0.0,0.12752783965698766
2025-12-26 12:00:00,0.0,0.1209751596285288
2025-12-26 13:00:00,0.0,0.10011876196743369
2025-12-26 14:00:00,0.0,0.0005808580273335532
2025-12-26 15:00:00,0.0,0.07124731826796786
2025-12-26 16:00:00,0.0,0.06761908798905196
2025-12-26 17:00:00,0.0,0.1543320045851955
2025-12-26 18:00:00,0.0,0.23935791812921295
2025-12-26 19:00:00,0.0,0.03356720122161083
2025-12-26 20:00:00,0.0,0.10037106491924859
2025-12-26 21:00:00,0.0,6.699483778631984e-05
2025-12-26 22:00:00,0.0,0.00442287053072035
2025-12-26 23:00:00,0.0,0.025605820935014414
2025-12-27 00:00:00,0.0,0.0029361837383598288
2025-12-27 01:00:00,0.0,0.0036001968031084465
2025-12-27 02:00:00,0.0,0.0031434131003561377
2025-12-27 03:00:00,0.0,0.00015013360950135417
2025-12-27 04:00:00,0.0,0.00015013360950135417
2025-12-27 05:00:00,0.0,0.009514620004083086
2025-12-27 06:00:00,0.0,0.026665924665767567
2025-12-27 07:00:00,0.0,0.0037464213340947634
2025-12-27 08:00:00,0.0,0.016996105482827272
2025-12-27 09:00:00,0.0,0.05407993128052232
2025-12-27 10:00:00,0.0,0.04488530355764235
2025-12-27 11:00:00,0.0,0.08639729358227755
2025-12-27 12:00:00,0.0,0.07691815849908107
2025-12-27 13:00:00,0.0,0.11851066443238999
2025-12-27 14:00:00,0.0,0.059990778464170336
2025-12-27 15:00:00,0.0,0.03250085736036422
2025-12-27 16:00:00,0.0,0.09750246945220696
2025-12-27 17:00:00,0.0,0.1825828483347383
2025-12-27 18:00:00,0.0,0.13581844587929331
2025-12-27 19:00:00,0.0,0.015709745810047696
2025-12-27 20:00:00,0.0,0.006508052808896582
2025-12-27 21:00:00,0.0,0.07995430233884049
2025-12-27 22:00:00,0.0,0.004187741653749467
2025-12-27 23:00:00,0.0,0.09226836055307132
2025-12-28 00:00:00,0.0,0.17998951155894988
2025-12-28 01:00:00,0.0,0.002777703364648074
2025-12-28 02:00:00,0.0,0.21370560279424325
2025-12-28 03:00:00,0.0,0.004197592389905955
2025-12-28 04:00:00,0.0,0.004949303762958791
2025-12-28 05:00:00,0.0,0.055522998810271486
2025-12-28 06:00:00,0.0,0.002777678625490421
2025-12-28 07:00:00,0.0,0.00511365079600799
2025-12-28 08:00:00,0.0,0.003089565484621075
2025-12-28 09:00:00,0.0,0.01340609277014208
2025-12-28 10:00:00,0.0,0.035677587591623004
2025-12-28 11:00:00,0.0,0.07023106185587234
2025-12-28 12:00:00,0.0,0.1419013058855685
2025-12-28 13:00:00,0.0,0.0391220121126899
2025-12-28 14:00:00,0.0,0.006019115390013273
2025-12-28 15:00:00,0.0,0.02428458536056949
2025-12-28 16:00:00,0.0,0.04024567716282406
2025-12-28 17:00:00,0.0,0.11612840630919084
2025-12-28 18:00:00,0.0,0.10193226492204219
2025-12-28 19:00:00,0.0,0.020245597589521592
2025-12-28 20:00:00,0.0,0.017261532516043145
2025-12-28 21:00:00,0.0,0.10198541756277658
2025-12-28 22:00:00,0.0,0.030111781044425204
2025-12-28 23:00:00,0.0,0.09479056470572807
2025-12-29 00:00:00,0.0,0.202136107501905
2025-12-29 01:00:00,0.0,0.058919040992566625
2025-12-29 02:00:00,0.0,0.05625368926645426
2025-12-29 03:00:00,0.0,0.07451437339331951
2025-12-29 04:00:00,0.0,0.05801291987472717
2025-12-29 05:00:00,0.0,0.0730293962123542
2025-12-29 06:00:00,0.0,0.014344058157464036
2025-12-29 07:00:00,0.0,0.05576425982031124
2025-12-29 08:00:00,0.0,0.032229141937257004
2025-12-29 09:00:00,0.0,0.026400396327810986
2025-12-29 10:00:00,0.0,0.020033622543841393
2025-12-29 11:00:00,0.0,0.32280965013305823
2025-12-29 12:00:00,0.0,0.10707904860376237
2025-12-29 13:00:00,0.0,0.1999369547034371
2025-12-29 14:00:00,0.0,0.0713844710999561
2025-12-29 15:00:00,0.0,0.04486854973132098
2025-12-29 16:00:00,0.0,0.0019450244048685532
2025-12-29 17:00:00,0.0,0.006424080925078665
2025-12-29 18:00:00,0.0,0.040704827400490175
2025-12-29 19:00:00,0.0,0.008713373671035727
2025-12-29 20:00:00,0.0,0.04530983917676079
2025-12-29 21:00:00,0.0,0.043679218174425306
2025-12-29 22:00:00,0.0,0.25130059683407174
2025-12-29 23:00:00,0.0,0.2775515098336391
2025-12-30 00:00:00,0.0,0.048764141760213355
2025-12-30 01:00:00,0.0,0.03779993531893394
2025-12-30 02:00:00,0.0,0.0066355024141725
2025-12-30 03:00:00,0.0,0.03904952055149059
2025-12-30 04:00:00,0.0,0.007300221904884806
2025-12-30 05:00:00,0.0,0.03979270768150172
2025-12-30 06:00:00,0.0,0.004915017925264906
2025-12-30 07:00:00,0.0,0.04625574005575005
2025-12-30 08:00:00,0.0,0.0035869957631646473
2025-12-30 09:00:00,0.0,0.006745921789930098
2025-12-30 10:00:00,0.0,0.05148818367253968
2025-12-30 11:00:00,0.0,0.39908296063582976
2025-12-30 12:00:00,0.0,0.18254994115054585
2025-12-30 13:00:00,0.0,0.12113356441558397
2025-12-30 14:00:00,0.0,0.048492493170697225
2025-12-30 15:00:00,0.0,0.11720487412307778
2025-12-30 16:00:00,0.0,0.10698510152112962
2025-12-30 17:00:00,0.0,0.022492366497900516
2025-12-30 18:00:00,0.0,0.001861257815251592
2025-12-30 19:00:00,0.0,0.004240584120118866
2025-12-30 20:00:00,0.0,0.003109773582762131
2025-12-30 21:00:00,0.0,0.004643106916095455
2025-12-30 22:00:00,0.0,0.003040793535939896
2025-12-30 23:00:00,0.0,0.23423863790580746
2025-12-31 00:00:00,0.0,0.11918334293157784
2025-12-31 01:00:00,0.0,0.14408624042044474
2025-12-31 02:00:00,0.0,0.09815664716269315
2025-12-31 03:00:00,0.0,0.09808032584137184
2025-12-31 04:00:00,0.0,0.09979499429864898
2025-12-31 05:00:00,0.0,0.09466256186621659
2025-12-31 06:00:00,0.0,0.0335858148960066
2025-12-31 07:00:00,0.0,0.00946422658911409
2025-12-31 08:00:00,0.0,0.01052708751793558
2025-12-31 09:00:00,0.0,0.029772685939910316
2025-12-31 10:00:00,0.0,0.07171843823605019
2025-12-31 11:00:00,0.0,0.08344156651055874
2025-12-31 12:00:00,0.0,0.10003235991902645
2025-12-31 13:00:00,0.0,0.22081915418153372
2025-12-31 14:00:00,0.0,0.2083167547237848
2025-12-31 15:00:00,0.0,0.24813627130251223
2025-12-31 16:00:00,0.0,0.30017274489024665
2025-12-31 17:00:00,0.0,0.1930021289356758
